banc_888_id,super_class,cell_class,cell_type,side,nerve,body_part_effector,body_part_sensory,cell_function_detailed,peripheral_target_type,proofread,roughly_proofread,namespace,candidate_model_leg,candidate_observation_channel,mapping_status,actuator_sign,force_gain,enabled_for_control
720575941350444592,motor,leg_motor_neuron,trochanter_flexor_MesoALN_posterior_soma,right,right_mesothoracic_leg_nerve,middle_leg,,flex_coxa_trochanter_joint,trochanter_flexor_muscle,TRUE,FALSE,BANC_v888,RM,femurElevation,reduced_joint_candidate,,,False
720575941353301552,motor,leg_motor_neuron,sternal_posterior_rotator_miller_32,right,right_prothoracic_accessory_nerve,front_leg,,move_coxa_posterior,sternal_posterior_rotator_muscle,TRUE,FALSE,BANC_v888,RF,coxaAzimuth,axis_calibration_required,,,False
720575941391252886,motor,leg_motor_neuron,trochanter_flexor_posterior_soma_ProAN,right,right_prothoracic_accessory_nerve,front_leg,,flex_coxa_trochanter_joint,trochanter_flexor_muscle,TRUE,FALSE,BANC_v888,RF,femurElevation,reduced_joint_candidate,,,False
720575941399414563,motor,leg_motor_neuron,trochanter_flexor_ProAN,right,right_prothoracic_accessory_nerve,front_leg,,flex_coxa_trochanter_joint,trochanter_flexor_muscle,TRUE,FALSE,BANC_v888,RF,femurElevation,reduced_joint_candidate,,,False
720575941402088304,motor,leg_motor_neuron,sternal_posterior_rotator,left,left_prothoracic_accessory_nerve,front_leg,,move_coxa_posterior,sternal_posterior_rotator_muscle,TRUE,FALSE,BANC_v888,LF,coxaAzimuth,axis_calibration_required,,,False
720575941404729712,motor,leg_motor_neuron,trochanter_flexor_MesoAN,right,right_mesothoracic_leg_nerve,middle_leg,,flex_coxa_trochanter_joint,trochanter_flexor_muscle,TRUE,FALSE,BANC_v888,RM,femurElevation,reduced_joint_candidate,,,False
720575941406488494,motor,leg_motor_neuron,accessory_tibia_flexor_A,left,left_prothoracic_leg_nerve,front_leg,,flex_femur_tibia_joint,accessory_tibia_flexor_muscle,TRUE,FALSE,BANC_v888,LF,femurTibia,geometric_joint_candidate,,,False
720575941408338862,motor,leg_motor_neuron,tergotrochanter_extensor,left,left_ventral_prothoracic_nerve,front_leg,,extend_coxa_trochanter_joint,tergotrochanter_extensor_muscle,TRUE,FALSE,BANC_v888,LF,femurElevation,reduced_joint_candidate,,,False
720575941409035691,motor,leg_motor_neuron,accessory_tibia_flexor_A,left,left_metathoracic_leg_nerve,hind_leg,,flex_femur_tibia_joint,accessory_tibia_flexor_muscle,TRUE,FALSE,BANC_v888,LH,femurTibia,geometric_joint_candidate,,,False
720575941409042603,motor,leg_motor_neuron,tarsus_depressor_dipalpha_ventralU,left,left_mesothoracic_leg_nerve,middle_leg,,extend_tibia_tarsus_joint,tarsus_depressor_muscle,TRUE,FALSE,BANC_v888,LM,tibiaTarsus,geometric_joint_candidate,,,False
720575941410034859,motor,leg_motor_neuron,accessory_tibia_flexor_A,right,right_metathoracic_leg_nerve,hind_leg,,flex_femur_tibia_joint,accessory_tibia_flexor_muscle,TRUE,FALSE,BANC_v888,RH,femurTibia,geometric_joint_candidate,,,False
720575941411709073,motor,leg_motor_neuron,trochanter_extensor_LinJ,right,right_prothoracic_leg_nerve,front_leg,,extend_coxa_trochanter_joint,trochanter_extensor_muscle,TRUE,FALSE,BANC_v888,RF,femurElevation,reduced_joint_candidate,,,False
720575941411838612,motor,leg_motor_neuron,long_tendon_muscle_B,left,left_prothoracic_leg_nerve,front_leg,,pull_long_tendon,long_tendon_muscle,TRUE,FALSE,BANC_v888,LF,,tendon_model_missing,,,False
720575941414478484,motor,leg_motor_neuron,femur_reductor_dorsomedial_ribbon,left,left_metathoracic_leg_nerve,hind_leg,,unknown_leg_movement,femur_reductor_muscle,TRUE,FALSE,BANC_v888,LH,,function_unresolved,,,False
720575941415020572,motor,leg_motor_neuron,long_tendon_muscle_ltm_B,left,left_metathoracic_leg_nerve,hind_leg,,pull_long_tendon,long_tendon_muscle,TRUE,FALSE,BANC_v888,LH,,tendon_model_missing,,,False
720575941415175196,motor,leg_motor_neuron,femur_reductor_tiny,right,right_mesothoracic_leg_nerve,middle_leg,,unknown_leg_movement,femur_reductor_muscle,TRUE,FALSE,BANC_v888,RM,,function_unresolved,,,False
720575941425056084,motor,leg_motor_neuron,tarsus_depressor_B,right,right_mesothoracic_leg_nerve,middle_leg,,extend_tibia_tarsus_joint,tarsus_depressor_muscle,TRUE,FALSE,BANC_v888,RM,tibiaTarsus,geometric_joint_candidate,,,False
720575941428327160,motor,leg_motor_neuron,long_tendon_muscle_B,right,right_metathoracic_leg_nerve,hind_leg,,pull_long_tendon,long_tendon_muscle,TRUE,FALSE,BANC_v888,RH,,tendon_model_missing,,,False
720575941428654255,motor,leg_motor_neuron,tergopleural_promotor_pleural_promotor_miller_28_30,right,right_dorsal_prothoracic_nerve,front_leg,,move_coxa_anterior,tergopleural_promotor_muscle,TRUE,FALSE,BANC_v888,RF,coxaAzimuth,axis_calibration_required,,,False
720575941430029449,motor,leg_motor_neuron,accessory_tibia_flexor_B,right,right_prothoracic_leg_nerve,front_leg,,flex_femur_tibia_joint,accessory_tibia_flexor_muscle,TRUE,FALSE,BANC_v888,RF,femurTibia,geometric_joint_candidate,,,False
720575941431154647,motor,leg_motor_neuron,accessory_tibia_flexor_A,right,right_metathoracic_leg_nerve,hind_leg,,flex_femur_tibia_joint,accessory_tibia_flexor_muscle,TRUE,FALSE,BANC_v888,RH,femurTibia,geometric_joint_candidate,,,False
720575941431160824,motor,leg_motor_neuron,tibia_flexor,left,left_metathoracic_leg_nerve,hind_leg,,flex_femur_tibia_joint,tibia_flexor_muscle,TRUE,FALSE,BANC_v888,LH,femurTibia,geometric_joint_candidate,,,False
720575941431976718,motor,leg_motor_neuron,femur_reductor,right,right_metathoracic_leg_nerve,hind_leg,,unknown_leg_movement,femur_reductor_muscle,TRUE,FALSE,BANC_v888,RH,,function_unresolved,,,False
720575941432965902,motor,leg_motor_neuron,tibia_extensor_FETi,right,right_mesothoracic_leg_nerve,middle_leg,,extend_femur_tibia_joint,tibia_extensor_muscle,TRUE,FALSE,BANC_v888,RM,femurTibia,geometric_joint_candidate,,,False
720575941434753568,motor,leg_motor_neuron,tibia_flexor,right,right_mesothoracic_leg_nerve,middle_leg,,flex_femur_tibia_joint,tibia_flexor_muscle,TRUE,FALSE,BANC_v888,RM,femurTibia,geometric_joint_candidate,,,False
720575941435830546,motor,leg_motor_neuron,long_tendon_muscle_B,left,left_prothoracic_leg_nerve,front_leg,,pull_long_tendon,long_tendon_muscle,TRUE,FALSE,BANC_v888,LF,,tendon_model_missing,,,False
720575941435859232,motor,leg_motor_neuron,tarsus_depressor_B,left,left_metathoracic_leg_nerve,hind_leg,,extend_tibia_tarsus_joint,tarsus_depressor_muscle,TRUE,FALSE,BANC_v888,LH,tibiaTarsus,geometric_joint_candidate,,,False
720575941436891103,motor,leg_motor_neuron,tarsus_levator_D,right,right_mesothoracic_leg_nerve,middle_leg,,flex_tibia_tarsus_joint,tarsus_levator_muscle,TRUE,FALSE,BANC_v888,RM,tibiaTarsus,geometric_joint_candidate,,,False
720575941436960735,motor,leg_motor_neuron,accessory_tibia_flexor_B,right,right_mesothoracic_leg_nerve,middle_leg,,flex_femur_tibia_joint,accessory_tibia_flexor_muscle,TRUE,FALSE,BANC_v888,RM,femurTibia,geometric_joint_candidate,,,False
720575941438181205,motor,leg_motor_neuron,sternal_anterior_rotator_ventrolateral_ribbon,right,right_metathoracic_leg_nerve,hind_leg,,move_coxa_anterior,sternal_anterior_rotator_muscle,TRUE,FALSE,BANC_v888,RH,coxaAzimuth,axis_calibration_required,,,False
720575941439667986,motor,leg_motor_neuron,long_tendon_muscle_B_femur,right,right_prothoracic_leg_nerve,front_leg,,pull_long_tendon,long_tendon_muscle,TRUE,FALSE,BANC_v888,RF,,tendon_model_missing,,,False
720575941442381738,motor,leg_motor_neuron,sternotrochanter_extensor_MesoLN_dorsal_3,left,left_mesothoracic_leg_nerve,middle_leg,,extend_coxa_trochanter_joint,sternotrochanter_extensor_muscle,TRUE,FALSE,BANC_v888,LM,femurElevation,reduced_joint_candidate,,,False
720575941443907754,motor,leg_motor_neuron,trochanter_extensor_LinJ,left,left_mesothoracic_leg_nerve,middle_leg,,extend_coxa_trochanter_joint,trochanter_extensor_muscle,TRUE,FALSE,BANC_v888,LM,femurElevation,reduced_joint_candidate,,,False
720575941445324564,motor,leg_motor_neuron,accessory_trochanter_flexor_MetaLN,right,right_metathoracic_leg_nerve,hind_leg,,flex_coxa_trochanter_joint,accessory_trochanter_flexor_muscle,TRUE,FALSE,BANC_v888,RH,femurElevation,reduced_joint_candidate,,,False
720575941447103669,motor,leg_motor_neuron,long_tendon_muscle_B_femur,right,right_metathoracic_leg_nerve,hind_leg,,pull_long_tendon,long_tendon_muscle,TRUE,FALSE,BANC_v888,RH,,tendon_model_missing,,,False
720575941447844430,motor,leg_motor_neuron,accessory_tibia_flexor_B,left,left_mesothoracic_leg_nerve,middle_leg,,flex_femur_tibia_joint,accessory_tibia_flexor_muscle,TRUE,FALSE,BANC_v888,LM,femurTibia,geometric_joint_candidate,,,False
720575941447846990,motor,leg_motor_neuron,accessory_tibia_flexor_A,right,right_prothoracic_leg_nerve,front_leg,,flex_femur_tibia_joint,accessory_tibia_flexor_muscle,TRUE,FALSE,BANC_v888,RF,femurTibia,geometric_joint_candidate,,,False
720575941448798133,motor,leg_motor_neuron,femur_reductor,right,right_prothoracic_leg_nerve,front_leg,,unknown_leg_movement,femur_reductor_muscle,TRUE,FALSE,BANC_v888,RF,,function_unresolved,,,False
720575941450546857,motor,leg_motor_neuron,accessory_tibia_flexor_A,left,left_prothoracic_leg_nerve,front_leg,,flex_femur_tibia_joint,accessory_tibia_flexor_muscle,TRUE,FALSE,BANC_v888,LF,femurTibia,geometric_joint_candidate,,,False
720575941450561358,motor,leg_motor_neuron,trochanter_flexor_ProAN,right,right_prothoracic_accessory_nerve,front_leg,,flex_coxa_trochanter_joint,trochanter_flexor_muscle,TRUE,FALSE,BANC_v888,RF,femurElevation,reduced_joint_candidate,,,False
720575941451737978,motor,leg_motor_neuron,accessory_tibia_flexor_A_out_of_bundle,left,left_metathoracic_leg_nerve,hind_leg,,flex_femur_tibia_joint,accessory_tibia_flexor_muscle,TRUE,FALSE,BANC_v888,LH,femurTibia,geometric_joint_candidate,,,False
720575941451840425,motor,leg_motor_neuron,trochanter_flexor_ventrolateral_ribbon,right,right_metathoracic_leg_nerve,hind_leg,,flex_coxa_trochanter_joint,trochanter_flexor_muscle,TRUE,FALSE,BANC_v888,RH,femurElevation,reduced_joint_candidate,,,False
720575941452885043,motor,leg_motor_neuron,accessory_tibia_flexor_B,right,right_prothoracic_leg_nerve,front_leg,,flex_femur_tibia_joint,accessory_tibia_flexor_muscle,TRUE,FALSE,BANC_v888,RF,femurTibia,geometric_joint_candidate,,,False
720575941454080237,motor,leg_motor_neuron,long_tendon_muscle_A_dipalpha,right,right_mesothoracic_leg_nerve,middle_leg,,pull_long_tendon,long_tendon_muscle,TRUE,FALSE,BANC_v888,RM,,tendon_model_missing,,,False
720575941454495145,motor,leg_motor_neuron,femur_reductor_dorsomedial_ribbon,left,left_metathoracic_leg_nerve,hind_leg,,unknown_leg_movement,femur_reductor_muscle,TRUE,FALSE,BANC_v888,LH,,function_unresolved,,,False
720575941454830131,motor,leg_motor_neuron,accessory_tibia_flexor_A,left,left_metathoracic_leg_nerve,hind_leg,,flex_femur_tibia_joint,accessory_tibia_flexor_muscle,TRUE,FALSE,BANC_v888,LH,femurTibia,geometric_joint_candidate,,,False
720575941455787245,motor,leg_motor_neuron,sternal_anterior_rotator,left,left_ventral_prothoracic_nerve,front_leg,,move_coxa_anterior,sternal_anterior_rotator_muscle,TRUE,FALSE,BANC_v888,LF,coxaAzimuth,axis_calibration_required,,,False
720575941458992031,motor,leg_motor_neuron,trochanter_extensor,left,left_metathoracic_leg_nerve,hind_leg,,extend_coxa_trochanter_joint,trochanter_extensor_muscle,TRUE,FALSE,BANC_v888,LH,femurElevation,reduced_joint_candidate,,,False
720575941459422623,motor,leg_motor_neuron,tibia_flexor_Fast,left,left_mesothoracic_leg_nerve,middle_leg,,flex_femur_tibia_joint,tibia_flexor_muscle,TRUE,FALSE,BANC_v888,LM,femurTibia,geometric_joint_candidate,,,False
720575941459438224,motor,leg_motor_neuron,accessory_trochanter_flexor,right,right_mesothoracic_leg_nerve,middle_leg,,flex_coxa_trochanter_joint,accessory_trochanter_flexor_muscle,TRUE,FALSE,BANC_v888,RM,femurElevation,reduced_joint_candidate,,,False
720575941460703245,motor,leg_motor_neuron,femur_reductor,left,left_prothoracic_leg_nerve,front_leg,,unknown_leg_movement,femur_reductor_muscle,TRUE,FALSE,BANC_v888,LF,,function_unresolved,,,False
720575941461179859,motor,leg_motor_neuron,sternotrochanter_extensor_ventrolateral_ribbon,left,left_metathoracic_leg_nerve,hind_leg,,extend_coxa_trochanter_joint,sternotrochanter_extensor_muscle,TRUE,FALSE,BANC_v888,LH,femurElevation,reduced_joint_candidate,,,False
720575941461333648,motor,leg_motor_neuron,tergotrochanter_extensor,left,left_ventral_prothoracic_nerve,front_leg,,extend_coxa_trochanter_joint,tergotrochanter_extensor_muscle,TRUE,FALSE,BANC_v888,LF,femurElevation,reduced_joint_candidate,,,False
720575941461624845,motor,leg_motor_neuron,long_tendon_muscle_ltm_B,left,left_metathoracic_leg_nerve,hind_leg,,pull_long_tendon,long_tendon_muscle,TRUE,FALSE,BANC_v888,LH,,tendon_model_missing,,,False
720575941462096528,motor,leg_motor_neuron,accessory_tibia_flexor_B,left,left_mesothoracic_leg_nerve,middle_leg,,flex_femur_tibia_joint,accessory_tibia_flexor_muscle,TRUE,FALSE,BANC_v888,LM,femurTibia,geometric_joint_candidate,,,False
720575941463793552,motor,leg_motor_neuron,accessory_tibia_flexor_C,right,right_metathoracic_leg_nerve,hind_leg,,flex_femur_tibia_joint,accessory_tibia_flexor_muscle,TRUE,FALSE,BANC_v888,RH,femurTibia,geometric_joint_candidate,,,False
720575941464194902,motor,leg_motor_neuron,accessory_tibia_flexor_B,left,left_prothoracic_leg_nerve,front_leg,,flex_femur_tibia_joint,accessory_tibia_flexor_muscle,TRUE,FALSE,BANC_v888,LF,femurTibia,geometric_joint_candidate,,,False
720575941464925462,motor,leg_motor_neuron,long_tendon_muscle_B,left,left_prothoracic_leg_nerve,front_leg,,pull_long_tendon,long_tendon_muscle,TRUE,FALSE,BANC_v888,LF,,tendon_model_missing,,,False
720575941468687581,motor,leg_motor_neuron,tibia_extensor_FETi,left,left_mesothoracic_leg_nerve,middle_leg,,extend_femur_tibia_joint,tibia_extensor_muscle,TRUE,FALSE,BANC_v888,LM,femurTibia,geometric_joint_candidate,,,False
720575941468774667,motor,leg_motor_neuron,trochanter_flexor_ventrolateral_ribbon,left,left_metathoracic_leg_nerve,hind_leg,,flex_coxa_trochanter_joint,trochanter_flexor_muscle,TRUE,FALSE,BANC_v888,LH,femurElevation,reduced_joint_candidate,,,False
720575941469045111,motor,leg_motor_neuron,accessory_tibia_flexor_B,right,right_prothoracic_leg_nerve,front_leg,,flex_femur_tibia_joint,accessory_tibia_flexor_muscle,TRUE,FALSE,BANC_v888,RF,femurTibia,geometric_joint_candidate,,,False
720575941469052535,motor,leg_motor_neuron,femur_reductor,left,left_prothoracic_leg_nerve,front_leg,,unknown_leg_movement,femur_reductor_muscle,TRUE,FALSE,BANC_v888,LF,,function_unresolved,,,False
720575941470082423,motor,leg_motor_neuron,sternotrochanter_extensor_MesoLN_dorsal_3,right,right_mesothoracic_leg_nerve,middle_leg,,extend_coxa_trochanter_joint,sternotrochanter_extensor_muscle,TRUE,FALSE,BANC_v888,RM,femurElevation,reduced_joint_candidate,,,False
720575941470212471,motor,leg_motor_neuron,tibia_extensor_FETi,right,right_metathoracic_leg_nerve,hind_leg,,extend_femur_tibia_joint,tibia_extensor_muscle,TRUE,FALSE,BANC_v888,RH,femurTibia,geometric_joint_candidate,,,False
720575941470371851,motor,leg_motor_neuron,femur_reductor,left,left_mesothoracic_leg_nerve,middle_leg,,unknown_leg_movement,femur_reductor_muscle,TRUE,FALSE,BANC_v888,LM,,function_unresolved,,,False
720575941471300448,motor,leg_motor_neuron,femur_reductor,left,left_mesothoracic_leg_nerve,middle_leg,,unknown_leg_movement,femur_reductor_muscle,TRUE,FALSE,BANC_v888,LM,,function_unresolved,,,False
720575941471300960,motor,leg_motor_neuron,trochanter_flexor_MesoLN_ventral_3,left,left_mesothoracic_leg_nerve,middle_leg,,flex_coxa_trochanter_joint,trochanter_flexor_muscle,TRUE,FALSE,BANC_v888,LM,femurElevation,reduced_joint_candidate,,,False
720575941471301728,motor,leg_motor_neuron,tergotrochanter_extensor_PDMN,left,left_posterior_dorsal_mesothoracic_nerve,middle_leg,,extend_coxa_trochanter_joint,tergotrochanter_extensor_muscle,TRUE,FALSE,BANC_v888,LM,femurElevation,reduced_joint_candidate,,,False
720575941471839296,motor,leg_motor_neuron,tibia_extensor_FETi,left,left_metathoracic_leg_nerve,hind_leg,,extend_femur_tibia_joint,tibia_extensor_muscle,TRUE,FALSE,BANC_v888,LH,femurTibia,geometric_joint_candidate,,,False
720575941474499377,motor,leg_motor_neuron,tibia_flexor,right,right_mesothoracic_leg_nerve,middle_leg,,flex_femur_tibia_joint,tibia_flexor_muscle,TRUE,FALSE,BANC_v888,RM,femurTibia,geometric_joint_candidate,,,False
720575941474769204,motor,leg_motor_neuron,tergotrochanter_extensor_PDMN,left,left_posterior_dorsal_mesothoracic_nerve,middle_leg,,extend_coxa_trochanter_joint,tergotrochanter_extensor_muscle,TRUE,FALSE,BANC_v888,LM,femurElevation,reduced_joint_candidate,,,False
720575941475791722,motor,leg_motor_neuron,long_tendon_muscle_A,right,right_metathoracic_leg_nerve,hind_leg,,pull_long_tendon,long_tendon_muscle,TRUE,FALSE,BANC_v888,RH,,tendon_model_missing,,,False
720575941476434996,motor,leg_motor_neuron,tergotrochanter_extensor_TT_PDMN,left,left_posterior_dorsal_mesothoracic_nerve,middle_leg,,extend_coxa_trochanter_joint,tergotrochanter_extensor_muscle,TRUE,FALSE,BANC_v888,LM,femurElevation,reduced_joint_candidate,,,False
720575941478122659,motor,leg_motor_neuron,tarsus_depressor_B,left,left_mesothoracic_leg_nerve,middle_leg,,extend_tibia_tarsus_joint,tarsus_depressor_muscle,TRUE,FALSE,BANC_v888,LM,tibiaTarsus,geometric_joint_candidate,,,False
720575941478187841,motor,leg_motor_neuron,tibia_extensor_SETi,right,right_mesothoracic_leg_nerve,middle_leg,,extend_femur_tibia_joint,tibia_extensor_muscle,TRUE,FALSE,BANC_v888,RM,femurTibia,geometric_joint_candidate,,,False
720575941478281440,motor,leg_motor_neuron,tergotrochanter_extensor,right,right_ventral_prothoracic_nerve,front_leg,,extend_coxa_trochanter_joint,tergotrochanter_extensor_muscle,TRUE,FALSE,BANC_v888,RF,femurElevation,reduced_joint_candidate,,,False
720575941478307380,motor,leg_motor_neuron,femur_reductor,right,right_mesothoracic_leg_nerve,middle_leg,,unknown_leg_movement,femur_reductor_muscle,TRUE,FALSE,BANC_v888,RM,,function_unresolved,,,False
720575941478577231,motor,leg_motor_neuron,tibia_extensor_SETi,left,left_prothoracic_leg_nerve,front_leg,,extend_femur_tibia_joint,tibia_extensor_muscle,TRUE,FALSE,BANC_v888,LF,femurTibia,geometric_joint_candidate,,,False
720575941479472258,motor,leg_motor_neuron,accessory_tibia_flexor_B,left,left_prothoracic_leg_nerve,front_leg,,flex_femur_tibia_joint,accessory_tibia_flexor_muscle,TRUE,FALSE,BANC_v888,LF,femurTibia,geometric_joint_candidate,,,False
720575941479728291,motor,leg_motor_neuron,tarsus_depressor_A,left,left_metathoracic_leg_nerve,hind_leg,,extend_tibia_tarsus_joint,tarsus_depressor_muscle,TRUE,FALSE,BANC_v888,LH,tibiaTarsus,geometric_joint_candidate,,,False
720575941479987619,motor,leg_motor_neuron,long_tendon_muscle_B_femur,right,right_mesothoracic_leg_nerve,middle_leg,,pull_long_tendon,long_tendon_muscle,TRUE,FALSE,BANC_v888,RM,,tendon_model_missing,,,False
720575941480138976,motor,leg_motor_neuron,sternal_anterior_rotator_MesoLN_ventral_2,right,right_mesothoracic_leg_nerve,middle_leg,,move_coxa_anterior,sternal_anterior_rotator_muscle,TRUE,FALSE,BANC_v888,RM,coxaAzimuth,axis_calibration_required,,,False
720575941480482755,motor,leg_motor_neuron,tarsus_depressor_B,left,left_metathoracic_leg_nerve,hind_leg,,extend_tibia_tarsus_joint,tarsus_depressor_muscle,TRUE,FALSE,BANC_v888,LH,tibiaTarsus,geometric_joint_candidate,,,False
720575941481071802,motor,leg_motor_neuron,tarsus_levator_D,right,right_mesothoracic_leg_nerve,middle_leg,,flex_tibia_tarsus_joint,tarsus_levator_muscle,TRUE,FALSE,BANC_v888,RM,tibiaTarsus,geometric_joint_candidate,,,False
720575941481179066,motor,leg_motor_neuron,tibia_flexor_Fast,left,left_prothoracic_leg_nerve,front_leg,,flex_femur_tibia_joint,tibia_flexor_muscle,TRUE,FALSE,BANC_v888,LF,femurTibia,geometric_joint_candidate,,,False
720575941481583814,motor,leg_motor_neuron,accessory_trochanter_flexor,left,left_mesothoracic_leg_nerve,middle_leg,,flex_coxa_trochanter_joint,accessory_trochanter_flexor_muscle,TRUE,FALSE,BANC_v888,LM,femurElevation,reduced_joint_candidate,,,False
720575941481621501,motor,leg_motor_neuron,sternal_posterior_rotator_dorsomedial_ribbon,right,right_metathoracic_leg_nerve,hind_leg,,move_coxa_posterior,sternal_posterior_rotator_muscle,TRUE,FALSE,BANC_v888,RH,coxaAzimuth,axis_calibration_required,,,False
720575941481634383,motor,leg_motor_neuron,sternotrochanter_extensor_ventrolateral_ribbon,left,left_metathoracic_leg_nerve,hind_leg,,extend_coxa_trochanter_joint,sternotrochanter_extensor_muscle,TRUE,FALSE,BANC_v888,LH,femurElevation,reduced_joint_candidate,,,False
720575941482859718,motor,leg_motor_neuron,tarsus_depressor_B,left,left_metathoracic_leg_nerve,hind_leg,,extend_tibia_tarsus_joint,tarsus_depressor_muscle,TRUE,FALSE,BANC_v888,LH,tibiaTarsus,geometric_joint_candidate,,,False
720575941483515389,motor,leg_motor_neuron,trochanter_extensor_LinJ,left,left_prothoracic_leg_nerve,front_leg,,extend_coxa_trochanter_joint,trochanter_extensor_muscle,TRUE,FALSE,BANC_v888,LF,femurElevation,reduced_joint_candidate,,,False
720575941483728326,motor,leg_motor_neuron,femur_reductor,left,left_mesothoracic_leg_nerve,middle_leg,,unknown_leg_movement,femur_reductor_muscle,TRUE,FALSE,BANC_v888,LM,,function_unresolved,,,False
720575941483752077,motor,leg_motor_neuron,long_tendon_muscle_A,left,left_metathoracic_leg_nerve,hind_leg,,pull_long_tendon,long_tendon_muscle,TRUE,FALSE,BANC_v888,LH,,tendon_model_missing,,,False
720575941484865346,motor,leg_motor_neuron,accessory_tibia_flexor_B,left,left_metathoracic_leg_nerve,hind_leg,,flex_femur_tibia_joint,accessory_tibia_flexor_muscle,TRUE,FALSE,BANC_v888,LH,femurTibia,geometric_joint_candidate,,,False
720575941485233616,motor,leg_motor_neuron,tarsus_depressor_B,right,right_mesothoracic_leg_nerve,middle_leg,,extend_tibia_tarsus_joint,tarsus_depressor_muscle,TRUE,FALSE,BANC_v888,RM,tibiaTarsus,geometric_joint_candidate,,,False
720575941486064962,motor,leg_motor_neuron,femur_reductor,left,left_prothoracic_leg_nerve,front_leg,,unknown_leg_movement,femur_reductor_muscle,TRUE,FALSE,BANC_v888,LF,,function_unresolved,,,False
720575941486583046,motor,leg_motor_neuron,long_tendon_muscle_B,right,right_metathoracic_leg_nerve,hind_leg,,pull_long_tendon,long_tendon_muscle,TRUE,FALSE,BANC_v888,RH,,tendon_model_missing,,,False
720575941487732432,motor,leg_motor_neuron,accessory_tibia_flexor_B,left,left_metathoracic_leg_nerve,hind_leg,,flex_femur_tibia_joint,accessory_tibia_flexor_muscle,TRUE,FALSE,BANC_v888,LH,femurTibia,geometric_joint_candidate,,,False
720575941487752144,motor,leg_motor_neuron,tibia_flexor,left,left_metathoracic_leg_nerve,hind_leg,,flex_femur_tibia_joint,tibia_flexor_muscle,TRUE,FALSE,BANC_v888,LH,femurTibia,geometric_joint_candidate,,,False
720575941488203209,motor,leg_motor_neuron,long_tendon_muscle_B,right,right_prothoracic_leg_nerve,front_leg,,pull_long_tendon,long_tendon_muscle,TRUE,FALSE,BANC_v888,RF,,tendon_model_missing,,,False
720575941488205769,motor,leg_motor_neuron,tibia_flexor,left,left_prothoracic_leg_nerve,front_leg,,flex_femur_tibia_joint,tibia_flexor_muscle,TRUE,FALSE,BANC_v888,LF,femurTibia,geometric_joint_candidate,,,False
720575941488287797,motor,leg_motor_neuron,tibia_extensor_FETi,right,right_prothoracic_leg_nerve,front_leg,,extend_femur_tibia_joint,tibia_extensor_muscle,TRUE,FALSE,BANC_v888,RF,femurTibia,geometric_joint_candidate,,,False
720575941488644300,motor,leg_motor_neuron,sternotrochanter_extensor_dorsomedial_ribbon,right,right_metathoracic_leg_nerve,hind_leg,,extend_coxa_trochanter_joint,sternotrochanter_extensor_muscle,TRUE,FALSE,BANC_v888,RH,femurElevation,reduced_joint_candidate,,,False
720575941489123047,motor,leg_motor_neuron,long_tendon_muscle_B,left,left_prothoracic_leg_nerve,front_leg,,pull_long_tendon,long_tendon_muscle,TRUE,FALSE,BANC_v888,LF,,tendon_model_missing,,,False
720575941489684937,motor,leg_motor_neuron,long_tendon_muscle_A,right,right_metathoracic_leg_nerve,hind_leg,,pull_long_tendon,long_tendon_muscle,TRUE,FALSE,BANC_v888,RH,,tendon_model_missing,,,False
720575941491272393,motor,leg_motor_neuron,trochanter_flexor_ventrolateral_ribbon,left,left_metathoracic_leg_nerve,hind_leg,,flex_coxa_trochanter_joint,trochanter_flexor_muscle,TRUE,FALSE,BANC_v888,LH,femurElevation,reduced_joint_candidate,,,False
720575941491293415,motor,leg_motor_neuron,sternal_posterior_rotator_MesoLN_dorsal_5,right,right_mesothoracic_leg_nerve,middle_leg,,move_coxa_posterior,sternal_posterior_rotator_muscle,TRUE,FALSE,BANC_v888,RM,coxaAzimuth,axis_calibration_required,,,False
720575941491494606,motor,leg_motor_neuron,long_tendon_muscle_A_dipalpha,left,left_mesothoracic_leg_nerve,middle_leg,,pull_long_tendon,long_tendon_muscle,TRUE,FALSE,BANC_v888,LM,,tendon_model_missing,,,False
720575941493231536,motor,leg_motor_neuron,tibia_extensor_SETi,left,left_metathoracic_leg_nerve,hind_leg,,extend_femur_tibia_joint,tibia_extensor_muscle,TRUE,FALSE,BANC_v888,LH,femurTibia,geometric_joint_candidate,,,False
720575941494146176,motor,leg_motor_neuron,accessory_tibia_flexor_B,right,right_prothoracic_leg_nerve,front_leg,,flex_femur_tibia_joint,accessory_tibia_flexor_muscle,TRUE,FALSE,BANC_v888,RF,femurTibia,geometric_joint_candidate,,,False
720575941494164864,motor,leg_motor_neuron,pleural_remotor_and_abductor,left,left_prothoracic_accessory_nerve,front_leg,,move_coxa_posterior_lateral,pleural_remotor_and_abductor_muscle,TRUE,FALSE,BANC_v888,LF,coxaAzimuth,axis_calibration_required,,,False
720575941494740094,motor,leg_motor_neuron,sternal_anterior_rotator_ventrolateral_ribbon,left,left_metathoracic_leg_nerve,hind_leg,,move_coxa_anterior,sternal_anterior_rotator_muscle,TRUE,FALSE,BANC_v888,LH,coxaAzimuth,axis_calibration_required,,,False
720575941494963582,motor,leg_motor_neuron,femur_reductor,left,left_mesothoracic_leg_nerve,middle_leg,,unknown_leg_movement,femur_reductor_muscle,TRUE,FALSE,BANC_v888,LM,,function_unresolved,,,False
720575941496126793,motor,leg_motor_neuron,tarsus_depressor_B,right,right_prothoracic_leg_nerve,front_leg,,extend_tibia_tarsus_joint,tarsus_depressor_muscle,TRUE,FALSE,BANC_v888,RF,tibiaTarsus,geometric_joint_candidate,,,False
720575941496149473,motor,leg_motor_neuron,accessory_tibia_flexor_B,right,right_metathoracic_leg_nerve,hind_leg,,flex_femur_tibia_joint,accessory_tibia_flexor_muscle,TRUE,FALSE,BANC_v888,RH,femurTibia,geometric_joint_candidate,,,False
720575941496173947,motor,leg_motor_neuron,long_tendon_muscle_ltm_B,left,left_metathoracic_leg_nerve,hind_leg,,pull_long_tendon,long_tendon_muscle,TRUE,FALSE,BANC_v888,LH,,tendon_model_missing,,,False
720575941497037218,motor,leg_motor_neuron,accessory_trochanter_flexor,left,left_metathoracic_leg_nerve,hind_leg,,flex_coxa_trochanter_joint,accessory_trochanter_flexor_muscle,TRUE,FALSE,BANC_v888,LH,femurElevation,reduced_joint_candidate,,,False
720575941497568199,motor,leg_motor_neuron,tibia_flexor,left,left_prothoracic_leg_nerve,front_leg,,flex_femur_tibia_joint,tibia_flexor_muscle,TRUE,FALSE,BANC_v888,LF,femurTibia,geometric_joint_candidate,,,False
720575941497863497,motor,leg_motor_neuron,tibia_extensor_SETi,left,left_mesothoracic_leg_nerve,middle_leg,,extend_femur_tibia_joint,tibia_extensor_muscle,TRUE,FALSE,BANC_v888,LM,femurTibia,geometric_joint_candidate,,,False
720575941497881417,motor,leg_motor_neuron,tibia_flexor,left,left_mesothoracic_leg_nerve,middle_leg,,flex_femur_tibia_joint,tibia_flexor_muscle,TRUE,FALSE,BANC_v888,LM,femurTibia,geometric_joint_candidate,,,False
720575941498748489,motor,leg_motor_neuron,sternal_posterior_rotator_dorsomedial_ribbon,right,right_metathoracic_leg_nerve,hind_leg,,move_coxa_posterior,sternal_posterior_rotator_muscle,TRUE,FALSE,BANC_v888,RH,coxaAzimuth,axis_calibration_required,,,False
720575941498960546,motor,leg_motor_neuron,tergopleural_promotor_pleural_promotor,left,left_dorsal_prothoracic_nerve,front_leg,,move_coxa_anterior,tergopleural_promotor_muscle,TRUE,FALSE,BANC_v888,LF,coxaAzimuth,axis_calibration_required,,,False
720575941499865211,motor,leg_motor_neuron,accessory_tibia_flexor_C,left,left_metathoracic_leg_nerve,hind_leg,,flex_femur_tibia_joint,accessory_tibia_flexor_muscle,TRUE,FALSE,BANC_v888,LH,femurTibia,geometric_joint_candidate,,,False
720575941499964555,motor,leg_motor_neuron,sternal_adductor_ProAN,right,right_prothoracic_accessory_nerve,front_leg,,move_coxa_medial,sternal_adductor_muscle,TRUE,FALSE,BANC_v888,RF,coxaAzimuth,axis_calibration_required,,,False
720575941500579913,motor,leg_motor_neuron,tergotrochanter_extensor_TT,right,right_posterior_dorsal_mesothoracic_nerve,middle_leg,,extend_coxa_trochanter_joint,tergotrochanter_extensor_muscle,TRUE,FALSE,BANC_v888,RM,femurElevation,reduced_joint_candidate,,,False
720575941501921419,motor,leg_motor_neuron,tibia_flexor,left,left_mesothoracic_leg_nerve,middle_leg,,flex_femur_tibia_joint,tibia_flexor_muscle,TRUE,FALSE,BANC_v888,LM,femurTibia,geometric_joint_candidate,,,False
720575941501926706,motor,leg_motor_neuron,long_tendon_muscle_B,right,right_prothoracic_leg_nerve,front_leg,,pull_long_tendon,long_tendon_muscle,TRUE,FALSE,BANC_v888,RF,,tendon_model_missing,,,False
720575941501929010,motor,leg_motor_neuron,long_tendon_muscle_A,left,left_prothoracic_leg_nerve,front_leg,,pull_long_tendon,long_tendon_muscle,TRUE,FALSE,BANC_v888,LF,,tendon_model_missing,,,False
720575941501934423,motor,leg_motor_neuron,femur_reductor,right,right_metathoracic_leg_nerve,hind_leg,,unknown_leg_movement,femur_reductor_muscle,TRUE,FALSE,BANC_v888,RH,,function_unresolved,,,False
720575941502759767,motor,leg_motor_neuron,femur_reductor_tiny,left,left_metathoracic_leg_nerve,hind_leg,,unknown_leg_movement,femur_reductor_muscle,TRUE,FALSE,BANC_v888,LH,,function_unresolved,,,False
720575941502849623,motor,leg_motor_neuron,trochanter_extensor_LinJ,left,left_metathoracic_leg_nerve,hind_leg,,extend_coxa_trochanter_joint,trochanter_extensor_muscle,TRUE,FALSE,BANC_v888,LH,femurElevation,reduced_joint_candidate,,,False
720575941503128626,motor,leg_motor_neuron,tarsus_depressor_dipalpha_ventralU,right,right_metathoracic_leg_nerve,hind_leg,,extend_tibia_tarsus_joint,tarsus_depressor_muscle,TRUE,FALSE,BANC_v888,RH,tibiaTarsus,geometric_joint_candidate,,,False
720575941503422187,motor,leg_motor_neuron,sternal_adductor_MetaAN,right,right_first_abdominal_nerve,hind_leg,,move_coxa_medial,sternal_adductor_muscle,TRUE,FALSE,BANC_v888,RH,coxaAzimuth,axis_calibration_required,,,False
720575941504396567,motor,leg_motor_neuron,trochanter_flexor_VProN,right,right_ventral_prothoracic_nerve,front_leg,,flex_coxa_trochanter_joint,trochanter_flexor_muscle,TRUE,FALSE,BANC_v888,RF,femurElevation,reduced_joint_candidate,,,False
720575941505496610,motor,leg_motor_neuron,accessory_tibia_flexor_B,left,left_mesothoracic_leg_nerve,middle_leg,,flex_femur_tibia_joint,accessory_tibia_flexor_muscle,TRUE,FALSE,BANC_v888,LM,femurTibia,geometric_joint_candidate,,,False
720575941505568069,motor,leg_motor_neuron,trochanter_flexor_ProAN,right,right_prothoracic_accessory_nerve,front_leg,,flex_coxa_trochanter_joint,trochanter_flexor_muscle,TRUE,FALSE,BANC_v888,RF,femurElevation,reduced_joint_candidate,,,False
720575941505580066,motor,leg_motor_neuron,femur_reductor,right,right_mesothoracic_leg_nerve,middle_leg,,unknown_leg_movement,femur_reductor_muscle,TRUE,FALSE,BANC_v888,RM,,function_unresolved,,,False
720575941505660801,motor,leg_motor_neuron,long_tendon_muscle_B,left,left_prothoracic_leg_nerve,front_leg,,pull_long_tendon,long_tendon_muscle,TRUE,FALSE,BANC_v888,LF,,tendon_model_missing,,,False
720575941505891422,motor,leg_motor_neuron,accessory_tibia_flexor_A,right,right_mesothoracic_leg_nerve,middle_leg,,flex_femur_tibia_joint,accessory_tibia_flexor_muscle,TRUE,FALSE,BANC_v888,RM,femurTibia,geometric_joint_candidate,,,False
720575941506034049,motor,leg_motor_neuron,sternotrochanter_extensor_MesoLN_dorsal_3,right,right_mesothoracic_leg_nerve,middle_leg,,extend_coxa_trochanter_joint,sternotrochanter_extensor_muscle,TRUE,FALSE,BANC_v888,RM,femurElevation,reduced_joint_candidate,,,False
720575941506261538,motor,leg_motor_neuron,tergopleural_promotor_pleural_promotor,left,left_dorsal_prothoracic_nerve,front_leg,,move_coxa_anterior,tergopleural_promotor_muscle,TRUE,FALSE,BANC_v888,LF,coxaAzimuth,axis_calibration_required,,,False
720575941507031612,motor,leg_motor_neuron,sternotrochanter_extensor,left,left_ventral_prothoracic_nerve,front_leg,,extend_coxa_trochanter_joint,sternotrochanter_extensor_muscle,TRUE,FALSE,BANC_v888,LF,femurElevation,reduced_joint_candidate,,,False
720575941507209029,motor,leg_motor_neuron,long_tendon_muscle_B,right,right_metathoracic_leg_nerve,hind_leg,,pull_long_tendon,long_tendon_muscle,TRUE,FALSE,BANC_v888,RH,,tendon_model_missing,,,False
720575941507883649,motor,leg_motor_neuron,femur_reductor_tiny,right,right_mesothoracic_leg_nerve,middle_leg,,unknown_leg_movement,femur_reductor_muscle,TRUE,FALSE,BANC_v888,RM,,function_unresolved,,,False
720575941508205185,motor,leg_motor_neuron,femur_reductor_tiny,left,left_prothoracic_leg_nerve,front_leg,,unknown_leg_movement,femur_reductor_muscle,TRUE,FALSE,BANC_v888,LF,,function_unresolved,,,False
720575941508440193,motor,leg_motor_neuron,tibia_flexor_Fast,left,left_metathoracic_leg_nerve,hind_leg,,flex_femur_tibia_joint,tibia_flexor_muscle,TRUE,FALSE,BANC_v888,LH,femurTibia,geometric_joint_candidate,,,False
720575941508453761,motor,leg_motor_neuron,trochanter_extensor,right,right_prothoracic_leg_nerve,front_leg,,extend_coxa_trochanter_joint,trochanter_extensor_muscle,TRUE,FALSE,BANC_v888,RF,femurElevation,reduced_joint_candidate,,,False
720575941509003792,motor,leg_motor_neuron,accessory_trochanter_flexor,left,left_metathoracic_leg_nerve,hind_leg,,flex_coxa_trochanter_joint,accessory_trochanter_flexor_muscle,TRUE,FALSE,BANC_v888,LH,femurElevation,reduced_joint_candidate,,,False
720575941511197516,motor,leg_motor_neuron,long_tendon_muscle_B_femur,right,right_prothoracic_leg_nerve,front_leg,,pull_long_tendon,long_tendon_muscle,TRUE,FALSE,BANC_v888,RF,,tendon_model_missing,,,False
720575941511883985,motor,leg_motor_neuron,trochanter_flexor_posterior_soma,left,left_prothoracic_accessory_nerve,front_leg,,flex_coxa_trochanter_joint,trochanter_flexor_muscle,TRUE,FALSE,BANC_v888,LF,femurElevation,reduced_joint_candidate,,,False
720575941512935779,motor,leg_motor_neuron,long_tendon_muscle_B,left,left_mesothoracic_leg_nerve,middle_leg,,pull_long_tendon,long_tendon_muscle,TRUE,FALSE,BANC_v888,LM,,tendon_model_missing,,,False
720575941513362252,motor,leg_motor_neuron,femur_reductor,right,right_mesothoracic_leg_nerve,middle_leg,,unknown_leg_movement,femur_reductor_muscle,TRUE,FALSE,BANC_v888,RM,,function_unresolved,,,False
720575941513385306,motor,leg_motor_neuron,femur_reductor_tiny,right,right_metathoracic_leg_nerve,hind_leg,,unknown_leg_movement,femur_reductor_muscle,TRUE,FALSE,BANC_v888,RH,,function_unresolved,,,False
720575941515355795,motor,leg_motor_neuron,accessory_tibia_flexor_A_out_of_bundle,left,left_prothoracic_leg_nerve,front_leg,,flex_femur_tibia_joint,accessory_tibia_flexor_muscle,TRUE,FALSE,BANC_v888,LF,femurTibia,geometric_joint_candidate,,,False
720575941515898873,motor,leg_motor_neuron,tibia_flexor,left,left_metathoracic_leg_nerve,hind_leg,,flex_femur_tibia_joint,tibia_flexor_muscle,TRUE,FALSE,BANC_v888,LH,femurTibia,geometric_joint_candidate,,,False
720575941516874094,motor,leg_motor_neuron,sternotrochanter_extensor,left,left_ventral_prothoracic_nerve,front_leg,,extend_coxa_trochanter_joint,sternotrochanter_extensor_muscle,TRUE,FALSE,BANC_v888,LF,femurElevation,reduced_joint_candidate,,,False
720575941517661356,motor,leg_motor_neuron,long_tendon_muscle_B_femur,left,left_mesothoracic_leg_nerve,middle_leg,,pull_long_tendon,long_tendon_muscle,TRUE,FALSE,BANC_v888,LM,,tendon_model_missing,,,False
720575941517726936,motor,leg_motor_neuron,sternal_posterior_rotator_dorsomedial_ribbon,left,left_metathoracic_leg_nerve,hind_leg,,move_coxa_posterior,sternal_posterior_rotator_muscle,TRUE,FALSE,BANC_v888,LH,coxaAzimuth,axis_calibration_required,,,False
720575941517889708,motor,leg_motor_neuron,accessory_tibia_flexor_B,right,right_metathoracic_leg_nerve,hind_leg,,flex_femur_tibia_joint,accessory_tibia_flexor_muscle,TRUE,FALSE,BANC_v888,RH,femurTibia,geometric_joint_candidate,,,False
720575941518133464,motor,leg_motor_neuron,sternal_posterior_rotator,left,left_prothoracic_accessory_nerve,front_leg,,move_coxa_posterior,sternal_posterior_rotator_muscle,TRUE,FALSE,BANC_v888,LF,coxaAzimuth,axis_calibration_required,,,False
720575941518204888,motor,leg_motor_neuron,tergopleural_promotor_pleural_promotor_miller_28_30,right,right_dorsal_prothoracic_nerve,front_leg,,move_coxa_anterior,tergopleural_promotor_muscle,TRUE,FALSE,BANC_v888,RF,coxaAzimuth,axis_calibration_required,,,False
720575941518851694,motor,leg_motor_neuron,trochanter_flexor_ProAN,left,left_prothoracic_accessory_nerve,front_leg,,flex_coxa_trochanter_joint,trochanter_flexor_muscle,TRUE,FALSE,BANC_v888,LF,femurElevation,reduced_joint_candidate,,,False
720575941519179480,motor,leg_motor_neuron,tarsus_levator_D,left,left_metathoracic_leg_nerve,hind_leg,,flex_tibia_tarsus_joint,tarsus_levator_muscle,TRUE,FALSE,BANC_v888,LH,tibiaTarsus,geometric_joint_candidate,,,False
720575941519664856,motor,leg_motor_neuron,sternal_anterior_rotator_MesoLN_ventral_2,left,left_mesothoracic_leg_nerve,middle_leg,,move_coxa_anterior,sternal_anterior_rotator_muscle,TRUE,FALSE,BANC_v888,LM,coxaAzimuth,axis_calibration_required,,,False
720575941519971511,motor,leg_motor_neuron,accessory_tibia_flexor_B,right,right_mesothoracic_leg_nerve,middle_leg,,flex_femur_tibia_joint,accessory_tibia_flexor_muscle,TRUE,FALSE,BANC_v888,RM,femurTibia,geometric_joint_candidate,,,False
720575941521190835,motor,leg_motor_neuron,tibia_flexor,left,left_metathoracic_leg_nerve,hind_leg,,flex_femur_tibia_joint,tibia_flexor_muscle,TRUE,FALSE,BANC_v888,LH,femurTibia,geometric_joint_candidate,,,False
720575941521271475,motor,leg_motor_neuron,tibia_flexor,right,right_metathoracic_leg_nerve,hind_leg,,flex_femur_tibia_joint,tibia_flexor_muscle,TRUE,FALSE,BANC_v888,RH,femurTibia,geometric_joint_candidate,,,False
720575941523135223,motor,leg_motor_neuron,accessory_tibia_flexor_A,left,left_mesothoracic_leg_nerve,middle_leg,,flex_femur_tibia_joint,accessory_tibia_flexor_muscle,TRUE,FALSE,BANC_v888,LM,femurTibia,geometric_joint_candidate,,,False
720575941523368779,motor,leg_motor_neuron,tergotrochanter_extensor,right,right_ventral_prothoracic_nerve,front_leg,,extend_coxa_trochanter_joint,tergotrochanter_extensor_muscle,TRUE,FALSE,BANC_v888,RF,femurElevation,reduced_joint_candidate,,,False
720575941524172875,motor,leg_motor_neuron,accessory_tibia_flexor_B,left,left_metathoracic_leg_nerve,hind_leg,,flex_femur_tibia_joint,accessory_tibia_flexor_muscle,TRUE,FALSE,BANC_v888,LH,femurTibia,geometric_joint_candidate,,,False
720575941524365337,motor,leg_motor_neuron,long_tendon_muscle_A,left,left_prothoracic_leg_nerve,front_leg,,pull_long_tendon,long_tendon_muscle,TRUE,FALSE,BANC_v888,LF,,tendon_model_missing,,,False
720575941524746573,motor,leg_motor_neuron,trochanter_flexor_VProN,left,left_ventral_prothoracic_nerve,front_leg,,flex_coxa_trochanter_joint,trochanter_flexor_muscle,TRUE,FALSE,BANC_v888,LF,femurElevation,reduced_joint_candidate,,,False
720575941524748877,motor,leg_motor_neuron,long_tendon_muscle_B,left,left_prothoracic_leg_nerve,front_leg,,pull_long_tendon,long_tendon_muscle,TRUE,FALSE,BANC_v888,LF,,tendon_model_missing,,,False
720575941524856164,motor,leg_motor_neuron,femur_reductor,right,right_metathoracic_leg_nerve,hind_leg,,unknown_leg_movement,femur_reductor_muscle,TRUE,FALSE,BANC_v888,RH,,function_unresolved,,,False
720575941524966169,motor,leg_motor_neuron,long_tendon_muscle_A,right,right_prothoracic_leg_nerve,front_leg,,pull_long_tendon,long_tendon_muscle,TRUE,FALSE,BANC_v888,RF,,tendon_model_missing,,,False
720575941525308582,motor,leg_motor_neuron,tibia_extensor_SETi,right,right_metathoracic_leg_nerve,hind_leg,,extend_femur_tibia_joint,tibia_extensor_muscle,TRUE,FALSE,BANC_v888,RH,femurTibia,geometric_joint_candidate,,,False
720575941525586507,motor,leg_motor_neuron,sternal_posterior_rotator_dorsomedial_ribbon,left,left_metathoracic_leg_nerve,hind_leg,,move_coxa_posterior,sternal_posterior_rotator_muscle,TRUE,FALSE,BANC_v888,LH,coxaAzimuth,axis_calibration_required,,,False
720575941526437988,motor,leg_motor_neuron,accessory_tibia_flexor_A_slow,right,right_prothoracic_leg_nerve,front_leg,,flex_femur_tibia_joint,accessory_tibia_flexor_muscle,TRUE,FALSE,BANC_v888,RF,femurTibia,geometric_joint_candidate,,,False
720575941526615554,motor,leg_motor_neuron,accessory_tibia_flexor_B,left,left_metathoracic_leg_nerve,hind_leg,,flex_femur_tibia_joint,accessory_tibia_flexor_muscle,TRUE,FALSE,BANC_v888,LH,femurTibia,geometric_joint_candidate,,,False
720575941527171000,motor,leg_motor_neuron,accessory_trochanter_flexor,right,right_prothoracic_leg_nerve,front_leg,,flex_coxa_trochanter_joint,accessory_trochanter_flexor_muscle,TRUE,FALSE,BANC_v888,RF,femurElevation,reduced_joint_candidate,,,False
720575941527245496,motor,leg_motor_neuron,long_tendon_muscle_B,right,right_mesothoracic_leg_nerve,middle_leg,,pull_long_tendon,long_tendon_muscle,TRUE,FALSE,BANC_v888,RM,,tendon_model_missing,,,False
720575941527458562,motor,leg_motor_neuron,trochanter_flexor_ProAN,left,left_prothoracic_accessory_nerve,front_leg,,flex_coxa_trochanter_joint,trochanter_flexor_muscle,TRUE,FALSE,BANC_v888,LF,femurElevation,reduced_joint_candidate,,,False
720575941527847608,motor,leg_motor_neuron,sternal_adductor,left,left_prothoracic_leg_nerve,front_leg,,move_coxa_medial,sternal_adductor_muscle,TRUE,FALSE,BANC_v888,LF,coxaAzimuth,axis_calibration_required,,,False
720575941527948932,motor,leg_motor_neuron,trochanter_flexor_dorsomedial_ribbon,right,right_metathoracic_leg_nerve,hind_leg,,flex_coxa_trochanter_joint,trochanter_flexor_muscle,TRUE,FALSE,BANC_v888,RH,femurElevation,reduced_joint_candidate,,,False
720575941528662438,motor,leg_motor_neuron,accessory_tibia_flexor_B,left,left_metathoracic_leg_nerve,hind_leg,,flex_femur_tibia_joint,accessory_tibia_flexor_muscle,TRUE,FALSE,BANC_v888,LH,femurTibia,geometric_joint_candidate,,,False
720575941530206155,motor,leg_motor_neuron,tergotrochanter_extensor_MetaAN,right,right_first_abdominal_nerve,hind_leg,,extend_coxa_trochanter_joint,tergotrochanter_extensor_muscle,TRUE,FALSE,BANC_v888,RH,femurElevation,reduced_joint_candidate,,,False
720575941531180261,motor,leg_motor_neuron,sternal_anterior_rotator_miller_31,right,right_ventral_prothoracic_nerve,front_leg,,move_coxa_anterior,sternal_anterior_rotator_muscle,TRUE,FALSE,BANC_v888,RF,coxaAzimuth,axis_calibration_required,,,False
720575941531195595,motor,leg_motor_neuron,trochanter_flexor_ventrolateral_ribbon,left,left_metathoracic_leg_nerve,hind_leg,,flex_coxa_trochanter_joint,trochanter_flexor_muscle,TRUE,FALSE,BANC_v888,LH,femurElevation,reduced_joint_candidate,,,False
720575941531470821,motor,leg_motor_neuron,accessory_trochanter_flexor_MetaLN,right,right_metathoracic_leg_nerve,hind_leg,,flex_coxa_trochanter_joint,accessory_trochanter_flexor_muscle,TRUE,FALSE,BANC_v888,RH,femurElevation,reduced_joint_candidate,,,False
720575941531504357,motor,leg_motor_neuron,accessory_trochanter_flexor_posterior_soma_ProLN,left,left_prothoracic_leg_nerve,front_leg,,flex_coxa_trochanter_joint,accessory_trochanter_flexor_muscle,TRUE,FALSE,BANC_v888,LF,femurElevation,reduced_joint_candidate,,,False
720575941531923147,motor,leg_motor_neuron,sternal_anterior_rotator,left,left_ventral_prothoracic_nerve,front_leg,,move_coxa_anterior,sternal_anterior_rotator_muscle,TRUE,FALSE,BANC_v888,LF,coxaAzimuth,axis_calibration_required,,,False
720575941532427754,motor,leg_motor_neuron,trochanter_flexor_posterior_soma,left,left_prothoracic_accessory_nerve,front_leg,,flex_coxa_trochanter_joint,trochanter_flexor_muscle,TRUE,FALSE,BANC_v888,LF,femurElevation,reduced_joint_candidate,,,False
720575941532464562,motor,leg_motor_neuron,accessory_tibia_flexor_B,right,right_metathoracic_leg_nerve,hind_leg,,flex_femur_tibia_joint,accessory_tibia_flexor_muscle,TRUE,FALSE,BANC_v888,RH,femurTibia,geometric_joint_candidate,,,False
720575941534943937,motor,leg_motor_neuron,trochanter_extensor,right,right_mesothoracic_leg_nerve,middle_leg,,extend_coxa_trochanter_joint,trochanter_extensor_muscle,TRUE,FALSE,BANC_v888,RM,femurElevation,reduced_joint_candidate,,,False
720575941535897098,motor,leg_motor_neuron,accessory_tibia_flexor_B,right,right_mesothoracic_leg_nerve,middle_leg,,flex_femur_tibia_joint,accessory_tibia_flexor_muscle,TRUE,FALSE,BANC_v888,RM,femurTibia,geometric_joint_candidate,,,False
720575941536577880,motor,leg_motor_neuron,sternal_posterior_rotator_MesoLN_dorsal_5,right,right_mesothoracic_leg_nerve,middle_leg,,move_coxa_posterior,sternal_posterior_rotator_muscle,TRUE,FALSE,BANC_v888,RM,coxaAzimuth,axis_calibration_required,,,False
720575941536923624,motor,leg_motor_neuron,trochanter_flexor_ProAN,left,left_prothoracic_accessory_nerve,front_leg,,flex_coxa_trochanter_joint,trochanter_flexor_muscle,TRUE,FALSE,BANC_v888,LF,femurElevation,reduced_joint_candidate,,,False
720575941537008370,motor,leg_motor_neuron,accessory_trochanter_flexor,left,left_mesothoracic_leg_nerve,middle_leg,,flex_coxa_trochanter_joint,accessory_trochanter_flexor_muscle,TRUE,FALSE,BANC_v888,LM,femurElevation,reduced_joint_candidate,,,False
720575941537495489,motor,leg_motor_neuron,pleural_remotor_and_abductor_dorsomedial_ribbon,left,left_metathoracic_leg_nerve,hind_leg,,move_coxa_posterior_lateral,pleural_remotor_and_abductor_muscle,TRUE,FALSE,BANC_v888,LH,coxaAzimuth,axis_calibration_required,,,False
720575941538082453,motor,leg_motor_neuron,tibia_flexor,right,right_metathoracic_leg_nerve,hind_leg,,flex_femur_tibia_joint,tibia_flexor_muscle,TRUE,FALSE,BANC_v888,RH,femurTibia,geometric_joint_candidate,,,False
720575941538128626,motor,leg_motor_neuron,long_tendon_muscle_B,right,right_prothoracic_leg_nerve,front_leg,,pull_long_tendon,long_tendon_muscle,TRUE,FALSE,BANC_v888,RF,,tendon_model_missing,,,False
720575941538762701,motor,leg_motor_neuron,trochanter_flexor_posterior_soma,left,left_metathoracic_leg_nerve,hind_leg,,flex_coxa_trochanter_joint,trochanter_flexor_muscle,TRUE,FALSE,BANC_v888,LH,femurElevation,reduced_joint_candidate,,,False
720575941538992021,motor,leg_motor_neuron,sternal_anterior_rotator_ventrolateral_ribbon,left,left_metathoracic_leg_nerve,hind_leg,,move_coxa_anterior,sternal_anterior_rotator_muscle,TRUE,FALSE,BANC_v888,LH,coxaAzimuth,axis_calibration_required,,,False
720575941539565916,motor,leg_motor_neuron,tarsus_levator_D,right,right_metathoracic_leg_nerve,hind_leg,,extend_tibia_tarsus_joint,tarsus_levator_muscle,TRUE,FALSE,BANC_v888,RH,tibiaTarsus,geometric_joint_candidate,,,False
720575941542417500,motor,leg_motor_neuron,accessory_tibia_flexor_B,left,left_mesothoracic_leg_nerve,middle_leg,,flex_femur_tibia_joint,accessory_tibia_flexor_muscle,TRUE,FALSE,BANC_v888,LM,femurTibia,geometric_joint_candidate,,,False
720575941542454876,motor,leg_motor_neuron,tibia_flexor,left,left_prothoracic_leg_nerve,front_leg,,flex_femur_tibia_joint,tibia_flexor_muscle,TRUE,FALSE,BANC_v888,LF,femurTibia,geometric_joint_candidate,,,False
720575941542738524,motor,leg_motor_neuron,long_tendon_muscle_B,right,right_mesothoracic_leg_nerve,middle_leg,,pull_long_tendon,long_tendon_muscle,TRUE,FALSE,BANC_v888,RM,,tendon_model_missing,,,False
720575941543372649,motor,leg_motor_neuron,trochanter_extensor_MetaLN,right,right_metathoracic_leg_nerve,hind_leg,,extend_coxa_trochanter_joint,trochanter_extensor_muscle,TRUE,FALSE,BANC_v888,RH,femurElevation,reduced_joint_candidate,,,False
720575941543648105,motor,leg_motor_neuron,accessory_tibia_flexor_B,right,right_mesothoracic_leg_nerve,middle_leg,,flex_femur_tibia_joint,accessory_tibia_flexor_muscle,TRUE,FALSE,BANC_v888,RM,femurTibia,geometric_joint_candidate,,,False
720575941545479868,motor,leg_motor_neuron,accessory_trochanter_flexor,left,left_prothoracic_leg_nerve,front_leg,,flex_coxa_trochanter_joint,accessory_trochanter_flexor_muscle,TRUE,FALSE,BANC_v888,LF,femurElevation,reduced_joint_candidate,,,False
720575941547132040,motor,leg_motor_neuron,long_tendon_muscle_B_tibia,left,left_mesothoracic_leg_nerve,middle_leg,,pull_long_tendon,long_tendon_muscle,TRUE,FALSE,BANC_v888,LM,,tendon_model_missing,,,False
720575941547393825,motor,leg_motor_neuron,tibia_flexor,right,right_prothoracic_leg_nerve,front_leg,,flex_femur_tibia_joint,tibia_flexor_muscle,TRUE,FALSE,BANC_v888,RF,femurTibia,geometric_joint_candidate,,,False
720575941548546696,motor,leg_motor_neuron,pleural_remotor_and_abductor,left,left_prothoracic_accessory_nerve,front_leg,,move_coxa_posterior_lateral,pleural_remotor_and_abductor_muscle,TRUE,FALSE,BANC_v888,LF,coxaAzimuth,axis_calibration_required,,,False
720575941549009663,motor,leg_motor_neuron,sternal_posterior_rotator,left,left_prothoracic_accessory_nerve,front_leg,,move_coxa_posterior,sternal_posterior_rotator_muscle,TRUE,FALSE,BANC_v888,LF,coxaAzimuth,axis_calibration_required,,,False
720575941549456673,motor,leg_motor_neuron,long_tendon_muscle_ltm_B,left,left_metathoracic_leg_nerve,hind_leg,,pull_long_tendon,long_tendon_muscle,TRUE,FALSE,BANC_v888,LH,,tendon_model_missing,,,False
720575941549819710,motor,leg_motor_neuron,accessory_tibia_flexor_B,right,right_prothoracic_leg_nerve,front_leg,,flex_femur_tibia_joint,accessory_tibia_flexor_muscle,TRUE,FALSE,BANC_v888,RF,femurTibia,geometric_joint_candidate,,,False
720575941549899892,motor,leg_motor_neuron,tergotrochanter_extensor_MetaAN,left,left_first_abdominal_nerve,hind_leg,,extend_coxa_trochanter_joint,tergotrochanter_extensor_muscle,TRUE,FALSE,BANC_v888,LH,femurElevation,reduced_joint_candidate,,,False
720575941549915252,motor,leg_motor_neuron,tergotrochanter_extensor,right,right_posterior_dorsal_mesothoracic_nerve,middle_leg,,extend_coxa_trochanter_joint,tergotrochanter_extensor_muscle,TRUE,FALSE,BANC_v888,RM,femurElevation,reduced_joint_candidate,,,False
720575941551010695,motor,leg_motor_neuron,tibia_flexor,right,right_prothoracic_leg_nerve,front_leg,,flex_femur_tibia_joint,tibia_flexor_muscle,TRUE,FALSE,BANC_v888,RF,femurTibia,geometric_joint_candidate,,,False
720575941551356570,motor,leg_motor_neuron,trochanter_flexor_VProN,left,left_ventral_prothoracic_nerve,front_leg,,flex_coxa_trochanter_joint,trochanter_flexor_muscle,TRUE,FALSE,BANC_v888,LF,femurElevation,reduced_joint_candidate,,,False
720575941552926747,motor,leg_motor_neuron,tarsus_depressor_B,right,right_metathoracic_leg_nerve,hind_leg,,extend_tibia_tarsus_joint,tarsus_depressor_muscle,TRUE,FALSE,BANC_v888,RH,tibiaTarsus,geometric_joint_candidate,,,False
720575941553503460,motor,leg_motor_neuron,pleural_remotor_and_abductor_MesoLN_dorsal_5,left,left_mesothoracic_leg_nerve,middle_leg,,move_coxa_posterior_lateral,pleural_remotor_and_abductor_muscle,TRUE,FALSE,BANC_v888,LM,coxaAzimuth,axis_calibration_required,,,False
720575941553597502,motor,leg_motor_neuron,femur_reductor_tiny,right,right_ventral_prothoracic_nerve,front_leg,,unknown_leg_movement,femur_reductor_muscle,TRUE,FALSE,BANC_v888,RF,,function_unresolved,,,False
720575941553691876,motor,leg_motor_neuron,trochanter_flexor_MesoAN,right,right_mesothoracic_leg_nerve,middle_leg,,flex_coxa_trochanter_joint,trochanter_flexor_muscle,TRUE,FALSE,BANC_v888,RM,femurElevation,reduced_joint_candidate,,,False
720575941554483354,motor,leg_motor_neuron,trochanter_flexor_dorsomedial_ribbon,left,left_metathoracic_leg_nerve,hind_leg,,flex_coxa_trochanter_joint,trochanter_flexor_muscle,TRUE,FALSE,BANC_v888,LH,femurElevation,reduced_joint_candidate,,,False
720575941554765722,motor,leg_motor_neuron,trochanter_flexor_MesoAN_posterior_soma,left,left_mesothoracic_leg_nerve,middle_leg,,flex_coxa_trochanter_joint,trochanter_flexor_muscle,TRUE,FALSE,BANC_v888,LM,femurElevation,reduced_joint_candidate,,,False
720575941555493156,motor,leg_motor_neuron,accessory_tibia_flexor_B,right,right_mesothoracic_leg_nerve,middle_leg,,flex_femur_tibia_joint,accessory_tibia_flexor_muscle,TRUE,FALSE,BANC_v888,RM,femurTibia,geometric_joint_candidate,,,False
720575941556144100,motor,leg_motor_neuron,sternal_posterior_rotator_MesoLN_dorsal_5,left,left_mesothoracic_leg_nerve,middle_leg,,move_coxa_posterior,sternal_posterior_rotator_muscle,TRUE,FALSE,BANC_v888,LM,coxaAzimuth,axis_calibration_required,,,False
720575941556245156,motor,leg_motor_neuron,accessory_tibia_flexor_A,left,left_mesothoracic_leg_nerve,middle_leg,,flex_femur_tibia_joint,accessory_tibia_flexor_muscle,TRUE,FALSE,BANC_v888,LM,femurTibia,geometric_joint_candidate,,,False
720575941556297811,motor,leg_motor_neuron,tergopleural_promotor_pleural_promotor_miller_28_30,right,right_dorsal_prothoracic_nerve,front_leg,,move_coxa_anterior,tergopleural_promotor_muscle,TRUE,FALSE,BANC_v888,RF,coxaAzimuth,axis_calibration_required,,,False
720575941556850771,motor,leg_motor_neuron,accessory_tibia_flexor_B,right,right_mesothoracic_leg_nerve,middle_leg,,flex_femur_tibia_joint,accessory_tibia_flexor_muscle,TRUE,FALSE,BANC_v888,RM,femurTibia,geometric_joint_candidate,,,False
720575941557543918,motor,leg_motor_neuron,tibia_flexor,right,right_prothoracic_leg_nerve,front_leg,,flex_femur_tibia_joint,tibia_flexor_muscle,TRUE,FALSE,BANC_v888,RF,femurTibia,geometric_joint_candidate,,,False
720575941558562093,motor,leg_motor_neuron,accessory_tibia_flexor_A,right,right_mesothoracic_leg_nerve,middle_leg,,flex_femur_tibia_joint,accessory_tibia_flexor_muscle,TRUE,FALSE,BANC_v888,RM,femurTibia,geometric_joint_candidate,,,False
720575941558861839,motor,leg_motor_neuron,sternal_anterior_rotator_MesoLN_ventral_2,left,left_mesothoracic_leg_nerve,middle_leg,,move_coxa_anterior,sternal_anterior_rotator_muscle,TRUE,FALSE,BANC_v888,LM,coxaAzimuth,axis_calibration_required,,,False
720575941558995950,motor,leg_motor_neuron,accessory_tibia_flexor_B,left,left_mesothoracic_leg_nerve,middle_leg,,flex_femur_tibia_joint,accessory_tibia_flexor_muscle,TRUE,FALSE,BANC_v888,LM,femurTibia,geometric_joint_candidate,,,False
720575941559281679,motor,leg_motor_neuron,accessory_tibia_flexor_A,right,right_prothoracic_leg_nerve,front_leg,,flex_femur_tibia_joint,accessory_tibia_flexor_muscle,TRUE,FALSE,BANC_v888,RF,femurTibia,geometric_joint_candidate,,,False
720575941559306355,motor,leg_motor_neuron,trochanter_flexor_posterior_soma,right,right_metathoracic_leg_nerve,hind_leg,,flex_coxa_trochanter_joint,trochanter_flexor_muscle,TRUE,FALSE,BANC_v888,RH,femurElevation,reduced_joint_candidate,,,False
720575941559314989,motor,leg_motor_neuron,femur_reductor,right,right_metathoracic_leg_nerve,hind_leg,,unknown_leg_movement,femur_reductor_muscle,TRUE,FALSE,BANC_v888,RH,,function_unresolved,,,False
720575941559978797,motor,leg_motor_neuron,sternal_posterior_rotator_miller_32,right,right_prothoracic_accessory_nerve,front_leg,,move_coxa_posterior,sternal_posterior_rotator_muscle,TRUE,FALSE,BANC_v888,RF,coxaAzimuth,axis_calibration_required,,,False
720575941560573608,motor,leg_motor_neuron,tarsus_depressor_retro_tarsus_depressor,right,right_prothoracic_leg_nerve,front_leg,,extend_tibia_tarsus_joint,tarsus_depressor_muscle,TRUE,FALSE,BANC_v888,RF,tibiaTarsus,geometric_joint_candidate,,,False
720575941561204626,motor,leg_motor_neuron,femur_reductor,left,left_prothoracic_leg_nerve,front_leg,,unknown_leg_movement,femur_reductor_muscle,TRUE,FALSE,BANC_v888,LF,,function_unresolved,,,False
720575941561433746,motor,leg_motor_neuron,tarsus_levator_D,right,right_prothoracic_leg_nerve,front_leg,,flex_tibia_tarsus_joint,tarsus_levator_muscle,TRUE,FALSE,BANC_v888,RF,tibiaTarsus,geometric_joint_candidate,,,False
720575941561977088,motor,leg_motor_neuron,tarsus_depressor_B,left,left_prothoracic_leg_nerve,front_leg,,extend_tibia_tarsus_joint,tarsus_depressor_muscle,TRUE,FALSE,BANC_v888,LF,tibiaTarsus,geometric_joint_candidate,,,False
720575941562065920,motor,leg_motor_neuron,pleural_remotor_and_abductor_dorsomedial_ribbon,right,right_metathoracic_leg_nerve,hind_leg,,move_coxa_posterior_lateral,pleural_remotor_and_abductor_muscle,TRUE,FALSE,BANC_v888,RH,coxaAzimuth,axis_calibration_required,,,False
720575941562150568,motor,leg_motor_neuron,sternal_posterior_rotator_dorsomedial_ribbon,right,right_metathoracic_leg_nerve,hind_leg,,move_coxa_posterior,sternal_posterior_rotator_muscle,TRUE,FALSE,BANC_v888,RH,coxaAzimuth,axis_calibration_required,,,False
720575941562367239,motor,leg_motor_neuron,trochanter_flexor_MesoLN_ventral_3,left,left_mesothoracic_leg_nerve,middle_leg,,flex_coxa_trochanter_joint,trochanter_flexor_muscle,TRUE,FALSE,BANC_v888,LM,femurElevation,reduced_joint_candidate,,,False
720575941563271058,motor,leg_motor_neuron,trochanter_extensor_LinJ,right,right_mesothoracic_leg_nerve,middle_leg,,extend_coxa_trochanter_joint,trochanter_extensor_muscle,TRUE,FALSE,BANC_v888,RM,femurElevation,reduced_joint_candidate,,,False
720575941563973174,motor,leg_motor_neuron,femur_reductor_tiny,left,left_prothoracic_leg_nerve,front_leg,,unknown_leg_movement,femur_reductor_muscle,TRUE,FALSE,BANC_v888,LF,,function_unresolved,,,False
720575941564818688,motor,leg_motor_neuron,accessory_trochanter_flexor,right,right_prothoracic_leg_nerve,front_leg,,flex_coxa_trochanter_joint,accessory_trochanter_flexor_muscle,TRUE,FALSE,BANC_v888,RF,femurElevation,reduced_joint_candidate,,,False
720575941565315638,motor,leg_motor_neuron,sternal_posterior_rotator_MesoLN_dorsal_5,right,right_mesothoracic_leg_nerve,middle_leg,,move_coxa_posterior,sternal_posterior_rotator_muscle,TRUE,FALSE,BANC_v888,RM,coxaAzimuth,axis_calibration_required,,,False
720575941565553920,motor,leg_motor_neuron,accessory_tibia_flexor_C,right,right_prothoracic_leg_nerve,front_leg,,flex_femur_tibia_joint,accessory_tibia_flexor_muscle,TRUE,FALSE,BANC_v888,RF,femurTibia,geometric_joint_candidate,,,False
720575941566924135,motor,leg_motor_neuron,femur_reductor_tiny,right,right_prothoracic_leg_nerve,front_leg,,unknown_leg_movement,femur_reductor_muscle,TRUE,FALSE,BANC_v888,RF,,function_unresolved,,,False
720575941568355066,motor,leg_motor_neuron,sternal_anterior_rotator_MesoLN_ventral_1,right,right_mesothoracic_leg_nerve,middle_leg,,move_coxa_anterior,sternal_anterior_rotator_muscle,TRUE,FALSE,BANC_v888,RM,coxaAzimuth,axis_calibration_required,,,False
720575941568546418,motor,leg_motor_neuron,tergotrochanter_extensor,right,right_ventral_prothoracic_nerve,front_leg,,extend_coxa_trochanter_joint,tergotrochanter_extensor_muscle,TRUE,FALSE,BANC_v888,RF,femurElevation,reduced_joint_candidate,,,False
720575941568553330,motor,leg_motor_neuron,sternotrochanter_extensor_MesoLN_dorsal_3,left,left_mesothoracic_leg_nerve,middle_leg,,extend_coxa_trochanter_joint,sternotrochanter_extensor_muscle,TRUE,FALSE,BANC_v888,LM,femurElevation,reduced_joint_candidate,,,False
720575941568724980,motor,leg_motor_neuron,trochanter_flexor_VProN,left,left_ventral_prothoracic_nerve,front_leg,,flex_coxa_trochanter_joint,trochanter_flexor_muscle,TRUE,FALSE,BANC_v888,LF,femurElevation,reduced_joint_candidate,,,False
720575941569766302,motor,leg_motor_neuron,trochanter_flexor_MesoLN_ventral_5,right,right_mesothoracic_leg_nerve,middle_leg,,flex_coxa_trochanter_joint,trochanter_flexor_muscle,TRUE,FALSE,BANC_v888,RM,femurElevation,reduced_joint_candidate,,,False
720575941570833736,motor,leg_motor_neuron,accessory_tibia_flexor_B,left,left_prothoracic_leg_nerve,front_leg,,flex_femur_tibia_joint,accessory_tibia_flexor_muscle,TRUE,FALSE,BANC_v888,LF,femurTibia,geometric_joint_candidate,,,False
720575941571652616,motor,leg_motor_neuron,tarsus_depressor_B,right,right_prothoracic_leg_nerve,front_leg,,extend_tibia_tarsus_joint,tarsus_depressor_muscle,TRUE,FALSE,BANC_v888,RF,tibiaTarsus,geometric_joint_candidate,,,False
720575941572050077,motor,leg_motor_neuron,trochanter_flexor_ventrolateral_ribbon,right,right_metathoracic_leg_nerve,hind_leg,,flex_coxa_trochanter_joint,trochanter_flexor_muscle,TRUE,FALSE,BANC_v888,RH,femurElevation,reduced_joint_candidate,,,False
720575941572076445,motor,leg_motor_neuron,accessory_tibia_flexor_B,right,right_metathoracic_leg_nerve,hind_leg,,flex_femur_tibia_joint,accessory_tibia_flexor_muscle,TRUE,FALSE,BANC_v888,RH,femurTibia,geometric_joint_candidate,,,False
720575941573296822,motor,leg_motor_neuron,long_tendon_muscle_B,right,right_metathoracic_leg_nerve,hind_leg,,pull_long_tendon,long_tendon_muscle,TRUE,FALSE,BANC_v888,RH,,tendon_model_missing,,,False
720575941573346120,motor,leg_motor_neuron,tergotrochanter_extensor,right,right_posterior_dorsal_mesothoracic_nerve,middle_leg,,extend_coxa_trochanter_joint,tergotrochanter_extensor_muscle,TRUE,FALSE,BANC_v888,RM,femurElevation,reduced_joint_candidate,,,False
720575941573516296,motor,leg_motor_neuron,accessory_trochanter_flexor_posterior_soma_ProLN,left,left_prothoracic_leg_nerve,front_leg,,flex_coxa_trochanter_joint,accessory_trochanter_flexor_muscle,TRUE,FALSE,BANC_v888,LF,femurElevation,reduced_joint_candidate,,,False
720575941573687049,motor,leg_motor_neuron,tibia_flexor,right,right_mesothoracic_leg_nerve,middle_leg,,flex_femur_tibia_joint,tibia_flexor_muscle,TRUE,FALSE,BANC_v888,RM,femurTibia,geometric_joint_candidate,,,False
720575941573784990,motor,leg_motor_neuron,sternotrochanter_extensor_dorsomedial_ribbon,right,right_metathoracic_leg_nerve,hind_leg,,extend_coxa_trochanter_joint,sternotrochanter_extensor_muscle,TRUE,FALSE,BANC_v888,RH,femurElevation,reduced_joint_candidate,,,False
720575941574008502,motor,leg_motor_neuron,sternotrochanter_extensor_MesoLN_dorsal_3,right,right_mesothoracic_leg_nerve,middle_leg,,extend_coxa_trochanter_joint,sternotrochanter_extensor_muscle,TRUE,FALSE,BANC_v888,RM,femurElevation,reduced_joint_candidate,,,False
720575941574013085,motor,leg_motor_neuron,trochanter_flexor_posterior_soma_ProAN,right,right_prothoracic_accessory_nerve,front_leg,,flex_coxa_trochanter_joint,trochanter_flexor_muscle,TRUE,FALSE,BANC_v888,RF,femurElevation,reduced_joint_candidate,,,False
720575941574355016,motor,leg_motor_neuron,sternal_anterior_rotator_ventrolateral_ribbon,right,right_metathoracic_leg_nerve,hind_leg,,move_coxa_anterior,sternal_anterior_rotator_muscle,TRUE,FALSE,BANC_v888,RH,coxaAzimuth,axis_calibration_required,,,False
720575941574383247,motor,leg_motor_neuron,accessory_tibia_flexor_A,left,left_mesothoracic_leg_nerve,middle_leg,,flex_femur_tibia_joint,accessory_tibia_flexor_muscle,TRUE,FALSE,BANC_v888,LM,femurTibia,geometric_joint_candidate,,,False
720575941574626973,motor,leg_motor_neuron,tibia_flexor,left,left_mesothoracic_leg_nerve,middle_leg,,flex_femur_tibia_joint,tibia_flexor_muscle,TRUE,FALSE,BANC_v888,LM,femurTibia,geometric_joint_candidate,,,False
720575941577004881,motor,leg_motor_neuron,tarsus_levator_D,left,left_mesothoracic_leg_nerve,middle_leg,,flex_tibia_tarsus_joint,tarsus_levator_muscle,TRUE,FALSE,BANC_v888,LM,tibiaTarsus,geometric_joint_candidate,,,False
720575941577119825,motor,leg_motor_neuron,tergotrochanter_extensor_MetaAN,left,left_first_abdominal_nerve,hind_leg,,extend_coxa_trochanter_joint,tergotrochanter_extensor_muscle,TRUE,FALSE,BANC_v888,LH,femurElevation,reduced_joint_candidate,,,False
720575941578439513,motor,leg_motor_neuron,trochanter_flexor_ventrolateral_ribbon,right,right_metathoracic_leg_nerve,hind_leg,,flex_coxa_trochanter_joint,trochanter_flexor_muscle,TRUE,FALSE,BANC_v888,RH,femurElevation,reduced_joint_candidate,,,False
720575941578679121,motor,leg_motor_neuron,sternotrochanter_extensor_ventrolateral_ribbon,left,left_metathoracic_leg_nerve,hind_leg,,extend_coxa_trochanter_joint,sternotrochanter_extensor_muscle,TRUE,FALSE,BANC_v888,LH,femurElevation,reduced_joint_candidate,,,False
720575941579753849,motor,leg_motor_neuron,trochanter_flexor_VProN,right,right_ventral_prothoracic_nerve,front_leg,,flex_coxa_trochanter_joint,trochanter_flexor_muscle,TRUE,FALSE,BANC_v888,RF,femurElevation,reduced_joint_candidate,,,False
720575941580680825,motor,leg_motor_neuron,long_tendon_muscle_B,left,left_mesothoracic_leg_nerve,middle_leg,,pull_long_tendon,long_tendon_muscle,TRUE,FALSE,BANC_v888,LM,,tendon_model_missing,,,False
720575941580731001,motor,leg_motor_neuron,tibia_flexor,right,right_prothoracic_leg_nerve,front_leg,,flex_femur_tibia_joint,tibia_flexor_muscle,TRUE,FALSE,BANC_v888,RF,femurTibia,geometric_joint_candidate,,,False
720575941582911865,motor,leg_motor_neuron,tergopleural_promotor_pleural_promotor,left,left_dorsal_prothoracic_nerve,front_leg,,move_coxa_anterior,tergopleural_promotor_muscle,TRUE,FALSE,BANC_v888,LF,coxaAzimuth,axis_calibration_required,,,False
720575941583323358,motor,leg_motor_neuron,accessory_tibia_flexor_C,left,left_prothoracic_leg_nerve,front_leg,,flex_femur_tibia_joint,accessory_tibia_flexor_muscle,TRUE,FALSE,BANC_v888,LF,femurTibia,geometric_joint_candidate,,,False
720575941584932486,motor,leg_motor_neuron,accessory_tibia_flexor_A,right,right_metathoracic_leg_nerve,hind_leg,,flex_femur_tibia_joint,accessory_tibia_flexor_muscle,TRUE,FALSE,BANC_v888,RH,femurTibia,geometric_joint_candidate,,,False
720575941585484766,motor,leg_motor_neuron,femur_reductor,right,right_mesothoracic_leg_nerve,middle_leg,,unknown_leg_movement,femur_reductor_muscle,TRUE,FALSE,BANC_v888,RM,,function_unresolved,,,False
720575941587334199,motor,leg_motor_neuron,long_tendon_muscle_A_dipalpha,left,left_mesothoracic_leg_nerve,middle_leg,,pull_long_tendon,long_tendon_muscle,TRUE,FALSE,BANC_v888,LM,,tendon_model_missing,,,False
720575941587428151,motor,leg_motor_neuron,accessory_tibia_flexor_C,right,right_mesothoracic_leg_nerve,middle_leg,,flex_femur_tibia_joint,accessory_tibia_flexor_muscle,TRUE,FALSE,BANC_v888,RM,femurTibia,geometric_joint_candidate,,,False
720575941589587710,motor,leg_motor_neuron,accessory_tibia_flexor_A,right,right_mesothoracic_leg_nerve,middle_leg,,flex_femur_tibia_joint,accessory_tibia_flexor_muscle,TRUE,FALSE,BANC_v888,RM,femurTibia,geometric_joint_candidate,,,False
720575941589657598,motor,leg_motor_neuron,sternal_posterior_rotator_MesoLN_dorsal_5,left,left_mesothoracic_leg_nerve,middle_leg,,move_coxa_posterior,sternal_posterior_rotator_muscle,TRUE,FALSE,BANC_v888,LM,coxaAzimuth,axis_calibration_required,,,False
720575941590014007,motor,leg_motor_neuron,accessory_tibia_flexor_A_out_of_bundle,right,right_prothoracic_leg_nerve,front_leg,,flex_femur_tibia_joint,accessory_tibia_flexor_muscle,TRUE,FALSE,BANC_v888,RF,femurTibia,geometric_joint_candidate,,,False
720575941590872171,motor,leg_motor_neuron,accessory_tibia_flexor_A,left,left_prothoracic_leg_nerve,front_leg,,flex_femur_tibia_joint,accessory_tibia_flexor_muscle,TRUE,FALSE,BANC_v888,LF,femurTibia,geometric_joint_candidate,,,False
720575941591037547,motor,leg_motor_neuron,long_tendon_muscle_B,right,right_mesothoracic_leg_nerve,middle_leg,,pull_long_tendon,long_tendon_muscle,TRUE,FALSE,BANC_v888,RM,,tendon_model_missing,,,False
720575941591121463,motor,leg_motor_neuron,sternal_posterior_rotator_MesoLN_dorsal_5,right,right_mesothoracic_leg_nerve,middle_leg,,move_coxa_posterior,sternal_posterior_rotator_muscle,TRUE,FALSE,BANC_v888,RM,coxaAzimuth,axis_calibration_required,,,False
720575941592225831,motor,leg_motor_neuron,tergopleural_promotor_pleural_promotor_miller_28_30,right,right_dorsal_prothoracic_nerve,front_leg,,move_coxa_anterior,tergopleural_promotor_muscle,TRUE,FALSE,BANC_v888,RF,coxaAzimuth,axis_calibration_required,,,False
720575941592581671,motor,leg_motor_neuron,long_tendon_muscle_A,right,right_prothoracic_leg_nerve,front_leg,,pull_long_tendon,long_tendon_muscle,TRUE,FALSE,BANC_v888,RF,,tendon_model_missing,,,False
720575941593715569,motor,leg_motor_neuron,pleural_remotor_and_abductor_miller_29,right,right_prothoracic_accessory_nerve,front_leg,,move_coxa_posterior_lateral,pleural_remotor_and_abductor_muscle,TRUE,FALSE,BANC_v888,RF,coxaAzimuth,axis_calibration_required,,,False
720575941593802373,motor,leg_motor_neuron,tergotrochanter_extensor,right,right_ventral_prothoracic_nerve,front_leg,,extend_coxa_trochanter_joint,tergotrochanter_extensor_muscle,TRUE,FALSE,BANC_v888,RF,femurElevation,reduced_joint_candidate,,,False
720575941593843589,motor,leg_motor_neuron,sternotrochanter_extensor,right,right_ventral_prothoracic_nerve,front_leg,,extend_coxa_trochanter_joint,sternotrochanter_extensor_muscle,TRUE,FALSE,BANC_v888,RF,femurElevation,reduced_joint_candidate,,,False
720575941594091397,motor,leg_motor_neuron,trochanter_flexor_MesoAN,right,right_mesothoracic_leg_nerve,middle_leg,,flex_coxa_trochanter_joint,trochanter_flexor_muscle,TRUE,FALSE,BANC_v888,RM,femurElevation,reduced_joint_candidate,,,False
720575941595151237,motor,leg_motor_neuron,sternotrochanter_extensor_MesoLN_dorsal_3,left,left_mesothoracic_leg_nerve,middle_leg,,extend_coxa_trochanter_joint,sternotrochanter_extensor_muscle,TRUE,FALSE,BANC_v888,LM,femurElevation,reduced_joint_candidate,,,False
720575941595299111,motor,leg_motor_neuron,femur_reductor_dorsomedial_ribbon,left,left_metathoracic_leg_nerve,hind_leg,,unknown_leg_movement,femur_reductor_muscle,TRUE,FALSE,BANC_v888,LH,,function_unresolved,,,False
720575941595712448,motor,leg_motor_neuron,sternal_posterior_rotator_miller_32,right,right_prothoracic_accessory_nerve,front_leg,,move_coxa_posterior,sternal_posterior_rotator_muscle,TRUE,FALSE,BANC_v888,RF,coxaAzimuth,axis_calibration_required,,,False
720575941595856540,motor,leg_motor_neuron,accessory_tibia_flexor_B,left,left_prothoracic_leg_nerve,front_leg,,flex_femur_tibia_joint,accessory_tibia_flexor_muscle,TRUE,FALSE,BANC_v888,LF,femurTibia,geometric_joint_candidate,,,False
720575941596095877,motor,leg_motor_neuron,accessory_tibia_flexor_C,left,left_mesothoracic_leg_nerve,middle_leg,,flex_femur_tibia_joint,accessory_tibia_flexor_muscle,TRUE,FALSE,BANC_v888,LM,femurTibia,geometric_joint_candidate,,,False
720575941602293177,motor,leg_motor_neuron,accessory_tibia_flexor_A,right,right_metathoracic_leg_nerve,hind_leg,,flex_femur_tibia_joint,accessory_tibia_flexor_muscle,TRUE,FALSE,BANC_v888,RH,femurTibia,geometric_joint_candidate,,,False
720575941604612086,motor,leg_motor_neuron,trochanter_extensor_LinJ,right,right_metathoracic_leg_nerve,hind_leg,,extend_coxa_trochanter_joint,trochanter_extensor_muscle,TRUE,FALSE,BANC_v888,RH,femurElevation,reduced_joint_candidate,,,False
720575941605019582,motor,leg_motor_neuron,tibia_extensor_SETi,right,right_prothoracic_leg_nerve,front_leg,,extend_femur_tibia_joint,tibia_extensor_muscle,TRUE,FALSE,BANC_v888,RF,femurTibia,geometric_joint_candidate,,,False
720575941606209726,motor,leg_motor_neuron,trochanter_flexor_dorsomedial_ribbon,right,right_metathoracic_leg_nerve,hind_leg,,flex_coxa_trochanter_joint,trochanter_flexor_muscle,TRUE,FALSE,BANC_v888,RH,femurElevation,reduced_joint_candidate,,,False
720575941608273226,motor,leg_motor_neuron,femur_reductor,right,right_prothoracic_leg_nerve,front_leg,,unknown_leg_movement,femur_reductor_muscle,TRUE,FALSE,BANC_v888,RF,,function_unresolved,,,False
720575941609393766,motor,leg_motor_neuron,long_tendon_muscle_A_dipalpha,right,right_mesothoracic_leg_nerve,middle_leg,,pull_long_tendon,long_tendon_muscle,TRUE,FALSE,BANC_v888,RM,,tendon_model_missing,,,False
720575941610029642,motor,leg_motor_neuron,accessory_tibia_flexor_B,left,left_prothoracic_leg_nerve,front_leg,,flex_femur_tibia_joint,accessory_tibia_flexor_muscle,TRUE,FALSE,BANC_v888,LF,femurTibia,geometric_joint_candidate,,,False
720575941610064102,motor,leg_motor_neuron,tarsus_depressor_B,right,right_metathoracic_leg_nerve,hind_leg,,extend_tibia_tarsus_joint,tarsus_depressor_muscle,TRUE,FALSE,BANC_v888,RH,tibiaTarsus,geometric_joint_candidate,,,False
720575941610358761,motor,leg_motor_neuron,accessory_trochanter_flexor,right,right_mesothoracic_leg_nerve,middle_leg,,flex_coxa_trochanter_joint,accessory_trochanter_flexor_muscle,TRUE,FALSE,BANC_v888,RM,femurElevation,reduced_joint_candidate,,,False
720575941610567597,motor,leg_motor_neuron,long_tendon_muscle_ltm_B,left,left_metathoracic_leg_nerve,hind_leg,,pull_long_tendon,long_tendon_muscle,TRUE,FALSE,BANC_v888,LH,,tendon_model_missing,,,False
720575941610608604,motor,leg_motor_neuron,trochanter_flexor_dorsomedial_ribbon,right,right_metathoracic_leg_nerve,hind_leg,,flex_coxa_trochanter_joint,trochanter_flexor_muscle,TRUE,FALSE,BANC_v888,RH,femurElevation,reduced_joint_candidate,,,False
720575941611054154,motor,leg_motor_neuron,accessory_tibia_flexor_A,left,left_mesothoracic_leg_nerve,middle_leg,,flex_femur_tibia_joint,accessory_tibia_flexor_muscle,TRUE,FALSE,BANC_v888,LM,femurTibia,geometric_joint_candidate,,,False
720575941611319017,motor,leg_motor_neuron,trochanter_flexor_dorsomedial_ribbon,left,left_metathoracic_leg_nerve,hind_leg,,flex_coxa_trochanter_joint,trochanter_flexor_muscle,TRUE,FALSE,BANC_v888,LH,femurElevation,reduced_joint_candidate,,,False
720575941611361811,motor,leg_motor_neuron,tarsus_levator_D,left,left_prothoracic_leg_nerve,front_leg,,flex_tibia_tarsus_joint,tarsus_levator_muscle,TRUE,FALSE,BANC_v888,LF,tibiaTarsus,geometric_joint_candidate,,,False
720575941611369705,motor,leg_motor_neuron,accessory_tibia_flexor_A,left,left_mesothoracic_leg_nerve,middle_leg,,flex_femur_tibia_joint,accessory_tibia_flexor_muscle,TRUE,FALSE,BANC_v888,LM,femurTibia,geometric_joint_candidate,,,False
720575941611652627,motor,leg_motor_neuron,long_tendon_muscle_B_tibia,left,left_mesothoracic_leg_nerve,middle_leg,,pull_long_tendon,long_tendon_muscle,TRUE,FALSE,BANC_v888,LM,,tendon_model_missing,,,False
720575941611707923,motor,leg_motor_neuron,tarsus_depressor_B,left,left_mesothoracic_leg_nerve,middle_leg,,extend_tibia_tarsus_joint,tarsus_depressor_muscle,TRUE,FALSE,BANC_v888,LM,tibiaTarsus,geometric_joint_candidate,,,False
720575941611750419,motor,leg_motor_neuron,long_tendon_muscle_B,right,right_mesothoracic_leg_nerve,middle_leg,,pull_long_tendon,long_tendon_muscle,TRUE,FALSE,BANC_v888,RM,,tendon_model_missing,,,False
720575941611945389,motor,leg_motor_neuron,sternal_adductor_MetaAN,left,left_first_abdominal_nerve,hind_leg,,move_coxa_medial,sternal_adductor_muscle,TRUE,FALSE,BANC_v888,LH,coxaAzimuth,axis_calibration_required,,,False
720575941612158026,motor,leg_motor_neuron,accessory_tibia_flexor_B,left,left_metathoracic_leg_nerve,hind_leg,,flex_femur_tibia_joint,accessory_tibia_flexor_muscle,TRUE,FALSE,BANC_v888,LH,femurTibia,geometric_joint_candidate,,,False
720575941612256476,motor,leg_motor_neuron,accessory_tibia_flexor_A,left,left_metathoracic_leg_nerve,hind_leg,,flex_femur_tibia_joint,accessory_tibia_flexor_muscle,TRUE,FALSE,BANC_v888,LH,femurTibia,geometric_joint_candidate,,,False
720575941613374172,motor,leg_motor_neuron,trochanter_flexor_MesoAN,left,left_mesothoracic_leg_nerve,middle_leg,,flex_coxa_trochanter_joint,trochanter_flexor_muscle,TRUE,FALSE,BANC_v888,LM,femurElevation,reduced_joint_candidate,,,False
720575941618260607,motor,leg_motor_neuron,sternal_posterior_rotator_dorsomedial_ribbon,left,left_metathoracic_leg_nerve,hind_leg,,move_coxa_posterior,sternal_posterior_rotator_muscle,TRUE,FALSE,BANC_v888,LH,coxaAzimuth,axis_calibration_required,,,False
720575941621725948,motor,leg_motor_neuron,tarsus_depressor_dipalpha_ventralU,left,left_prothoracic_leg_nerve,front_leg,,extend_tibia_tarsus_joint,tarsus_depressor_muscle,TRUE,FALSE,BANC_v888,LF,tibiaTarsus,geometric_joint_candidate,,,False
720575941622252796,motor,leg_motor_neuron,tergotrochanter_extensor_MetaAN,left,left_first_abdominal_nerve,hind_leg,,extend_coxa_trochanter_joint,tergotrochanter_extensor_muscle,TRUE,FALSE,BANC_v888,LH,femurElevation,reduced_joint_candidate,,,False
720575941623130108,motor,leg_motor_neuron,trochanter_flexor_MesoAN,left,left_mesothoracic_leg_nerve,middle_leg,,flex_coxa_trochanter_joint,trochanter_flexor_muscle,TRUE,FALSE,BANC_v888,LM,femurElevation,reduced_joint_candidate,,,False
720575941623147978,motor,leg_motor_neuron,accessory_trochanter_flexor,right,right_prothoracic_leg_nerve,front_leg,,flex_coxa_trochanter_joint,accessory_trochanter_flexor_muscle,TRUE,FALSE,BANC_v888,RF,femurElevation,reduced_joint_candidate,,,False
720575941623218172,motor,leg_motor_neuron,tibia_flexor_Fast,right,right_prothoracic_leg_nerve,front_leg,,flex_femur_tibia_joint,tibia_flexor_muscle,TRUE,FALSE,BANC_v888,RF,femurTibia,geometric_joint_candidate,,,False
720575941623403116,motor,leg_motor_neuron,tarsus_depressor_B,left,left_mesothoracic_leg_nerve,middle_leg,,extend_tibia_tarsus_joint,tarsus_depressor_muscle,TRUE,FALSE,BANC_v888,LM,tibiaTarsus,geometric_joint_candidate,,,False
720575941623920586,motor,leg_motor_neuron,sternotrochanter_extensor_dorsomedial_ribbon,right,right_metathoracic_leg_nerve,hind_leg,,extend_coxa_trochanter_joint,sternotrochanter_extensor_muscle,TRUE,FALSE,BANC_v888,RH,femurElevation,reduced_joint_candidate,,,False
720575941624174844,motor,leg_motor_neuron,tarsus_depressor_dipalpha_ventralU,left,left_metathoracic_leg_nerve,hind_leg,,extend_tibia_tarsus_joint,tarsus_depressor_muscle,TRUE,FALSE,BANC_v888,LH,tibiaTarsus,geometric_joint_candidate,,,False
720575941625549211,motor,leg_motor_neuron,accessory_tibia_flexor_A_out_of_bundle,right,right_metathoracic_leg_nerve,hind_leg,,flex_femur_tibia_joint,accessory_tibia_flexor_muscle,TRUE,FALSE,BANC_v888,RH,femurTibia,geometric_joint_candidate,,,False
720575941625808330,motor,leg_motor_neuron,sternal_posterior_rotator,left,left_prothoracic_accessory_nerve,front_leg,,move_coxa_posterior,sternal_posterior_rotator_muscle,TRUE,FALSE,BANC_v888,LF,coxaAzimuth,axis_calibration_required,,,False
720575941626654410,motor,leg_motor_neuron,tarsus_depressor_A,right,right_prothoracic_leg_nerve,front_leg,,extend_tibia_tarsus_joint,tarsus_depressor_muscle,TRUE,FALSE,BANC_v888,RF,tibiaTarsus,geometric_joint_candidate,,,False
720575941627155238,motor,leg_motor_neuron,accessory_tibia_flexor_B,left,left_prothoracic_leg_nerve,front_leg,,flex_femur_tibia_joint,accessory_tibia_flexor_muscle,TRUE,FALSE,BANC_v888,LF,femurTibia,geometric_joint_candidate,,,False
720575941627243372,motor,leg_motor_neuron,tarsus_depressor_dipalpha_ventralU,right,right_mesothoracic_leg_nerve,middle_leg,,extend_tibia_tarsus_joint,tarsus_depressor_muscle,TRUE,FALSE,BANC_v888,RM,tibiaTarsus,geometric_joint_candidate,,,False
720575941627566474,motor,leg_motor_neuron,tibia_flexor,right,right_metathoracic_leg_nerve,hind_leg,,flex_femur_tibia_joint,tibia_flexor_muscle,TRUE,FALSE,BANC_v888,RH,femurTibia,geometric_joint_candidate,,,False
720575941630145989,motor,leg_motor_neuron,accessory_tibia_flexor_B,right,right_metathoracic_leg_nerve,hind_leg,,flex_femur_tibia_joint,accessory_tibia_flexor_muscle,TRUE,FALSE,BANC_v888,RH,femurTibia,geometric_joint_candidate,,,False
720575941630970604,motor,leg_motor_neuron,accessory_tibia_flexor_A,right,right_prothoracic_leg_nerve,front_leg,,flex_femur_tibia_joint,accessory_tibia_flexor_muscle,TRUE,FALSE,BANC_v888,RF,femurTibia,geometric_joint_candidate,,,False
720575941631437292,motor,leg_motor_neuron,trochanter_flexor_MesoLN_ventral_5,right,right_mesothoracic_leg_nerve,middle_leg,,flex_coxa_trochanter_joint,trochanter_flexor_muscle,TRUE,FALSE,BANC_v888,RM,femurElevation,reduced_joint_candidate,,,False
720575941631437548,motor,leg_motor_neuron,long_tendon_muscle_A_dipalpha,left,left_mesothoracic_leg_nerve,middle_leg,,pull_long_tendon,long_tendon_muscle,TRUE,FALSE,BANC_v888,LM,,tendon_model_missing,,,False
720575941631837856,motor,leg_motor_neuron,femur_reductor,right,right_prothoracic_leg_nerve,front_leg,,unknown_leg_movement,femur_reductor_muscle,TRUE,FALSE,BANC_v888,RF,,function_unresolved,,,False
720575941631840453,motor,leg_motor_neuron,trochanter_flexor_dorsomedial_ribbon,left,left_metathoracic_leg_nerve,hind_leg,,flex_coxa_trochanter_joint,trochanter_flexor_muscle,TRUE,FALSE,BANC_v888,LH,femurElevation,reduced_joint_candidate,,,False
720575941632094880,motor,leg_motor_neuron,femur_reductor_tiny,left,left_metathoracic_leg_nerve,hind_leg,,unknown_leg_movement,femur_reductor_muscle,TRUE,FALSE,BANC_v888,LH,,function_unresolved,,,False
720575941632311739,motor,leg_motor_neuron,accessory_trochanter_flexor,left,left_metathoracic_leg_nerve,hind_leg,,flex_coxa_trochanter_joint,accessory_trochanter_flexor_muscle,TRUE,FALSE,BANC_v888,LH,femurElevation,reduced_joint_candidate,,,False
720575941633013484,motor,leg_motor_neuron,tibia_flexor_Fast,right,right_metathoracic_leg_nerve,hind_leg,,flex_femur_tibia_joint,tibia_flexor_muscle,TRUE,FALSE,BANC_v888,RH,femurTibia,geometric_joint_candidate,,,False
720575941633243067,motor,leg_motor_neuron,sternal_posterior_rotator_dorsomedial_ribbon,right,right_metathoracic_leg_nerve,hind_leg,,move_coxa_posterior,sternal_posterior_rotator_muscle,TRUE,FALSE,BANC_v888,RH,coxaAzimuth,axis_calibration_required,,,False
720575941633843141,motor,leg_motor_neuron,tibia_flexor,right,right_metathoracic_leg_nerve,hind_leg,,flex_femur_tibia_joint,tibia_flexor_muscle,TRUE,FALSE,BANC_v888,RH,femurTibia,geometric_joint_candidate,,,False
720575941636735861,motor,leg_motor_neuron,sternal_posterior_rotator_miller_32,right,right_prothoracic_accessory_nerve,front_leg,,move_coxa_posterior,sternal_posterior_rotator_muscle,TRUE,FALSE,BANC_v888,RF,coxaAzimuth,axis_calibration_required,,,False
720575941637140597,motor,leg_motor_neuron,femur_reductor_tiny,left,left_mesothoracic_leg_nerve,middle_leg,,unknown_leg_movement,femur_reductor_muscle,TRUE,FALSE,BANC_v888,LM,,function_unresolved,,,False
720575941637141109,motor,leg_motor_neuron,femur_reductor_tiny,left,left_mesothoracic_leg_nerve,middle_leg,,unknown_leg_movement,femur_reductor_muscle,TRUE,FALSE,BANC_v888,LM,,function_unresolved,,,False
720575941638063391,motor,leg_motor_neuron,long_tendon_muscle_B_femur,right,right_mesothoracic_leg_nerve,middle_leg,,pull_long_tendon,long_tendon_muscle,TRUE,FALSE,BANC_v888,RM,,tendon_model_missing,,,False
720575941639281525,motor,leg_motor_neuron,tibia_extensor_FETi,left,left_prothoracic_leg_nerve,front_leg,,extend_femur_tibia_joint,tibia_extensor_muscle,TRUE,FALSE,BANC_v888,LF,femurTibia,geometric_joint_candidate,,,False
720575941639506207,motor,leg_motor_neuron,tergotrochanter_extensor,left,left_ventral_prothoracic_nerve,front_leg,,extend_coxa_trochanter_joint,tergotrochanter_extensor_muscle,TRUE,FALSE,BANC_v888,LF,femurElevation,reduced_joint_candidate,,,False
720575941640958053,motor,leg_motor_neuron,long_tendon_muscle_B,right,right_prothoracic_leg_nerve,front_leg,,pull_long_tendon,long_tendon_muscle,TRUE,FALSE,BANC_v888,RF,,tendon_model_missing,,,False
720575941641008741,motor,leg_motor_neuron,tibia_flexor,right,right_mesothoracic_leg_nerve,middle_leg,,flex_femur_tibia_joint,tibia_flexor_muscle,TRUE,FALSE,BANC_v888,RM,femurTibia,geometric_joint_candidate,,,False
720575941641621330,motor,leg_motor_neuron,accessory_tibia_flexor_A,right,right_mesothoracic_leg_nerve,middle_leg,,flex_femur_tibia_joint,accessory_tibia_flexor_muscle,TRUE,FALSE,BANC_v888,RM,femurTibia,geometric_joint_candidate,,,False
720575941641623327,motor,leg_motor_neuron,accessory_tibia_flexor_A,right,right_mesothoracic_leg_nerve,middle_leg,,flex_femur_tibia_joint,accessory_tibia_flexor_muscle,TRUE,FALSE,BANC_v888,RM,femurTibia,geometric_joint_candidate,,,False
720575941642303944,motor,leg_motor_neuron,tergotrochanter_extensor,left,left_ventral_prothoracic_nerve,front_leg,,extend_coxa_trochanter_joint,tergotrochanter_extensor_muscle,TRUE,FALSE,BANC_v888,LF,femurElevation,reduced_joint_candidate,,,False
720575941642444449,motor,leg_motor_neuron,accessory_tibia_flexor_B,right,right_metathoracic_leg_nerve,hind_leg,,flex_femur_tibia_joint,accessory_tibia_flexor_muscle,TRUE,FALSE,BANC_v888,RH,femurTibia,geometric_joint_candidate,,,False
720575941642450021,motor,leg_motor_neuron,accessory_trochanter_flexor,right,right_mesothoracic_leg_nerve,middle_leg,,flex_coxa_trochanter_joint,accessory_trochanter_flexor_muscle,TRUE,FALSE,BANC_v888,RM,femurElevation,reduced_joint_candidate,,,False
720575941643180901,motor,leg_motor_neuron,accessory_tibia_flexor_A,left,left_prothoracic_leg_nerve,front_leg,,flex_femur_tibia_joint,accessory_tibia_flexor_muscle,TRUE,FALSE,BANC_v888,LF,femurTibia,geometric_joint_candidate,,,False
720575941643248328,motor,leg_motor_neuron,accessory_tibia_flexor_A,left,left_metathoracic_leg_nerve,hind_leg,,flex_femur_tibia_joint,accessory_tibia_flexor_muscle,TRUE,FALSE,BANC_v888,LH,femurTibia,geometric_joint_candidate,,,False
720575941644192200,motor,leg_motor_neuron,trochanter_flexor_MesoAN,left,left_mesothoracic_leg_nerve,middle_leg,,flex_coxa_trochanter_joint,trochanter_flexor_muscle,TRUE,FALSE,BANC_v888,LM,femurElevation,reduced_joint_candidate,,,False
720575941644474312,motor,leg_motor_neuron,sternal_adductor_MesoLN_dorsal_5,right,right_mesothoracic_leg_nerve,middle_leg,,move_coxa_medial,sternal_adductor_muscle,TRUE,FALSE,BANC_v888,RM,coxaAzimuth,axis_calibration_required,,,False
720575941645259128,motor,leg_motor_neuron,sternal_posterior_rotator_MesoLN_dorsal_5,left,left_mesothoracic_leg_nerve,middle_leg,,move_coxa_posterior,sternal_posterior_rotator_muscle,TRUE,FALSE,BANC_v888,LM,coxaAzimuth,axis_calibration_required,,,False
720575941649909489,motor,leg_motor_neuron,femur_reductor,right,right_prothoracic_leg_nerve,front_leg,,unknown_leg_movement,femur_reductor_muscle,TRUE,FALSE,BANC_v888,RF,,function_unresolved,,,False
720575941649945329,motor,leg_motor_neuron,tergotrochanter_extensor_MetaAN,right,right_first_abdominal_nerve,hind_leg,,extend_coxa_trochanter_joint,tergotrochanter_extensor_muscle,TRUE,FALSE,BANC_v888,RH,femurElevation,reduced_joint_candidate,,,False
720575941651528177,motor,leg_motor_neuron,accessory_tibia_flexor_B,right,right_metathoracic_leg_nerve,hind_leg,,flex_femur_tibia_joint,accessory_tibia_flexor_muscle,TRUE,FALSE,BANC_v888,RH,femurTibia,geometric_joint_candidate,,,False
720575941655736344,motor,leg_motor_neuron,long_tendon_muscle_B_femur,right,right_metathoracic_leg_nerve,hind_leg,,pull_long_tendon,long_tendon_muscle,TRUE,FALSE,BANC_v888,RH,,tendon_model_missing,,,False
720575941656372304,motor,leg_motor_neuron,trochanter_flexor_VProN,right,right_ventral_prothoracic_nerve,front_leg,,flex_coxa_trochanter_joint,trochanter_flexor_muscle,TRUE,FALSE,BANC_v888,RF,femurElevation,reduced_joint_candidate,,,False
720575941658392344,motor,leg_motor_neuron,tibia_flexor,left,left_mesothoracic_leg_nerve,middle_leg,,flex_femur_tibia_joint,tibia_flexor_muscle,TRUE,FALSE,BANC_v888,LM,femurTibia,geometric_joint_candidate,,,False
720575941665281011,motor,leg_motor_neuron,accessory_trochanter_flexor_MetaLN,right,right_metathoracic_leg_nerve,hind_leg,,flex_coxa_trochanter_joint,accessory_trochanter_flexor_muscle,TRUE,FALSE,BANC_v888,RH,femurElevation,reduced_joint_candidate,,,False
720575941667370739,motor,leg_motor_neuron,tibia_flexor,left,left_prothoracic_leg_nerve,front_leg,,flex_femur_tibia_joint,tibia_flexor_muscle,TRUE,FALSE,BANC_v888,LF,femurTibia,geometric_joint_candidate,,,False
720575941667380979,motor,leg_motor_neuron,sternotrochanter_extensor,right,right_ventral_prothoracic_nerve,front_leg,,extend_coxa_trochanter_joint,sternotrochanter_extensor_muscle,TRUE,FALSE,BANC_v888,RF,femurElevation,reduced_joint_candidate,,,False
720575941668553639,motor,leg_motor_neuron,accessory_trochanter_flexor,left,left_mesothoracic_leg_nerve,middle_leg,,flex_coxa_trochanter_joint,accessory_trochanter_flexor_muscle,TRUE,FALSE,BANC_v888,LM,femurElevation,reduced_joint_candidate,,,False
720575941668683687,motor,leg_motor_neuron,tergopleural_promotor_pleural_promotor,left,left_dorsal_prothoracic_nerve,front_leg,,move_coxa_anterior,tergopleural_promotor_muscle,TRUE,FALSE,BANC_v888,LF,coxaAzimuth,axis_calibration_required,,,False
720575941679001021,motor,leg_motor_neuron,sternal_posterior_rotator_dorsomedial_ribbon,left,left_metathoracic_leg_nerve,hind_leg,,move_coxa_posterior,sternal_posterior_rotator_muscle,TRUE,FALSE,BANC_v888,LH,coxaAzimuth,axis_calibration_required,,,False
720575941680979133,motor,leg_motor_neuron,long_tendon_muscle_B_femur,left,left_mesothoracic_leg_nerve,middle_leg,,pull_long_tendon,long_tendon_muscle,TRUE,FALSE,BANC_v888,LM,,tendon_model_missing,,,False
720575941684824815,motor,leg_motor_neuron,sternal_posterior_rotator_MesoLN_dorsal_5,left,left_mesothoracic_leg_nerve,middle_leg,,move_coxa_posterior,sternal_posterior_rotator_muscle,TRUE,FALSE,BANC_v888,LM,coxaAzimuth,axis_calibration_required,,,False
720575941685804044,motor,leg_motor_neuron,tibia_flexor,right,right_mesothoracic_leg_nerve,middle_leg,,flex_femur_tibia_joint,tibia_flexor_muscle,TRUE,FALSE,BANC_v888,RM,femurTibia,geometric_joint_candidate,,,False
720575941687653238,motor,leg_motor_neuron,trochanter_extensor,left,left_mesothoracic_leg_nerve,middle_leg,,extend_coxa_trochanter_joint,trochanter_extensor_muscle,TRUE,FALSE,BANC_v888,LM,femurElevation,reduced_joint_candidate,,,False
720575941688270744,motor,leg_motor_neuron,tergotrochanter_extensor_MetaAN,right,right_first_abdominal_nerve,hind_leg,,extend_coxa_trochanter_joint,tergotrochanter_extensor_muscle,TRUE,FALSE,BANC_v888,RH,femurElevation,reduced_joint_candidate,,,False
720575941689495515,motor,leg_motor_neuron,long_tendon_muscle_ltm_B,left,left_metathoracic_leg_nerve,hind_leg,,pull_long_tendon,long_tendon_muscle,TRUE,FALSE,BANC_v888,LH,,tendon_model_missing,,,False
720575941691007896,motor,leg_motor_neuron,pleural_remotor_and_abductor_miller_29,right,right_prothoracic_accessory_nerve,front_leg,,move_coxa_posterior_lateral,pleural_remotor_and_abductor_muscle,TRUE,FALSE,BANC_v888,RF,coxaAzimuth,axis_calibration_required,,,False
720575941691080155,motor,leg_motor_neuron,trochanter_flexor_MesoLN_ventral_3,left,left_mesothoracic_leg_nerve,middle_leg,,flex_coxa_trochanter_joint,trochanter_flexor_muscle,TRUE,FALSE,BANC_v888,LM,femurElevation,reduced_joint_candidate,,,False
720575941692129243,motor,leg_motor_neuron,sternal_anterior_rotator_miller_31,right,right_ventral_prothoracic_nerve,front_leg,,move_coxa_anterior,sternal_anterior_rotator_muscle,TRUE,FALSE,BANC_v888,RF,coxaAzimuth,axis_calibration_required,,,False
720575941720479034,motor,leg_motor_neuron,trochanter_extensor,left,left_prothoracic_leg_nerve,front_leg,,extend_coxa_trochanter_joint,trochanter_extensor_muscle,TRUE,FALSE,BANC_v888,LF,femurElevation,reduced_joint_candidate,,,False
720575941720492346,motor,leg_motor_neuron,tarsus_depressor_B,left,left_prothoracic_leg_nerve,front_leg,,extend_tibia_tarsus_joint,tarsus_depressor_muscle,TRUE,FALSE,BANC_v888,LF,tibiaTarsus,geometric_joint_candidate,,,False
720575941722047290,motor,leg_motor_neuron,tarsus_depressor_dipalpha_ventralU,right,right_prothoracic_leg_nerve,front_leg,,extend_tibia_tarsus_joint,tarsus_depressor_muscle,TRUE,FALSE,BANC_v888,RF,tibiaTarsus,geometric_joint_candidate,,,False
720575941733197355,motor,leg_motor_neuron,trochanter_flexor_MesoLN_ventral_5,right,right_mesothoracic_leg_nerve,middle_leg,,flex_coxa_trochanter_joint,trochanter_flexor_muscle,TRUE,FALSE,BANC_v888,RM,femurElevation,reduced_joint_candidate,,,False
