old_synapse_id,pre_root_id,post_root_id,neuropil,new_same_pair_region_points,nearest_new_source_row,pre_distance_nm,post_distance_nm,midpoint_distance_nm,joint_distance_nm,exact_six_coordinate_match,interpretation
6359493,720575940623940963,720575940629825027,ME_R,21,9544988,97.406,88.453,86.948,93.038,no,Nearest call in same directed pair and neuropil; proximity does not prove same synapse
6359509,720575940623940963,720575940643144589,ME_R,5,15419966,542.129,267.492,403.767,427.467,no,Nearest call in same directed pair and neuropil; proximity does not prove same synapse
33053681,720575940623101978,720575940623940963,ME_R,0,,,,,,no,Nearest call in same directed pair and neuropil; proximity does not prove same synapse
33053793,720575940642650331,720575940623940963,ME_R,39,4219617,108.000,140.000,113.737,125.028,no,Nearest call in same directed pair and neuropil; proximity does not prove same synapse
33053842,720575940642650331,720575940623940963,ME_R,39,4844931,206.029,56.569,111.158,151.076,no,Nearest call in same directed pair and neuropil; proximity does not prove same synapse
33056890,720575940642650331,720575940623940963,ME_R,39,53645398,96.747,82.462,79.498,89.889,no,Nearest call in same directed pair and neuropil; proximity does not prove same synapse
34225999,720575940642650331,720575940623940963,ME_R,39,29125904,77.666,171.207,120.482,132.936,no,Nearest call in same directed pair and neuropil; proximity does not prove same synapse
91308745,720575940623940963,720575940625217294,ME_R,7,70181157,101.272,44.721,54.991,78.282,no,Nearest call in same directed pair and neuropil; proximity does not prove same synapse
91308751,720575940623940963,720575940642650331,ME_R,32,39388160,105.527,116.276,97.015,111.032,no,Nearest call in same directed pair and neuropil; proximity does not prove same synapse
91308769,720575940623940963,720575940620875373,ME_R,8,36958252,88.182,74.297,55.027,81.535,no,Nearest call in same directed pair and neuropil; proximity does not prove same synapse
91308816,720575940642650331,720575940623940963,ME_R,39,42444087,216.629,151.420,173.781,186.890,no,Nearest call in same directed pair and neuropil; proximity does not prove same synapse
91311413,720575940623940963,720575940625217294,ME_R,7,30380478,60.399,66.933,56.710,63.750,no,Nearest call in same directed pair and neuropil; proximity does not prove same synapse
94592059,720575940623940963,720575940642650331,ME_R,32,37897860,43.081,149.506,91.324,110.018,no,Nearest call in same directed pair and neuropil; proximity does not prove same synapse
94592078,720575940623940963,720575940620875373,ME_R,8,44637174,46.648,167.093,103.479,122.670,no,Nearest call in same directed pair and neuropil; proximity does not prove same synapse
95677333,720575940623940963,720575940642650331,ME_R,32,46910582,530.434,656.853,591.530,596.999,no,Nearest call in same directed pair and neuropil; proximity does not prove same synapse
115049224,720575940623940963,720575940621729775,ME_R,1,61008152,132.182,56.569,73.648,101.666,no,Nearest call in same directed pair and neuropil; proximity does not prove same synapse
116364299,720575940642650331,720575940623940963,ME_R,39,75428119,86.902,127.311,103.865,108.995,no,Nearest call in same directed pair and neuropil; proximity does not prove same synapse
116364350,720575940623940963,720575940642650331,ME_R,32,46124522,427.626,438.908,425.605,433.304,no,Nearest call in same directed pair and neuropil; proximity does not prove same synapse
116364362,720575940623940963,720575940636747639,ME_R,3,25363501,2633.304,2654.204,2640.352,2643.775,no,Nearest call in same directed pair and neuropil; proximity does not prove same synapse
188251569,720575940623940963,720575940615374954,ME_R,2,49257677,181.240,108.000,124.258,149.184,no,Nearest call in same directed pair and neuropil; proximity does not prove same synapse
188251585,720575940623940963,720575940635029273,ME_R,2,1792989,85.790,52.612,26.907,71.162,no,Nearest call in same directed pair and neuropil; proximity does not prove same synapse
188251592,720575940623940963,720575940615692230,ME_R,7,9858736,101.272,73.756,79.624,88.589,no,Nearest call in same directed pair and neuropil; proximity does not prove same synapse
188251597,720575940623940963,720575940615374954,ME_R,2,41266595,100.399,43.818,54.332,77.460,no,Nearest call in same directed pair and neuropil; proximity does not prove same synapse
188251598,720575940623940963,720575940635270044,ME_R,4,36878567,86.994,58.924,31.623,74.297,no,Nearest call in same directed pair and neuropil; proximity does not prove same synapse
188251605,720575940623940963,720575940632782756,ME_R,4,23171585,208.614,87.727,145.671,160.025,no,Nearest call in same directed pair and neuropil; proximity does not prove same synapse
188251606,720575940623940963,720575940628794884,ME_R,2,78326231,57.827,63.119,8.000,60.531,no,Nearest call in same directed pair and neuropil; proximity does not prove same synapse
188251620,720575940623940963,720575940629825027,ME_R,21,56933290,70.767,128.748,87.476,103.885,no,Nearest call in same directed pair and neuropil; proximity does not prove same synapse
188251631,720575940623940963,720575940632782756,ME_R,4,74568527,248.419,72.111,153.571,182.910,no,Nearest call in same directed pair and neuropil; proximity does not prove same synapse
188251632,720575940623940963,720575940629825027,ME_R,21,8526627,91.389,126.238,83.570,110.200,no,Nearest call in same directed pair and neuropil; proximity does not prove same synapse
188251633,720575940623940963,720575940615692230,ME_R,7,54740846,88.182,49.477,34.234,71.498,no,Nearest call in same directed pair and neuropil; proximity does not prove same synapse
188251642,720575940620065147,720575940623940963,ME_R,0,,,,,,no,Nearest call in same directed pair and neuropil; proximity does not prove same synapse
188251677,720575940638036336,720575940623940963,ME_R,0,,,,,,no,Nearest call in same directed pair and neuropil; proximity does not prove same synapse
188251691,720575940623940963,720575940638036336,ME_R,5,47378292,153.883,171.814,157.797,163.095,no,Nearest call in same directed pair and neuropil; proximity does not prove same synapse
202767171,720575940623940963,720575940642650331,ME_R,32,15656810,173.436,117.644,145.176,148.189,no,Nearest call in same directed pair and neuropil; proximity does not prove same synapse
202767266,720575940623940963,720575940642650331,ME_R,32,43854270,543.603,632.468,584.445,589.712,no,Nearest call in same directed pair and neuropil; proximity does not prove same synapse
202767277,720575940642650331,720575940623940963,ME_R,39,54899394,300.985,299.466,298.992,300.227,no,Nearest call in same directed pair and neuropil; proximity does not prove same synapse
207984877,720575940623940963,720575940633131731,ME_R,6,23093515,41.952,110.635,64.031,83.666,no,Nearest call in same directed pair and neuropil; proximity does not prove same synapse
207984878,720575940623940963,720575940640120142,ME_R,5,17848288,133.147,81.682,75.180,110.454,no,Nearest call in same directed pair and neuropil; proximity does not prove same synapse
207984879,720575940623940963,720575940620875373,ME_R,8,10722437,116.276,127.373,116.499,121.951,no,Nearest call in same directed pair and neuropil; proximity does not prove same synapse
207984966,720575940642650331,720575940623940963,ME_R,39,16202466,313.662,91.302,199.239,230.998,no,Nearest call in same directed pair and neuropil; proximity does not prove same synapse
207989555,720575940642650331,720575940623940963,ME_R,39,16202466,52.612,97.652,67.320,78.435,no,Nearest call in same directed pair and neuropil; proximity does not prove same synapse
215521204,720575940642650331,720575940623940963,ME_R,39,12445383,74.833,122.376,90.377,101.430,no,Nearest call in same directed pair and neuropil; proximity does not prove same synapse
215521226,720575940642650331,720575940623940963,ME_R,39,66023524,307.246,362.436,333.167,335.976,no,Nearest call in same directed pair and neuropil; proximity does not prove same synapse
215521234,720575940642650331,720575940623940963,ME_R,39,55995970,178.348,182.954,180.577,180.665,no,Nearest call in same directed pair and neuropil; proximity does not prove same synapse
215521240,720575940642650331,720575940623940963,ME_R,39,55995970,364.812,254.558,304.263,314.554,no,Nearest call in same directed pair and neuropil; proximity does not prove same synapse
226787818,720575940642650331,720575940623940963,ME_R,39,61793578,879.536,1165.731,1014.996,1032.597,no,Nearest call in same directed pair and neuropil; proximity does not prove same synapse
226787829,720575940623940963,720575940620875373,ME_R,8,77777856,93.638,178.213,128.390,142.352,no,Nearest call in same directed pair and neuropil; proximity does not prove same synapse
226787830,720575940623940963,720575940637663710,ME_R,5,5235196,48.990,147.078,79.649,109.618,no,Nearest call in same directed pair and neuropil; proximity does not prove same synapse
