pre_root_id,post_root_id,neuropil,old_Buhmann_points,new_Princeton_points,in_both_point_exports,interpretation
720575940604650464,720575940623940963,,0,1,no,"Shared directed pair and region is detector agreement at partner level, not point identity"
720575940604650464,720575940623940963,ME_R,0,1,no,"Shared directed pair and region is detector agreement at partner level, not point identity"
720575940606097068,720575940623940963,ME_R,0,2,no,"Shared directed pair and region is detector agreement at partner level, not point identity"
720575940620065147,720575940623940963,ME_R,1,0,no,"Shared directed pair and region is detector agreement at partner level, not point identity"
720575940623101978,720575940623940963,ME_R,1,0,no,"Shared directed pair and region is detector agreement at partner level, not point identity"
720575940623940963,720575940606097068,ME_R,0,2,no,"Shared directed pair and region is detector agreement at partner level, not point identity"
720575940623940963,720575940615374954,ME_R,2,2,yes,"Shared directed pair and region is detector agreement at partner level, not point identity"
720575940623940963,720575940615692230,ME_R,2,7,yes,"Shared directed pair and region is detector agreement at partner level, not point identity"
720575940623940963,720575940616530210,ME_R,0,2,no,"Shared directed pair and region is detector agreement at partner level, not point identity"
720575940623940963,720575940616991371,ME_R,0,1,no,"Shared directed pair and region is detector agreement at partner level, not point identity"
720575940623940963,720575940619836269,ME_R,0,1,no,"Shared directed pair and region is detector agreement at partner level, not point identity"
720575940623940963,720575940620118881,ME_R,0,1,no,"Shared directed pair and region is detector agreement at partner level, not point identity"
720575940623940963,720575940620627476,ME_R,0,3,no,"Shared directed pair and region is detector agreement at partner level, not point identity"
720575940623940963,720575940620875373,ME_R,4,8,yes,"Shared directed pair and region is detector agreement at partner level, not point identity"
720575940623940963,720575940621729775,ME_R,1,1,yes,"Shared directed pair and region is detector agreement at partner level, not point identity"
720575940623940963,720575940623949336,ME_R,0,3,no,"Shared directed pair and region is detector agreement at partner level, not point identity"
720575940623940963,720575940625217294,LA_R,0,2,no,"Shared directed pair and region is detector agreement at partner level, not point identity"
720575940623940963,720575940625217294,ME_R,2,7,yes,"Shared directed pair and region is detector agreement at partner level, not point identity"
720575940623940963,720575940626813758,ME_R,0,1,no,"Shared directed pair and region is detector agreement at partner level, not point identity"
720575940623940963,720575940628753128,ME_R,0,12,no,"Shared directed pair and region is detector agreement at partner level, not point identity"
720575940623940963,720575940628794884,ME_R,1,2,yes,"Shared directed pair and region is detector agreement at partner level, not point identity"
720575940623940963,720575940629371978,ME_R,0,1,no,"Shared directed pair and region is detector agreement at partner level, not point identity"
720575940623940963,720575940629465094,ME_R,0,1,no,"Shared directed pair and region is detector agreement at partner level, not point identity"
720575940623940963,720575940629825027,ME_R,3,21,yes,"Shared directed pair and region is detector agreement at partner level, not point identity"
720575940623940963,720575940630615543,ME_R,0,1,no,"Shared directed pair and region is detector agreement at partner level, not point identity"
720575940623940963,720575940630761467,ME_R,0,2,no,"Shared directed pair and region is detector agreement at partner level, not point identity"
720575940623940963,720575940632035385,ME_R,0,4,no,"Shared directed pair and region is detector agreement at partner level, not point identity"
720575940623940963,720575940632358186,ME_R,0,1,no,"Shared directed pair and region is detector agreement at partner level, not point identity"
720575940623940963,720575940632782756,ME_R,2,4,yes,"Shared directed pair and region is detector agreement at partner level, not point identity"
720575940623940963,720575940633131731,ME_R,1,6,yes,"Shared directed pair and region is detector agreement at partner level, not point identity"
720575940623940963,720575940635029273,ME_R,1,2,yes,"Shared directed pair and region is detector agreement at partner level, not point identity"
720575940623940963,720575940635270044,ME_R,1,4,yes,"Shared directed pair and region is detector agreement at partner level, not point identity"
720575940623940963,720575940636747639,ME_R,1,3,yes,"Shared directed pair and region is detector agreement at partner level, not point identity"
720575940623940963,720575940637663710,ME_R,1,5,yes,"Shared directed pair and region is detector agreement at partner level, not point identity"
720575940623940963,720575940638036336,ME_R,1,5,yes,"Shared directed pair and region is detector agreement at partner level, not point identity"
720575940623940963,720575940638950463,ME_R,0,2,no,"Shared directed pair and region is detector agreement at partner level, not point identity"
720575940623940963,720575940640120142,ME_R,1,5,yes,"Shared directed pair and region is detector agreement at partner level, not point identity"
720575940623940963,720575940642650331,ME_R,6,32,yes,"Shared directed pair and region is detector agreement at partner level, not point identity"
720575940623940963,720575940643144589,ME_R,1,5,yes,"Shared directed pair and region is detector agreement at partner level, not point identity"
720575940623940963,720575940647580468,ME_R,0,4,no,"Shared directed pair and region is detector agreement at partner level, not point identity"
720575940623940963,720575940647731252,ME_R,0,2,no,"Shared directed pair and region is detector agreement at partner level, not point identity"
720575940623942408,720575940623940963,ME_R,0,1,no,"Shared directed pair and region is detector agreement at partner level, not point identity"
720575940629465094,720575940623940963,ME_R,0,1,no,"Shared directed pair and region is detector agreement at partner level, not point identity"
720575940629825027,720575940623940963,ME_R,0,1,no,"Shared directed pair and region is detector agreement at partner level, not point identity"
720575940635029273,720575940623940963,ME_R,0,1,no,"Shared directed pair and region is detector agreement at partner level, not point identity"
720575940638036336,720575940623940963,ME_R,1,0,no,"Shared directed pair and region is detector agreement at partner level, not point identity"
720575940642650331,720575940623940963,ME_R,14,39,yes,"Shared directed pair and region is detector agreement at partner level, not point identity"
720575940647580468,720575940623940963,ME_R,0,1,no,"Shared directed pair and region is detector agreement at partner level, not point identity"
