dn_id,dn_type,dn_side,detector,threshold,direct_motor_count,two_edge_path_count,within_two_motor_count
720575941394119830,DNp42,right,v2,1,0,3293,383
720575941401814307,DNge050,left,v2,1,72,11548,386
720575941402821923,DNp05,left,v2,1,21,3627,374
720575941404981360,DNp17,left,v2,1,0,109,84
720575941407841071,DNp07,left,v2,1,26,5924,385
720575941409519022,DNp02,left,v2,1,12,3755,377
720575941415598737,DNb08,right,v2,1,0,4424,363
720575941432123640,DNa01,right,v2,1,37,6913,373
720575941433155799,DNp09,right,v2,1,6,4188,379
720575941438773548,DNae003,left,v2,1,0,307,168
720575941439437586,DNb05,left,v2,1,24,5791,377
720575941439563583,DNge053,right,v2,1,5,3374,380
720575941440683743,DNp10,left,v2,1,93,9832,390
720575941445859754,DNg13,left,v2,1,21,5974,360
720575941447863316,DNb05,right,v2,1,28,5726,381
720575941447973140,DNb02,left,v2,1,0,406,200
720575941451068597,DNp01,right,v2,1,1,866,284
720575941454279593,DNae003,right,v2,1,0,299,180
720575941455714541,DNb02,right,v2,1,0,553,231
720575941456897005,DNa02,right,v2,1,26,3907,329
720575941459103391,DNg79,left,v2,1,29,4601,382
720575941467350237,DNg79,right,v2,1,15,3768,371
720575941476852254,DNg62,right,v2,1,7,3319,354
720575941478215985,DNp11,right,v2,1,21,4399,386
720575941480554370,DNg79,right,v2,1,21,3900,377
720575941486587714,DNp17,left,v2,1,0,129,86
720575941486612034,DNa03,right,v2,1,0,883,270
720575941489377737,DNp17,right,v2,1,0,96,77
720575941491012809,MDN,left,v2,1,3,3234,351
720575941491055820,DNp17,left,v2,1,0,170,114
720575941491065653,MDN,left,v2,1,3,3122,359
720575941494960254,DNg79,left,v2,1,24,4827,385
720575941499708745,MDN,right,v2,1,0,2638,350
720575941500851362,DNg100,right,v2,1,117,16530,387
720575941502628695,DNp15,right,v2,1,11,810,247
720575941504526386,DNg55,right,v2,1,0,3196,374
720575941504703938,DNb02,left,v2,1,0,394,173
720575941507073303,DNp02,right,v2,1,17,3840,373
720575941509145950,DNp01,left,v2,1,1,1017,274
720575941510475536,DNa02,left,v2,1,30,3557,348
720575941519274968,DNp17,right,v2,1,0,195,121
720575941519464046,DNg97,left,v2,1,46,9698,381
720575941520203436,DNp17,left,v2,1,0,152,112
720575941526946562,DNa11,right,v2,1,1,3515,371
720575941528667814,DNp05,right,v2,1,14,3514,369
720575941534222770,DNp15,left,v2,1,9,757,246
720575941534881368,DNb08,left,v2,1,0,3892,365
720575941535086424,DNg13,right,v2,1,12,6328,376
720575941535097578,DNge012,right,v2,1,17,3716,271
720575941535705778,DNp17,left,v2,1,0,114,89
720575941535862506,DNa01,left,v2,1,29,6598,384
720575941536048321,DNge078,right,v2,1,11,2231,248
720575941536301288,DNb02,right,v2,1,0,323,162
720575941536353880,DNp42,left,v2,1,0,3549,378
720575941542617117,DNp17,right,v2,1,0,42,34
720575941545432425,DNb08,right,v2,1,3,4255,357
720575941545991429,DNp07,right,v2,1,33,5223,382
720575941549273992,DNp47,right,v2,1,42,6788,389
720575941550687805,DNge050,right,v2,1,62,11886,391
720575941551589181,DNp11,left,v2,1,20,4681,378
720575941552142727,DNa03,left,v2,1,0,738,249
720575941554952858,DNge053,left,v2,1,2,4378,384
720575941559874831,DNp04,right,v2,1,0,3334,370
720575941560162798,DNp35,left,v2,1,0,3490,373
720575941563334912,DNp17,right,v2,1,0,140,105
720575941566493282,DNp09,left,v2,1,3,4433,385
720575941572669342,DNb06,right,v2,1,21,2587,343
720575941572713886,DNg97,right,v2,1,35,8729,385
720575941574467997,DNp17,right,v2,1,0,11,11
720575941574790664,DNge078,left,v2,1,13,2606,270
720575941583264121,DNp04,left,v2,1,0,3186,375
720575941586099334,DNge012,right,v2,1,9,2955,293
720575941588409924,DNp17,right,v2,1,0,6,4
720575941592629132,DNge011,right,v2,1,15,4540,311
720575941593683051,DNp10,right,v2,1,86,9140,390
720575941594716523,DNb06,left,v2,1,38,2829,353
720575941595193558,DNp35,right,v2,1,2,3755,371
720575941595517735,DNg75,left,v2,1,38,8896,388
720575941595827158,DNg75,right,v2,1,49,10019,385
720575941598693824,DNp17,left,v2,1,1,100,65
720575941600262848,DNge011,left,v2,1,7,4101,319
720575941611791590,DNp06,left,v2,1,3,5964,387
720575941614906387,MDN,right,v2,1,3,2837,354
720575941616284629,DNp17,right,v2,1,0,120,82
720575941618597333,DNp17,right,v2,1,0,5,5
720575941626500746,DNg100,left,v2,1,122,17577,390
720575941630081574,DNp17,left,v2,1,0,130,97
720575941646451361,DNp47,left,v2,1,33,6440,385
720575941657879576,DNp06,right,v2,1,1,5211,385
720575941663497084,DNa11,left,v2,1,1,3184,378
720575941704434394,DNg62,left,v2,1,8,3253,352
720575941724184890,DNb08,left,v2,1,2,4514,364
720575941394119830,DNp42,right,v2,5,0,538,229
720575941401814307,DNge050,left,v2,5,24,1233,283
720575941402821923,DNp05,left,v2,5,6,296,178
720575941404981360,DNp17,left,v2,5,0,9,9
720575941407841071,DNp07,left,v2,5,6,530,248
720575941409519022,DNp02,left,v2,5,4,827,246
720575941415598737,DNb08,right,v2,5,0,631,218
720575941432123640,DNa01,right,v2,5,14,888,246
720575941433155799,DNp09,right,v2,5,0,458,204
720575941438773548,DNae003,left,v2,5,0,20,20
720575941439437586,DNb05,left,v2,5,7,813,243
720575941439563583,DNge053,right,v2,5,0,166,106
720575941440683743,DNp10,left,v2,5,40,998,316
720575941445859754,DNg13,left,v2,5,3,667,202
720575941447863316,DNb05,right,v2,5,11,817,243
720575941447973140,DNb02,left,v2,5,0,44,32
720575941451068597,DNp01,right,v2,5,1,69,61
720575941454279593,DNae003,right,v2,5,0,0,0
720575941455714541,DNb02,right,v2,5,0,41,34
720575941456897005,DNa02,right,v2,5,14,471,173
720575941459103391,DNg79,left,v2,5,9,632,250
720575941467350237,DNg79,right,v2,5,8,540,227
720575941476852254,DNg62,right,v2,5,3,325,127
720575941478215985,DNp11,right,v2,5,5,755,252
720575941480554370,DNg79,right,v2,5,10,576,232
720575941486587714,DNp17,left,v2,5,0,16,16
720575941486612034,DNa03,right,v2,5,0,129,69
720575941489377737,DNp17,right,v2,5,0,27,26
720575941491012809,MDN,left,v2,5,0,373,185
720575941491055820,DNp17,left,v2,5,0,12,9
720575941491065653,MDN,left,v2,5,0,394,182
720575941494960254,DNg79,left,v2,5,12,605,239
720575941499708745,MDN,right,v2,5,0,256,144
720575941500851362,DNg100,right,v2,5,57,1798,315
720575941502628695,DNp15,right,v2,5,4,78,51
720575941504526386,DNg55,right,v2,5,0,784,266
720575941504703938,DNb02,left,v2,5,0,53,41
720575941507073303,DNp02,right,v2,5,5,748,241
720575941509145950,DNp01,left,v2,5,1,51,42
720575941510475536,DNa02,left,v2,5,16,415,154
720575941519274968,DNp17,right,v2,5,0,0,0
720575941519464046,DNg97,left,v2,5,13,1314,283
720575941520203436,DNp17,left,v2,5,0,33,28
720575941526946562,DNa11,right,v2,5,0,444,216
720575941528667814,DNp05,right,v2,5,4,245,137
720575941534222770,DNp15,left,v2,5,2,52,43
720575941534881368,DNb08,left,v2,5,0,510,222
720575941535086424,DNg13,right,v2,5,2,685,224
720575941535097578,DNge012,right,v2,5,7,417,93
720575941535705778,DNp17,left,v2,5,0,0,0
720575941535862506,DNa01,left,v2,5,12,911,243
720575941536048321,DNge078,right,v2,5,2,215,77
720575941536301288,DNb02,right,v2,5,0,38,30
720575941536353880,DNp42,left,v2,5,0,504,242
720575941542617117,DNp17,right,v2,5,0,2,2
720575941545432425,DNb08,right,v2,5,0,651,223
720575941545991429,DNp07,right,v2,5,6,522,231
720575941549273992,DNp47,right,v2,5,11,955,284
720575941550687805,DNge050,right,v2,5,26,1347,296
720575941551589181,DNp11,left,v2,5,7,702,242
720575941552142727,DNa03,left,v2,5,0,109,62
720575941554952858,DNge053,left,v2,5,0,166,116
720575941559874831,DNp04,right,v2,5,0,564,226
720575941560162798,DNp35,left,v2,5,0,1000,256
720575941563334912,DNp17,right,v2,5,0,29,27
720575941566493282,DNp09,left,v2,5,1,270,177
720575941572669342,DNb06,right,v2,5,7,287,157
720575941572713886,DNg97,right,v2,5,11,1279,303
720575941574467997,DNp17,right,v2,5,0,2,2
720575941574790664,DNge078,left,v2,5,4,216,76
720575941583264121,DNp04,left,v2,5,0,694,248
720575941586099334,DNge012,right,v2,5,1,301,95
720575941588409924,DNp17,right,v2,5,0,0,0
720575941592629132,DNge011,right,v2,5,3,530,128
720575941593683051,DNp10,right,v2,5,36,998,318
720575941594716523,DNb06,left,v2,5,12,336,166
720575941595193558,DNp35,right,v2,5,0,837,256
720575941595517735,DNg75,left,v2,5,11,1289,303
720575941595827158,DNg75,right,v2,5,17,1158,283
720575941598693824,DNp17,left,v2,5,0,4,4
720575941600262848,DNge011,left,v2,5,1,405,101
720575941611791590,DNp06,left,v2,5,1,922,262
720575941614906387,MDN,right,v2,5,0,357,164
720575941616284629,DNp17,right,v2,5,0,28,26
720575941618597333,DNp17,right,v2,5,0,0,0
720575941626500746,DNg100,left,v2,5,58,2107,312
720575941630081574,DNp17,left,v2,5,0,9,9
720575941646451361,DNp47,left,v2,5,9,971,291
720575941657879576,DNp06,right,v2,5,1,864,290
720575941663497084,DNa11,left,v2,5,0,263,154
720575941704434394,DNg62,left,v2,5,1,304,136
720575941724184890,DNb08,left,v2,5,0,670,258
720575941394119830,DNp42,right,v3,1,0,3428,380
720575941401814307,DNge050,left,v3,1,81,12781,389
720575941402821923,DNp05,left,v3,1,22,4722,383
720575941404981360,DNp17,left,v3,1,0,64,46
720575941407841071,DNp07,left,v3,1,31,6494,385
720575941409519022,DNp02,left,v3,1,11,4080,375
720575941415598737,DNb08,right,v3,1,0,4438,363
720575941432123640,DNa01,right,v3,1,41,7555,377
720575941433155799,DNp09,right,v3,1,8,4710,381
720575941438773548,DNae003,left,v3,1,0,343,172
720575941439437586,DNb05,left,v3,1,25,5536,379
720575941439563583,DNge053,right,v3,1,6,4488,386
720575941440683743,DNp10,left,v3,1,96,10438,388
720575941445859754,DNg13,left,v3,1,23,6356,362
720575941447863316,DNb05,right,v3,1,27,6508,381
720575941447973140,DNb02,left,v3,1,0,323,165
720575941451068597,DNp01,right,v3,1,1,1119,290
720575941454279593,DNae003,right,v3,1,0,290,171
720575941455714541,DNb02,right,v3,1,0,644,260
720575941456897005,DNa02,right,v3,1,27,4343,337
720575941459103391,DNg79,left,v3,1,31,4752,379
720575941467350237,DNg79,right,v3,1,15,3977,381
720575941476852254,DNg62,right,v3,1,8,3586,356
720575941478215985,DNp11,right,v3,1,22,4828,387
720575941480554370,DNg79,right,v3,1,18,4206,383
720575941486587714,DNp17,left,v3,1,0,168,112
720575941486612034,DNa03,right,v3,1,0,869,271
720575941489377737,DNp17,right,v3,1,0,101,77
720575941491012809,MDN,left,v3,1,3,3318,357
720575941491055820,DNp17,left,v3,1,0,162,111
720575941491065653,MDN,left,v3,1,6,3538,360
720575941494960254,DNg79,left,v3,1,23,4672,380
720575941499708745,MDN,right,v3,1,1,2839,353
720575941500851362,DNg100,right,v3,1,118,16672,388
720575941502628695,DNp15,right,v3,1,11,893,256
720575941504526386,DNg55,right,v3,1,0,3430,376
720575941504703938,DNb02,left,v3,1,0,404,187
720575941507073303,DNp02,right,v3,1,17,4182,373
720575941509145950,DNp01,left,v3,1,1,930,247
720575941510475536,DNa02,left,v3,1,30,4005,355
720575941519274968,DNp17,right,v3,1,0,134,90
720575941519464046,DNg97,left,v3,1,47,10665,386
720575941520203436,DNp17,left,v3,1,0,156,114
720575941526946562,DNa11,right,v3,1,2,4044,377
720575941528667814,DNp05,right,v3,1,14,3795,371
720575941534222770,DNp15,left,v3,1,9,1046,276
720575941534881368,DNb08,left,v3,1,1,4067,365
720575941535086424,DNg13,right,v3,1,12,5732,379
720575941535097578,DNge012,right,v3,1,16,3814,271
720575941535705778,DNp17,left,v3,1,0,130,94
720575941535862506,DNa01,left,v3,1,31,7121,384
720575941536048321,DNge078,right,v3,1,11,2678,313
720575941536301288,DNb02,right,v3,1,0,298,159
720575941536353880,DNp42,left,v3,1,0,3726,377
720575941542617117,DNp17,right,v3,1,0,69,58
720575941545432425,DNb08,right,v3,1,2,4195,361
720575941545991429,DNp07,right,v3,1,36,5689,389
720575941549273992,DNp47,right,v3,1,41,6946,386
720575941550687805,DNge050,right,v3,1,68,12466,390
720575941551589181,DNp11,left,v3,1,21,5188,383
720575941552142727,DNa03,left,v3,1,0,736,256
720575941554952858,DNge053,left,v3,1,4,5270,387
720575941559874831,DNp04,right,v3,1,0,3388,371
720575941560162798,DNp35,left,v3,1,0,3575,374
720575941563334912,DNp17,right,v3,1,0,142,98
720575941566493282,DNp09,left,v3,1,5,5091,383
720575941572669342,DNb06,right,v3,1,23,2712,350
720575941572713886,DNg97,right,v3,1,33,8919,390
720575941574467997,DNp17,right,v3,1,0,16,13
720575941574790664,DNge078,left,v3,1,14,2481,269
720575941583264121,DNp04,left,v3,1,0,3361,374
720575941586099334,DNge012,right,v3,1,7,2654,290
720575941588409924,DNp17,right,v3,1,0,13,10
720575941592629132,DNge011,right,v3,1,13,4558,325
720575941593683051,DNp10,right,v3,1,94,9881,389
720575941594716523,DNb06,left,v3,1,36,3346,352
720575941595193558,DNp35,right,v3,1,2,3880,377
720575941595517735,DNg75,left,v3,1,45,10113,386
720575941595827158,DNg75,right,v3,1,51,10003,389
720575941598693824,DNp17,left,v3,1,1,122,93
720575941600262848,DNge011,left,v3,1,9,3973,336
720575941611791590,DNp06,left,v3,1,4,6724,387
720575941614906387,MDN,right,v3,1,2,3055,345
720575941616284629,DNp17,right,v3,1,0,133,91
720575941618597333,DNp17,right,v3,1,0,5,5
720575941626500746,DNg100,left,v3,1,128,19538,391
720575941630081574,DNp17,left,v3,1,0,80,59
720575941646451361,DNp47,left,v3,1,33,6647,387
720575941657879576,DNp06,right,v3,1,2,5691,386
720575941663497084,DNa11,left,v3,1,1,3510,377
720575941704434394,DNg62,left,v3,1,8,3528,361
720575941724184890,DNb08,left,v3,1,2,4380,366
720575941394119830,DNp42,right,v3,5,0,599,236
720575941401814307,DNge050,left,v3,5,25,1505,295
720575941402821923,DNp05,left,v3,5,7,350,194
720575941404981360,DNp17,left,v3,5,0,12,12
720575941407841071,DNp07,left,v3,5,7,676,269
720575941409519022,DNp02,left,v3,5,5,1011,268
720575941415598737,DNb08,right,v3,5,0,668,230
720575941432123640,DNa01,right,v3,5,15,1137,270
720575941433155799,DNp09,right,v3,5,0,388,208
720575941438773548,DNae003,left,v3,5,0,18,13
720575941439437586,DNb05,left,v3,5,6,967,270
720575941439563583,DNge053,right,v3,5,0,185,117
720575941440683743,DNp10,left,v3,5,44,1061,319
720575941445859754,DNg13,left,v3,5,5,698,187
720575941447863316,DNb05,right,v3,5,11,955,264
720575941447973140,DNb02,left,v3,5,0,59,43
720575941451068597,DNp01,right,v3,5,1,110,75
720575941454279593,DNae003,right,v3,5,0,15,15
720575941455714541,DNb02,right,v3,5,0,43,35
720575941456897005,DNa02,right,v3,5,15,503,187
720575941459103391,DNg79,left,v3,5,9,669,261
720575941467350237,DNg79,right,v3,5,8,628,246
720575941476852254,DNg62,right,v3,5,3,412,197
720575941478215985,DNp11,right,v3,5,5,852,273
720575941480554370,DNg79,right,v3,5,10,586,234
720575941486587714,DNp17,left,v3,5,0,16,16
720575941486612034,DNa03,right,v3,5,0,113,71
720575941489377737,DNp17,right,v3,5,0,29,26
720575941491012809,MDN,left,v3,5,0,394,185
720575941491055820,DNp17,left,v3,5,0,18,12
720575941491065653,MDN,left,v3,5,0,378,179
720575941494960254,DNg79,left,v3,5,11,674,258
720575941499708745,MDN,right,v3,5,0,332,165
720575941500851362,DNg100,right,v3,5,57,1972,327
720575941502628695,DNp15,right,v3,5,4,84,57
720575941504526386,DNg55,right,v3,5,0,778,262
720575941504703938,DNb02,left,v3,5,0,59,44
720575941507073303,DNp02,right,v3,5,5,813,249
720575941509145950,DNp01,left,v3,5,1,83,57
720575941510475536,DNa02,left,v3,5,16,492,170
720575941519274968,DNp17,right,v3,5,0,0,0
720575941519464046,DNg97,left,v3,5,15,1576,310
720575941520203436,DNp17,left,v3,5,0,35,32
720575941526946562,DNa11,right,v3,5,0,588,240
720575941528667814,DNp05,right,v3,5,6,271,146
720575941534222770,DNp15,left,v3,5,2,100,73
720575941534881368,DNb08,left,v3,5,0,605,237
720575941535086424,DNg13,right,v3,5,2,681,218
720575941535097578,DNge012,right,v3,5,7,447,89
720575941535705778,DNp17,left,v3,5,0,0,0
720575941535862506,DNa01,left,v3,5,12,1061,261
720575941536048321,DNge078,right,v3,5,3,217,79
720575941536301288,DNb02,right,v3,5,0,41,32
720575941536353880,DNp42,left,v3,5,0,525,237
720575941542617117,DNp17,right,v3,5,0,5,5
720575941545432425,DNb08,right,v3,5,0,691,234
720575941545991429,DNp07,right,v3,5,6,632,265
720575941549273992,DNp47,right,v3,5,9,1085,297
720575941550687805,DNge050,right,v3,5,30,1382,305
720575941551589181,DNp11,left,v3,5,10,872,260
720575941552142727,DNa03,left,v3,5,0,136,72
720575941554952858,DNge053,left,v3,5,0,186,122
720575941559874831,DNp04,right,v3,5,0,731,256
720575941560162798,DNp35,left,v3,5,0,1041,260
720575941563334912,DNp17,right,v3,5,0,33,29
720575941566493282,DNp09,left,v3,5,1,308,189
720575941572669342,DNb06,right,v3,5,7,329,184
720575941572713886,DNg97,right,v3,5,11,1361,314
720575941574467997,DNp17,right,v3,5,0,3,3
720575941574790664,DNge078,left,v3,5,4,249,80
720575941583264121,DNp04,left,v3,5,0,722,253
720575941586099334,DNge012,right,v3,5,1,336,106
720575941588409924,DNp17,right,v3,5,0,0,0
720575941592629132,DNge011,right,v3,5,3,552,135
720575941593683051,DNp10,right,v3,5,40,1094,320
720575941594716523,DNb06,left,v3,5,12,413,199
720575941595193558,DNp35,right,v3,5,0,1133,260
720575941595517735,DNg75,left,v3,5,12,1498,307
720575941595827158,DNg75,right,v3,5,19,1290,288
720575941598693824,DNp17,left,v3,5,0,5,5
720575941600262848,DNge011,left,v3,5,2,429,114
720575941611791590,DNp06,left,v3,5,1,1040,271
720575941614906387,MDN,right,v3,5,0,474,199
720575941616284629,DNp17,right,v3,5,0,33,29
720575941618597333,DNp17,right,v3,5,0,0,0
720575941626500746,DNg100,left,v3,5,66,2622,323
720575941630081574,DNp17,left,v3,5,0,15,12
720575941646451361,DNp47,left,v3,5,12,1050,297
720575941657879576,DNp06,right,v3,5,1,918,278
720575941663497084,DNa11,left,v3,5,0,390,188
720575941704434394,DNg62,left,v3,5,2,354,159
720575941724184890,DNb08,left,v3,5,0,691,265
720575941394119830,DNp42,right,common,1,0,2640,377
720575941401814307,DNge050,left,common,1,71,9187,385
720575941402821923,DNp05,left,common,1,21,3115,364
720575941404981360,DNp17,left,common,1,0,54,38
720575941407841071,DNp07,left,common,1,26,4730,380
720575941409519022,DNp02,left,common,1,11,3330,370
720575941415598737,DNb08,right,common,1,0,3596,351
720575941432123640,DNa01,right,common,1,37,5481,369
720575941433155799,DNp09,right,common,1,6,3293,372
720575941438773548,DNae003,left,common,1,0,211,130
720575941439437586,DNb05,left,common,1,22,4305,370
720575941439563583,DNge053,right,common,1,5,2435,370
720575941440683743,DNp10,left,common,1,91,7504,387
720575941445859754,DNg13,left,common,1,20,4657,352
720575941447863316,DNb05,right,common,1,24,4811,377
720575941447973140,DNb02,left,common,1,0,257,148
720575941451068597,DNp01,right,common,1,1,730,259
720575941454279593,DNae003,right,common,1,0,146,108
720575941455714541,DNb02,right,common,1,0,479,216
720575941456897005,DNa02,right,common,1,26,3228,321
720575941459103391,DNg79,left,common,1,27,3510,376
720575941467350237,DNg79,right,common,1,15,2981,366
720575941476852254,DNg62,right,common,1,7,2614,343
720575941478215985,DNp11,right,common,1,19,3797,383
720575941480554370,DNg79,right,common,1,18,3198,373
720575941486587714,DNp17,left,common,1,0,105,77
720575941486612034,DNa03,right,common,1,0,658,238
720575941489377737,DNp17,right,common,1,0,84,69
720575941491012809,MDN,left,common,1,2,2588,344
720575941491055820,DNp17,left,common,1,0,137,95
720575941491065653,MDN,left,common,1,3,2618,354
720575941494960254,DNg79,left,common,1,21,3494,374
720575941499708745,MDN,right,common,1,0,2169,339
720575941500851362,DNg100,right,common,1,110,12170,385
720575941502628695,DNp15,right,common,1,10,654,219
720575941504526386,DNg55,right,common,1,0,2653,368
720575941504703938,DNb02,left,common,1,0,295,153
720575941507073303,DNp02,right,common,1,17,3341,365
720575941509145950,DNp01,left,common,1,1,677,217
720575941510475536,DNa02,left,common,1,29,2872,340
720575941519274968,DNp17,right,common,1,0,106,77
720575941519464046,DNg97,left,common,1,44,8048,380
720575941520203436,DNp17,left,common,1,0,129,98
720575941526946562,DNa11,right,common,1,1,2948,366
720575941528667814,DNp05,right,common,1,12,2639,362
720575941534222770,DNp15,left,common,1,8,605,233
720575941534881368,DNb08,left,common,1,0,3083,356
720575941535086424,DNg13,right,common,1,10,4182,359
720575941535097578,DNge012,right,common,1,15,2948,249
720575941535705778,DNp17,left,common,1,0,106,84
720575941535862506,DNa01,left,common,1,26,5401,383
720575941536048321,DNge078,right,common,1,11,1676,228
720575941536301288,DNb02,right,common,1,0,234,137
720575941536353880,DNp42,left,common,1,0,2939,371
720575941542617117,DNp17,right,common,1,0,39,32
720575941545432425,DNb08,right,common,1,1,3273,349
720575941545991429,DNp07,right,common,1,29,4144,381
720575941549273992,DNp47,right,common,1,38,5289,384
720575941550687805,DNge050,right,common,1,58,8985,387
720575941551589181,DNp11,left,common,1,20,4038,373
720575941552142727,DNa03,left,common,1,0,620,237
720575941554952858,DNge053,left,common,1,2,3605,378
720575941559874831,DNp04,right,common,1,0,2847,363
720575941560162798,DNp35,left,common,1,0,2935,360
720575941563334912,DNp17,right,common,1,0,115,84
720575941566493282,DNp09,left,common,1,3,3625,379
720575941572669342,DNb06,right,common,1,21,2048,331
720575941572713886,DNg97,right,common,1,32,6669,383
720575941574467997,DNp17,right,common,1,0,9,9
720575941574790664,DNge078,left,common,1,12,1832,232
720575941583264121,DNp04,left,common,1,0,2850,370
720575941586099334,DNge012,right,common,1,7,2042,276
720575941588409924,DNp17,right,common,1,0,6,4
720575941592629132,DNge011,right,common,1,12,3370,278
720575941593683051,DNp10,right,common,1,84,6777,389
720575941594716523,DNb06,left,common,1,36,2369,337
720575941595193558,DNp35,right,common,1,2,3226,368
720575941595517735,DNg75,left,common,1,37,7287,382
720575941595827158,DNg75,right,common,1,46,7697,382
720575941598693824,DNp17,left,common,1,1,64,50
720575941600262848,DNge011,left,common,1,7,3046,300
720575941611791590,DNp06,left,common,1,3,5147,380
720575941614906387,MDN,right,common,1,2,2244,331
720575941616284629,DNp17,right,common,1,0,113,80
720575941618597333,DNp17,right,common,1,0,5,5
720575941626500746,DNg100,left,common,1,115,14171,390
720575941630081574,DNp17,left,common,1,0,57,41
720575941646451361,DNp47,left,common,1,30,4968,382
720575941657879576,DNp06,right,common,1,1,4647,383
720575941663497084,DNa11,left,common,1,1,2494,368
720575941704434394,DNg62,left,common,1,7,2561,340
720575941724184890,DNb08,left,common,1,1,3583,362
720575941394119830,DNp42,right,common,5,0,524,224
720575941401814307,DNge050,left,common,5,22,1144,278
720575941402821923,DNp05,left,common,5,6,262,169
720575941404981360,DNp17,left,common,5,0,9,9
720575941407841071,DNp07,left,common,5,6,490,238
720575941409519022,DNp02,left,common,5,4,787,241
720575941415598737,DNb08,right,common,5,0,592,212
720575941432123640,DNa01,right,common,5,13,843,237
720575941433155799,DNp09,right,common,5,0,333,187
720575941438773548,DNae003,left,common,5,0,6,6
720575941439437586,DNb05,left,common,5,6,769,242
720575941439563583,DNge053,right,common,5,0,146,102
720575941440683743,DNp10,left,common,5,39,858,310
720575941445859754,DNg13,left,common,5,3,597,173
720575941447863316,DNb05,right,common,5,11,790,240
720575941447973140,DNb02,left,common,5,0,44,32
720575941451068597,DNp01,right,common,5,1,66,60
720575941454279593,DNae003,right,common,5,0,0,0
720575941455714541,DNb02,right,common,5,0,37,30
720575941456897005,DNa02,right,common,5,14,434,171
720575941459103391,DNg79,left,common,5,9,554,245
720575941467350237,DNg79,right,common,5,8,499,220
720575941476852254,DNg62,right,common,5,3,264,123
720575941478215985,DNp11,right,common,5,3,715,248
720575941480554370,DNg79,right,common,5,10,499,221
720575941486587714,DNp17,left,common,5,0,15,15
720575941486612034,DNa03,right,common,5,0,105,64
720575941489377737,DNp17,right,common,5,0,25,24
720575941491012809,MDN,left,common,5,0,335,174
720575941491055820,DNp17,left,common,5,0,11,9
720575941491065653,MDN,left,common,5,0,322,167
720575941494960254,DNg79,left,common,5,11,570,235
720575941499708745,MDN,right,common,5,0,251,143
720575941500851362,DNg100,right,common,5,54,1550,307
720575941502628695,DNp15,right,common,5,4,67,49
720575941504526386,DNg55,right,common,5,0,625,238
720575941504703938,DNb02,left,common,5,0,52,40
720575941507073303,DNp02,right,common,5,5,709,234
720575941509145950,DNp01,left,common,5,1,48,39
720575941510475536,DNa02,left,common,5,16,382,151
720575941519274968,DNp17,right,common,5,0,0,0
720575941519464046,DNg97,left,common,5,13,1217,280
720575941520203436,DNp17,left,common,5,0,30,28
720575941526946562,DNa11,right,common,5,0,429,214
720575941528667814,DNp05,right,common,5,4,237,135
720575941534222770,DNp15,left,common,5,2,49,40
720575941534881368,DNb08,left,common,5,0,484,218
720575941535086424,DNg13,right,common,5,2,615,213
720575941535097578,DNge012,right,common,5,7,370,84
720575941535705778,DNp17,left,common,5,0,0,0
720575941535862506,DNa01,left,common,5,12,860,239
720575941536048321,DNge078,right,common,5,2,197,73
720575941536301288,DNb02,right,common,5,0,34,26
720575941536353880,DNp42,left,common,5,0,439,225
720575941542617117,DNp17,right,common,5,0,0,0
720575941545432425,DNb08,right,common,5,0,612,214
720575941545991429,DNp07,right,common,5,6,499,227
720575941549273992,DNp47,right,common,5,9,876,274
720575941550687805,DNge050,right,common,5,26,1204,290
720575941551589181,DNp11,left,common,5,7,682,240
720575941552142727,DNa03,left,common,5,0,105,60
720575941554952858,DNge053,left,common,5,0,153,107
720575941559874831,DNp04,right,common,5,0,543,218
720575941560162798,DNp35,left,common,5,0,973,252
720575941563334912,DNp17,right,common,5,0,28,26
720575941566493282,DNp09,left,common,5,1,261,174
720575941572669342,DNb06,right,common,5,6,264,154
720575941572713886,DNg97,right,common,5,11,1164,299
720575941574467997,DNp17,right,common,5,0,2,2
720575941574790664,DNge078,left,common,5,4,213,74
720575941583264121,DNp04,left,common,5,0,653,239
720575941586099334,DNge012,right,common,5,1,289,92
720575941588409924,DNp17,right,common,5,0,0,0
720575941592629132,DNge011,right,common,5,3,485,127
720575941593683051,DNp10,right,common,5,36,901,310
720575941594716523,DNb06,left,common,5,12,311,163
720575941595193558,DNp35,right,common,5,0,815,251
720575941595517735,DNg75,left,common,5,10,1230,298
720575941595827158,DNg75,right,common,5,17,1079,276
720575941598693824,DNp17,left,common,5,0,4,4
720575941600262848,DNge011,left,common,5,1,354,97
720575941611791590,DNp06,left,common,5,1,885,259
720575941614906387,MDN,right,common,5,0,342,160
720575941616284629,DNp17,right,common,5,0,28,26
720575941618597333,DNp17,right,common,5,0,0,0
720575941626500746,DNg100,left,common,5,58,1933,306
720575941630081574,DNp17,left,common,5,0,9,9
720575941646451361,DNp47,left,common,5,9,875,279
720575941657879576,DNp06,right,common,5,1,751,255
720575941663497084,DNa11,left,common,5,0,250,151
720575941704434394,DNg62,left,common,5,1,281,136
720575941724184890,DNb08,left,common,5,0,609,252
