source_row,source_query_id,source_pt_root_id,source_supervoxel,banc_v888_id,fafb_v783_candidate_id,match_cell_type,resolution_method,evidence
22140,720575941467350237,720575941467350237,76282811736753756,720575941467350237,720575940627538434,DNg79,supervoxel,reviewed_cross_animal_homology_not_identical_neuron_or_fafb_synapse
32585,720575941552142727,720575941552142727,76491650360777971,720575941552142727,720575940630085583,DNa03,supervoxel,reviewed_cross_animal_homology_not_identical_neuron_or_fafb_synapse
33005,720575941489377737,720575941489377737,76001336826833600,720575941489377737,720575940610010521,DNp17,supervoxel,reviewed_cross_animal_homology_not_identical_neuron_or_fafb_synapse
36584,720575941642169189,720575941618597333,75648187570045720,720575941618597333,720575940610010521,DNp17,supervoxel,reviewed_cross_animal_homology_not_identical_neuron_or_fafb_synapse
36644,720575941431194894,720575941542617117,76001336826960578,720575941542617117,720575940621270410,DNpe008,supervoxel,reviewed_cross_animal_homology_not_identical_neuron_or_fafb_synapse
37076,720575941540405021,720575941647118024,75930968015348134,720575941519464046,720575940626730883,DNg97,supervoxel,reviewed_cross_animal_homology_not_identical_neuron_or_fafb_synapse
37118,720575941478502018,720575941588409924,75788787686905712,720575941588409924,720575940610010521,DNp17,supervoxel,reviewed_cross_animal_homology_not_identical_neuron_or_fafb_synapse
37155,720575941493078142,720575941432123640,75647843771376637,720575941432123640,720575940644438551,DNa01,supervoxel,reviewed_cross_animal_homology_not_identical_neuron_or_fafb_synapse
37246,720575941573713078,720575941595193558,75366162837617219,720575941595193558,720575940623276168,DNp35,supervoxel,reviewed_cross_animal_homology_not_identical_neuron_or_fafb_synapse
37680,720575941444998420,720575941583264121,76562568525105826,720575941583264121,720575940604954289,DNp04,supervoxel,reviewed_cross_animal_homology_not_identical_neuron_or_fafb_synapse
37743,720575941557338094,720575941594716523,75930968082544318,720575941594716523,720575940637308605,DNb06,supervoxel,reviewed_cross_animal_homology_not_identical_neuron_or_fafb_synapse
38327,720575941445831188,720575941646451361,76844112691290717,720575941646451361,720575940615251251,DNp47,supervoxel,reviewed_cross_animal_homology_not_identical_neuron_or_fafb_synapse
38408,720575941529332683,720575941438773548,76355998583486160,720575941438773548,720575940634253281,DNae003,supervoxel,reviewed_cross_animal_homology_not_identical_neuron_or_fafb_synapse
38430,720575941493951431,720575941595517735,76213886168477455,720575941595517735,720575940614730914,DNg75,supervoxel,reviewed_cross_animal_homology_not_identical_neuron_or_fafb_synapse
38627,720575941439231183,720575941519274968,75934748324881434,720575941519274968,720575940633853559,DNp17,supervoxel,reviewed_cross_animal_homology_not_identical_neuron_or_fafb_synapse
39053,720575941496837193,720575941566493282,76984575100501810,720575941566493282,720575940635872101,DNp09,supervoxel,reviewed_cross_animal_homology_not_identical_neuron_or_fafb_synapse
39239,720575941464953686,720575941554952858,75788787216804415,720575941554952858,720575940638204132,DNge053,supervoxel,reviewed_cross_animal_homology_not_identical_neuron_or_fafb_synapse
39374,720575941596321216,720575941549243060,75723023616910870,720575941401814307,720575940611813842,DNge050,supervoxel,reviewed_cross_animal_homology_not_identical_neuron_or_fafb_synapse
39375,720575941573996982,720575941664414520,76282811736674139,720575941663497084,720575940611735514,DNa11,supervoxel,reviewed_cross_animal_homology_not_identical_neuron_or_fafb_synapse
39789,720575941469283851,720575941611791590,77125312588311723,720575941611791590,720575940622673860,DNp06,supervoxel,reviewed_cross_animal_homology_not_identical_neuron_or_fafb_synapse
39951,720575941653795033,720575941504526386,76140493432091724,720575941504526386,720575940622010373,DNg55,supervoxel,reviewed_cross_animal_homology_not_identical_neuron_or_fafb_synapse
39967,720575941461510669,720575941415598737,76000649431214869,720575941415598737,720575940634459290,DNb08_a,supervoxel,reviewed_cross_animal_homology_not_identical_neuron_or_fafb_synapse
40157,720575941412007572,720575941690515574,76210656487118926,720575941491065653,720575940631082808,MDN,supervoxel,reviewed_cross_animal_homology_not_identical_neuron_or_fafb_synapse
40164,720575941632217275,720575941550687805,76140837096619384,720575941550687805,720575940611813842,DNge050,supervoxel,reviewed_cross_animal_homology_not_identical_neuron_or_fafb_synapse
40610,720575941536645362,720575941439437586,76984712404800346,720575941439437586,720575940628352850,DNb05,supervoxel,reviewed_cross_animal_homology_not_identical_neuron_or_fafb_synapse
40651,720575941509215442,720575941407841071,76773812666260499,720575941407841071,720575940617034565,DNp07,supervoxel,reviewed_cross_animal_homology_not_identical_neuron_or_fafb_synapse
40698,720575941644204920,720575941641016181,76422587152129820,720575941535705778,720575940630671734,DNp17,supervoxel,reviewed_cross_animal_homology_not_identical_neuron_or_fafb_synapse
40798,720575941507650320,720575941704434394,75789336972902013,720575941704434394,720575940624319124,DNg62,supervoxel,reviewed_cross_animal_homology_not_identical_neuron_or_fafb_synapse
40897,720575941573126031,720575941439563583,75999962169332596,720575941439563583,720575940638204132,DNge053,supervoxel,reviewed_cross_animal_homology_not_identical_neuron_or_fafb_synapse
41364,720575941433823264,720575941429543764,77406993791065259,720575941551589181,720575940620054694,DNp11,supervoxel,reviewed_cross_animal_homology_not_identical_neuron_or_fafb_synapse
41509,720575941630015429,720575941598693824,76282811803948479,720575941598693824,720575940628398202,DNp17,supervoxel,reviewed_cross_animal_homology_not_identical_neuron_or_fafb_synapse
41643,720575941547848765,720575941451785053,75507106618598848,720575941394119830,720575940641148149,DNp42,supervoxel,reviewed_cross_animal_homology_not_identical_neuron_or_fafb_synapse
42075,720575941525204226,720575941600262848,76492818188791054,720575941600262848,720575940625306603,DNge011,supervoxel,reviewed_cross_animal_homology_not_identical_neuron_or_fafb_synapse
42706,720575941516930008,720575941586099334,75296412032056511,720575941586099334,720575940631632012,DNge012,supervoxel,reviewed_cross_animal_homology_not_identical_neuron_or_fafb_synapse
43357,720575941534764008,720575941512556816,76000099541038471,720575941574790664,720575940636308075,DNge078,supervoxel,reviewed_cross_animal_homology_not_identical_neuron_or_fafb_synapse
43851,720575941454437357,720575941504703938,76703512373382992,720575941504703938,720575940616936226,DNb02,supervoxel,reviewed_cross_animal_homology_not_identical_neuron_or_fafb_synapse
44024,720575941564124055,720575941500851362,76848648780592061,720575941500851362,720575940640978048,DNg100,supervoxel,reviewed_cross_animal_homology_not_identical_neuron_or_fafb_synapse
44869,720575941434505614,720575941536048321,76352011981020348,720575941536048321,720575940629806974,DNge078,supervoxel,reviewed_cross_animal_homology_not_identical_neuron_or_fafb_synapse
48349,720575941615344853,720575941447973140,76773606239403690,720575941447973140,720575940646753412,DNb02,supervoxel,reviewed_cross_animal_homology_not_identical_neuron_or_fafb_synapse
48750,720575941514135884,720575941451068597,76425129840086851,720575941451068597,720575940615061906,LC9,supervoxel,reviewed_cross_animal_homology_not_identical_neuron_or_fafb_synapse
48764,720575941595213425,720575941480554370,75862523550723061,720575941480554370,720575940628875902,LC9,supervoxel,reviewed_cross_animal_homology_not_identical_neuron_or_fafb_synapse
49843,720575941563337879,720575941395392918,76211068401767641,720575941626500746,720575940640978048,DNg100,supervoxel,reviewed_cross_animal_homology_not_identical_neuron_or_fafb_synapse
49846,720575941642054501,720575941593683051,76351805890318721,720575941593683051,720575940620153765,DNp10,supervoxel,reviewed_cross_animal_homology_not_identical_neuron_or_fafb_synapse
49888,720575941584471174,720575941545432425,75647843704191219,720575941545432425,720575940642549467,DNb08,supervoxel,reviewed_cross_animal_homology_not_identical_neuron_or_fafb_synapse
49905,720575941563257698,720575941563334912,75718487595264015,720575941563334912,720575940630671734,DNp17,supervoxel,reviewed_cross_animal_homology_not_identical_neuron_or_fafb_synapse
49954,720575941611334876,720575941526946562,75718075143772085,720575941526946562,720575940611735514,DNa11,supervoxel,reviewed_cross_animal_homology_not_identical_neuron_or_fafb_synapse
49964,720575941448934478,720575941478215985,75366231423262668,720575941478215985,720575940620054694,DNp11,supervoxel,reviewed_cross_animal_homology_not_identical_neuron_or_fafb_synapse
49972,720575941637683317,720575941510475536,76565317505604252,720575941510475536,720575940604737708,DNa02,supervoxel,reviewed_cross_animal_homology_not_identical_neuron_or_fafb_synapse
49977,720575941547675453,720575941534881368,76703443586863502,720575941534881368,720575940634459290,DNb08,supervoxel,reviewed_cross_animal_homology_not_identical_neuron_or_fafb_synapse
49979,720575941555795236,720575941486587714,76562912592164272,720575941486587714,720575940613748689,DNp16,supervoxel,reviewed_cross_animal_homology_not_identical_neuron_or_fafb_synapse
49982,720575941626507833,720575941520203436,76703787452418637,720575941520203436,720575940632379071,DNpe054,supervoxel,reviewed_cross_animal_homology_not_identical_neuron_or_fafb_synapse
49986,720575941601585593,720575941536301288,75577543680161061,720575941536301288,720575940616936226,DNb02,supervoxel,reviewed_cross_animal_homology_not_identical_neuron_or_fafb_synapse
49995,720575941464431190,720575941630081574,76492337689835983,720575941630081574,720575940621270410,DNpe008,supervoxel,reviewed_cross_animal_homology_not_identical_neuron_or_fafb_synapse
49996,720575941452484659,720575941404981360,76562912592129718,720575941404981360,720575940621270410,DNpe008,supervoxel,reviewed_cross_animal_homology_not_identical_neuron_or_fafb_synapse
50005,720575941507049345,720575941402821923,75859431040710484,720575941402821923,720575940626009852,DNp05,supervoxel,reviewed_cross_animal_homology_not_identical_neuron_or_fafb_synapse
50006,720575941409143979,720575941509145950,76844043703413861,720575941509145950,720575940622838154,DNp01,supervoxel,reviewed_cross_animal_homology_not_identical_neuron_or_fafb_synapse
50011,720575941517080174,720575941491055820,76562843872931893,720575941491055820,720575940633853559,DNp17,supervoxel,reviewed_cross_animal_homology_not_identical_neuron_or_fafb_synapse
50018,720575941532954712,720575941440683743,76492131732388961,720575941440683743,720575940619678366,DNp10,supervoxel,reviewed_cross_animal_homology_not_identical_neuron_or_fafb_synapse
50024,720575941649561621,720575941491012809,76210656487092560,720575941491012809,720575940616026939,MDN,supervoxel,reviewed_cross_animal_homology_not_identical_neuron_or_fafb_synapse
50025,720575941652572884,720575941597827697,76281093816752083,720575941499708745,720575940631082808,MDN,supervoxel,reviewed_cross_animal_homology_not_identical_neuron_or_fafb_synapse
50171,720575941562835200,720575941592674814,76140287742950703,720575941614906387,720575940610236514,MDN,supervoxel,reviewed_cross_animal_homology_not_identical_neuron_or_fafb_synapse
51995,720575941615513045,720575941463215827,75647568759198821,720575941447863316,720575940628352850,DNb05,supervoxel,reviewed_cross_animal_homology_not_identical_neuron_or_fafb_synapse
51996,720575941582090335,720575941454279593,75506968777418482,720575941454279593,720575940634253281,DNae003,supervoxel,reviewed_cross_animal_homology_not_identical_neuron_or_fafb_synapse
52022,720575941555336612,720575941625938684,76633349519239718,720575941536353880,720575940641148149,DNp42,supervoxel,reviewed_cross_animal_homology_not_identical_neuron_or_fafb_synapse
52105,720575941573374095,720575941443297115,75437012081554397,720575941433155799,720575940635872101,DNp09,supervoxel,reviewed_cross_animal_homology_not_identical_neuron_or_fafb_synapse
52113,720575941613432473,720575941572713886,76562912256841450,720575941572713886,720575940626730883,DNg97,supervoxel,reviewed_cross_animal_homology_not_identical_neuron_or_fafb_synapse
52117,720575941643172769,720575941494960254,76492543512347865,720575941494960254,720575940627538434,DNg79,supervoxel,reviewed_cross_animal_homology_not_identical_neuron_or_fafb_synapse
52118,720575941571878139,720575941459103391,76562912256678753,720575941459103391,720575940627538434,DNg79,supervoxel,reviewed_cross_animal_homology_not_identical_neuron_or_fafb_synapse
52119,720575941665933299,720575941595827158,76565248785827940,720575941595827158,720575940614730914,DNg75,supervoxel,reviewed_cross_animal_homology_not_identical_neuron_or_fafb_synapse
52123,720575941617513855,720575941445859754,76492818054919947,720575941445859754,720575940606112940,DNg13,supervoxel,reviewed_cross_animal_homology_not_identical_neuron_or_fafb_synapse
52127,720575941615628757,720575941572669342,76633693317494507,720575941572669342,720575940637308605,DNb06,supervoxel,reviewed_cross_animal_homology_not_identical_neuron_or_fafb_synapse
52133,720575941627565862,720575941535862506,76562981043285770,720575941535862506,720575940644438551,DNa01,supervoxel,reviewed_cross_animal_homology_not_identical_neuron_or_fafb_synapse
52147,720575941525846438,720575941549273992,75507175271429566,720575941549273992,720575940615251251,DNp47,supervoxel,reviewed_cross_animal_homology_not_identical_neuron_or_fafb_synapse
52152,720575941459371408,720575941534222770,76356548540451315,720575941534222770,720575940623431351,DNp15,supervoxel,reviewed_cross_animal_homology_not_identical_neuron_or_fafb_synapse
52153,720575941572388765,720575941657879576,76071705570922564,720575941657879576,720575940622673860,DNp06,supervoxel,reviewed_cross_animal_homology_not_identical_neuron_or_fafb_synapse
52154,720575941567202042,720575941507073303,75295862410625368,720575941507073303,720575940619654053,DNp02,supervoxel,reviewed_cross_animal_homology_not_identical_neuron_or_fafb_synapse
52179,720575941623749322,720575941510505601,76633212281527930,720575941724184890,720575940634459290,DNb08,supervoxel,reviewed_cross_animal_homology_not_identical_neuron_or_fafb_synapse
52180,720575941630738080,720575941574467997,75718556314239061,720575941574467997,720575940642411917,DNpe054,supervoxel,reviewed_cross_animal_homology_not_identical_neuron_or_fafb_synapse
52181,720575941478679375,720575941616284629,75788718967693949,720575941616284629,720575940642411917,DNpe054,supervoxel,reviewed_cross_animal_homology_not_identical_neuron_or_fafb_synapse
52253,720575941617779071,720575941560162798,76774087074249091,720575941560162798,720575940623276168,DNp35,supervoxel,reviewed_cross_animal_homology_not_identical_neuron_or_fafb_synapse
52256,720575941608751946,720575941559874831,75225425148330588,720575941559874831,720575940604954289,DNp04,supervoxel,reviewed_cross_animal_homology_not_identical_neuron_or_fafb_synapse
52257,720575941649590037,720575941545991429,75577544015422351,720575941545991429,720575940617034565,DNp07,supervoxel,reviewed_cross_animal_homology_not_identical_neuron_or_fafb_synapse
52267,720575941617414783,720575941493677031,76282811736536479,720575941476852254,720575940624319124,DNg62,supervoxel,reviewed_cross_animal_homology_not_identical_neuron_or_fafb_synapse
57705,720575941533047896,720575941409519022,77055081081851552,720575941409519022,720575940619654053,DNp02,supervoxel,reviewed_cross_animal_homology_not_identical_neuron_or_fafb_synapse
58155,720575941532737458,720575941455714541,76773881117440244,720575941455714541,720575940622540899,DNb02,supervoxel,reviewed_cross_animal_homology_not_identical_neuron_or_fafb_synapse
59526,720575941412057233,720575941528667814,76212443126274899,720575941528667814,720575940626009852,DNp05,supervoxel,reviewed_cross_animal_homology_not_identical_neuron_or_fafb_synapse
59949,720575941478275714,720575941456897005,76073698771391330,720575941456897005,720575940604737708,DNa02,supervoxel,reviewed_cross_animal_homology_not_identical_neuron_or_fafb_synapse
60051,720575941527131524,720575941592629132,76000993162222525,720575941592629132,720575940610872014,DNge011,supervoxel,reviewed_cross_animal_homology_not_identical_neuron_or_fafb_synapse
60338,720575941483956486,720575941535086424,75789062162065372,720575941535086424,720575940606112940,DNg13,supervoxel,reviewed_cross_animal_homology_not_identical_neuron_or_fafb_synapse
60677,720575941402564208,720575941535097578,75718899442071474,720575941535097578,720575940631632012,DNge012,supervoxel,reviewed_cross_animal_homology_not_identical_neuron_or_fafb_synapse
61097,720575941505023767,720575941486612034,75577543746683925,720575941486612034,720575940630085583,DNa03,supervoxel,reviewed_cross_animal_homology_not_identical_neuron_or_fafb_synapse
61259,720575941455914399,720575941502628695,75507587319712087,720575941502628695,720575940623431351,DNp15,supervoxel,reviewed_cross_animal_homology_not_identical_neuron_or_fafb_synapse
61671,720575941514461772,77549586436248099,NA,720575941551589181,720575940620054694,DNp11,version_crosswalk,reviewed_cross_animal_homology_not_identical_neuron_or_fafb_synapse
