dn_id,dn_type,dn_side,detector,threshold,three_edge_path_count,three_edge_motor_count
720575941445859754,DNg13,left,v2,1,1126092,391
720575941456897005,DNa02,right,v2,1,659696,391
720575941510475536,DNa02,left,v2,1,616122,391
720575941535086424,DNg13,right,v2,1,1318197,391
720575941445859754,DNg13,left,v2,5,20659,378
720575941456897005,DNa02,right,v2,5,21123,384
720575941510475536,DNa02,left,v2,5,17342,378
720575941535086424,DNg13,right,v2,5,25313,378
720575941445859754,DNg13,left,v3,1,1292667,391
720575941456897005,DNa02,right,v3,1,822854,391
720575941510475536,DNa02,left,v3,1,740320,391
720575941535086424,DNg13,right,v3,1,1266549,391
720575941445859754,DNg13,left,v3,5,24944,368
720575941456897005,DNa02,right,v3,5,25543,386
720575941510475536,DNa02,left,v3,5,21878,380
720575941535086424,DNg13,right,v3,5,26658,382
720575941445859754,DNg13,left,common,1,679154,391
720575941456897005,DNa02,right,common,1,433732,391
720575941510475536,DNa02,left,common,1,388205,391
720575941535086424,DNg13,right,common,1,712412,391
720575941445859754,DNg13,left,common,5,17382,362
720575941456897005,DNa02,right,common,5,18392,383
720575941510475536,DNa02,left,common,5,15096,376
720575941535086424,DNg13,right,common,5,19995,376
