root_id,v2_1_side,banc_harmonized_fafb_side,v2_1_type,banc_harmonized_fafb_type
720575940606428850,left,right,CB2177,CB2177
720575940612635050,left,right,ALIN7,ALIN7
720575940614856607,right,left,,PS127
720575940617496925,right,left,ALIN7,ALIN7
720575940618547641,left,right,CB0623,CB0623
720575940621354736,right,left,CB2177,CB2177
720575940627174673,left,right,,PS127
720575940637656974,right,left,CB0623,CB0623
720575940640356149,right,left,,OA-VPM3
720575940643867296,left,center,,CB4058
720575940644745120,left,right,,OA-VPM3
