input_group,readout_name,readout_root_id,min_synapses_per_edge,inputs,reachable_within_4,direct,two_hops,three_hops,four_hops,not_reached_within_4
JO_CE,aBN1,720575940630907434,1,69,69,18,49,2,0,0
JO_F,aBN1,720575940630907434,1,60,60,16,43,0,1,0
sugar,aBN1,720575940630907434,1,20,20,0,1,19,0,0
water,aBN1,720575940630907434,1,18,18,0,0,18,0,0
bitter,aBN1,720575940630907434,1,20,20,0,0,20,0,0
JO_CE,aDN1_source_l_side_conflict,720575940616185531,1,69,69,0,38,30,1,0
JO_F,aDN1_source_l_side_conflict,720575940616185531,1,60,60,0,58,1,1,0
sugar,aDN1_source_l_side_conflict,720575940616185531,1,20,20,0,20,0,0,0
water,aDN1_source_l_side_conflict,720575940616185531,1,18,18,0,7,11,0,0
bitter,aDN1_source_l_side_conflict,720575940616185531,1,20,20,0,19,1,0,0
JO_CE,aDN2_source_l_side_conflict,720575940629806974,1,69,69,0,20,47,2,0
JO_F,aDN2_source_l_side_conflict,720575940629806974,1,60,60,1,47,11,1,0
sugar,aDN2_source_l_side_conflict,720575940629806974,1,20,20,0,8,12,0,0
water,aDN2_source_l_side_conflict,720575940629806974,1,18,18,0,3,15,0,0
bitter,aDN2_source_l_side_conflict,720575940629806974,1,20,20,0,17,3,0,0
JO_CE,MN9_right,720575940660219265,1,69,69,0,2,63,4,0
JO_F,MN9_right,720575940660219265,1,60,60,0,13,46,1,0
sugar,MN9_right,720575940660219265,1,20,20,0,19,1,0,0
water,MN9_right,720575940660219265,1,18,18,0,14,4,0,0
bitter,MN9_right,720575940660219265,1,20,20,0,20,0,0,0
JO_CE,MN9_left_Tastekin_v783,720575940618238523,1,69,69,0,9,57,3,0
JO_F,MN9_left_Tastekin_v783,720575940618238523,1,60,60,0,29,30,1,0
sugar,MN9_left_Tastekin_v783,720575940618238523,1,20,20,0,20,0,0,0
water,MN9_left_Tastekin_v783,720575940618238523,1,18,18,0,18,0,0,0
bitter,MN9_left_Tastekin_v783,720575940618238523,1,20,20,0,20,0,0,0
JO_CE,aBN1,720575940630907434,5,69,57,5,32,20,0,12
JO_F,aBN1,720575940630907434,5,60,37,5,14,18,0,23
sugar,aBN1,720575940630907434,5,20,20,0,0,0,20,0
water,aBN1,720575940630907434,5,18,18,0,0,0,18,0
bitter,aBN1,720575940630907434,5,20,19,0,0,0,19,1
JO_CE,aDN1_source_l_side_conflict,720575940616185531,5,69,57,0,6,41,10,12
JO_F,aDN1_source_l_side_conflict,720575940616185531,5,60,37,0,21,15,1,23
sugar,aDN1_source_l_side_conflict,720575940616185531,5,20,20,0,0,9,11,0
water,aDN1_source_l_side_conflict,720575940616185531,5,18,18,0,0,7,11,0
bitter,aDN1_source_l_side_conflict,720575940616185531,5,20,19,0,1,12,6,1
JO_CE,aDN2_source_l_side_conflict,720575940629806974,5,69,57,0,5,34,18,12
JO_F,aDN2_source_l_side_conflict,720575940629806974,5,60,37,0,8,26,3,23
sugar,aDN2_source_l_side_conflict,720575940629806974,5,20,20,0,0,12,8,0
water,aDN2_source_l_side_conflict,720575940629806974,5,18,18,0,0,17,1,0
bitter,aDN2_source_l_side_conflict,720575940629806974,5,20,19,0,0,11,8,1
JO_CE,MN9_right,720575940660219265,5,69,57,0,0,26,31,12
JO_F,MN9_right,720575940660219265,5,60,37,0,0,17,20,23
sugar,MN9_right,720575940660219265,5,20,20,0,0,20,0,0
water,MN9_right,720575940660219265,5,18,18,0,0,17,1,0
bitter,MN9_right,720575940660219265,5,20,19,0,0,19,0,1
JO_CE,MN9_left_Tastekin_v783,720575940618238523,5,69,57,0,0,46,11,12
JO_F,MN9_left_Tastekin_v783,720575940618238523,5,60,37,0,0,26,11,23
sugar,MN9_left_Tastekin_v783,720575940618238523,5,20,20,0,8,12,0,0
water,MN9_left_Tastekin_v783,720575940618238523,5,18,18,0,1,16,1,0
bitter,MN9_left_Tastekin_v783,720575940618238523,5,20,19,0,1,16,2,1
