root_id,stuerner_type,stuerner_side_raw,v2_1_side_raw,banc_harmonized_fafb_side_raw,comparison
720575940602534112,DNge116,L,right,right,source_opposite_both_current
720575940602864300,DNpe008,R,left,left,source_opposite_both_current
720575940603489824,DNpe015,R,left,left,source_opposite_both_current
720575940603580960,DNpe054,R,left,left,source_opposite_both_current
720575940603591014,DNae004,R,left,left,source_opposite_both_current
720575940603786686,DNge117,R,left,left,source_opposite_both_current
720575940603874784,DNpe055,R,left,left,source_opposite_both_current
720575940603980256,oviDNb,L,right,right,source_opposite_both_current
720575940604103084,DNp33,R,left,left,source_opposite_both_current
720575940604241510,LN-DN1,R,left,left,source_opposite_both_current
720575940604284128,DNpe009,L,right,right,source_opposite_both_current
720575940604470956,DNg63,L,right,right,source_opposite_both_current
720575940604727264,DNge020,L,right,right,source_opposite_both_current
720575940604729312,DNge094,R,left,left,source_opposite_both_current
720575940604737708,DNa02,L,right,right,source_opposite_both_current
720575940604783136,DNg56,R,left,left,source_opposite_both_current
720575940604930481,DNge019,R,left,left,source_opposite_both_current
720575940604954289,DNp04,R,left,left,source_opposite_both_current
720575940605009097,DNpe004,L,right,right,source_opposite_both_current
720575940605041330,DNp16,L,right,right,source_opposite_both_current
720575940605162924,DNpe030,L,right,right,source_opposite_both_current
720575940605282406,DNg12_e,L,right,right,source_opposite_both_current
720575940605300140,DNg26,R,right,right,all_agree
720575940605450342,DNge087,R,left,left,source_opposite_both_current
720575940605513649,DNg90,L,right,right,source_opposite_both_current
720575940605656521,DNge015,R,left,left,source_opposite_both_current
720575940605658033,DNge125,L,right,right,source_opposite_both_current
720575940605702944,DNpe040,L,right,right,source_opposite_both_current
720575940605714878,DNge136,R,left,left,source_opposite_both_current
720575940605725873,DNp44,L,right,right,source_opposite_both_current
720575940605950496,DNg76,R,left,left,source_opposite_both_current
720575940606112940,DNg13,L,right,right,source_opposite_both_current
720575940606179686,DNpe021,R,left,left,source_opposite_both_current
720575940606222014,DNge033,L,right,right,source_opposite_both_current
720575940606342089,DNg78,L,right,right,source_opposite_both_current
720575940606425033,DNge136,L,right,right,source_opposite_both_current
720575940606607234,DNge040,L,right,right,source_opposite_both_current
720575940606633248,DNge058,R,left,left,source_opposite_both_current
720575940606702601,DNge112,R,left,left,source_opposite_both_current
720575940606704562,DNpe041,L,right,right,source_opposite_both_current
720575940606753884,DNge153,L,right,right,source_opposite_both_current
720575940606756309,DNpe018,R,left,left,source_opposite_both_current
720575940606784265,DNge089,L,right,right,source_opposite_both_current
720575940606856405,DNge094,R,left,left,source_opposite_both_current
720575940606866377,DNg103,L,right,right,source_opposite_both_current
720575940607037635,DNp17,R,left,left,source_opposite_both_current
720575940607170178,DNge142,L,right,right,source_opposite_both_current
720575940607178709,DNge016,R,left,left,source_opposite_both_current
720575940607378633,DNpe039,R,left,left,source_opposite_both_current
720575940607384242,DNge149,M,center,center,all_agree
720575940607451081,DNge101,R,left,left,source_opposite_both_current
720575940607632579,oviDNx,R,left,left,source_opposite_both_current
720575940607761244,DNg29,L,right,right,source_opposite_both_current
720575940607854793,DNpe011,R,left,left,source_opposite_both_current
720575940607971337,DNpe012,R,left,left,source_opposite_both_current
720575940608076739,DNg08,R,left,left,source_opposite_both_current
720575940608145026,DNpe027,R,left,left,source_opposite_both_current
720575940608188427,DNge037,R,left,left,source_opposite_both_current
720575940608332674,DNpe011,R,left,left,source_opposite_both_current
720575940608402524,DNbe006,L,right,right,source_opposite_both_current
720575940608409355,DNpe035,R,left,left,source_opposite_both_current
720575940608716809,DNge133,L,right,right,source_opposite_both_current
720575940608735241,DNg38,L,right,right,source_opposite_both_current
720575940608838958,DNg01,R,left,left,source_opposite_both_current
720575940608877266,DNpe018,L,right,right,source_opposite_both_current
720575940608960722,DNg12_b,R,left,left,source_opposite_both_current
720575940609097429,DNae005,R,left,left,source_opposite_both_current
720575940609260494,DNg14,L,right,right,source_opposite_both_current
720575940609316050,DNpe008,L,right,right,source_opposite_both_current
720575940609366648,DNg11,R,left,left,source_opposite_both_current
720575940609376707,DNge048,L,right,right,source_opposite_both_current
720575940609407939,DNge080,L,right,right,source_opposite_both_current
720575940609417995,DNge147,R,left,left,source_opposite_both_current
720575940609488942,DNa15,L,right,right,source_opposite_both_current
720575940609589443,DNg05_a,R,left,left,source_opposite_both_current
720575940609719250,oviDNv,L,right,right,source_opposite_both_current
720575940609733582,DNge071,L,right,right,source_opposite_both_current
720575940609844117,DNg18_b,L,right,right,source_opposite_both_current
720575940609948514,DNg32,L,right,right,source_opposite_both_current
720575940610001220,DNge173,R,left,left,source_opposite_both_current
720575940610010521,DNp17,L,right,right,source_opposite_both_current
720575940610091955,DNge113,R,left,left,source_opposite_both_current
720575940610173048,DNg28,L,right,right,source_opposite_both_current
720575940610199781,DNp102,L,right,right,source_opposite_both_current
720575940610231509,DNg90,R,left,left,source_opposite_both_current
720575940610236514,MDN,L,right,right,source_opposite_both_current
720575940610309034,DNge071,R,left,left,source_opposite_both_current
720575940610341582,DNge089,R,left,left,source_opposite_both_current
720575940610348458,DNg110,R,left,left,source_opposite_both_current
720575940610440402,DNge085,L,right,right,source_opposite_both_current
720575940610472146,DNp23,R,left,left,source_opposite_both_current
720575940610505006,DNp103,L,right,right,source_opposite_both_current
720575940610604078,DNge136,L,right,right,source_opposite_both_current
720575940610605614,DNge119,R,left,left,source_opposite_both_current
720575940610610841,DNg26,R,right,right,all_agree
720575940610677828,DNge051,R,left,left,source_opposite_both_current
720575940610715346,DNpe035,L,right,right,source_opposite_both_current
720575940610863310,DNg02_a,L,right,right,source_opposite_both_current
720575940610872014,DNge011,L,right,right,source_opposite_both_current
720575940610935410,DNge089,L,right,right,source_opposite_both_current
720575940611016910,DNb03,L,right,right,source_opposite_both_current
720575940611087786,DNge091,R,left,left,source_opposite_both_current
720575940611102437,DNpe008,L,right,right,source_opposite_both_current
720575940611108676,DNge138,M,center,center,all_agree
720575940611225237,DNg58,R,left,left,source_opposite_both_current
720575940611237594,DNpe028,R,left,left,source_opposite_both_current
720575940611308181,DNg07,R,left,left,source_opposite_both_current
720575940611462885,DNg92_a,R,left,left,source_opposite_both_current
720575940611474925,DNge102,L,right,right,source_opposite_both_current
720575940611498419,DNge111,R,left,left,source_opposite_both_current
720575940611531986,DNge002,R,left,left,source_opposite_both_current
720575940611552370,DNge115,L,right,right,source_opposite_both_current
720575940611610670,DNge091,R,left,left,source_opposite_both_current
720575940611622826,DNpe025,R,left,left,source_opposite_both_current
720575940611644529,DNp06,L,right,right,source_opposite_both_current
720575940611654570,DNge030,L,right,right,source_opposite_both_current
720575940611700520,DNg12_b,R,left,left,source_opposite_both_current
720575940611735002,DNg79,L,right,right,source_opposite_both_current
720575940611735514,DNa11,R,left,left,source_opposite_both_current
720575940611756723,DNg65,L,right,right,source_opposite_both_current
720575940611765201,DNge071,L,right,right,source_opposite_both_current
720575940611772083,DNg43,R,left,left,source_opposite_both_current
720575940611782874,DNp25,L,right,right,source_opposite_both_current
720575940611807795,DNge024,L,right,right,source_opposite_both_current
720575940611813842,DNge050,R,left,left,source_opposite_both_current
720575940611881139,DNge068,R,left,left,source_opposite_both_current
720575940611886289,DNpe008,R,left,left,source_opposite_both_current
720575940611939290,DNg12_a,L,right,right,source_opposite_both_current
720575940611956197,DNg78,R,left,left,source_opposite_both_current
720575940611976618,DNge111,R,left,left,source_opposite_both_current
720575940611981029,DNg111,L,right,right,source_opposite_both_current
720575940612014131,DNg02_a,R,left,left,source_opposite_both_current
720575940612019825,DNg12_c,R,left,left,source_opposite_both_current
720575940612028017,DNge114,R,left,left,source_opposite_both_current
720575940612036837,DNg96,R,left,left,source_opposite_both_current
720575940612058543,DNge145,R,left,left,source_opposite_both_current
720575940612203482,DNp05,R,left,left,source_opposite_both_current
720575940612206810,DNge034,R,left,left,source_opposite_both_current
720575940612288947,DNg07,L,right,right,source_opposite_both_current
720575940612311987,DNpe003,R,left,left,source_opposite_both_current
720575940612335539,DNge071,L,right,right,source_opposite_both_current
720575940612366322,DNge045,R,left,left,source_opposite_both_current
720575940612373423,DNge094,R,left,left,source_opposite_both_current
720575940612376805,DNg21,L,right,right,source_opposite_both_current
720575940612427414,DNge020,R,left,left,source_opposite_both_current
720575940612427670,DNg12_e,R,left,left,source_opposite_both_current
720575940612429714,DNg07,R,left,left,source_opposite_both_current
720575940612429743,DNge074,R,left,left,source_opposite_both_current
720575940612488341,DNpe045,L,right,right,source_opposite_both_current
720575940612557994,DNp39,L,right,right,source_opposite_both_current
720575940612586151,DNge017,L,right,right,source_opposite_both_current
720575940612603289,DNg75,L,right,right,source_opposite_both_current
720575940612629210,DNge088,L,right,right,source_opposite_both_current
720575940612648106,DNg67,R,left,left,source_opposite_both_current
720575940612682467,DNp51,R,left,left,source_opposite_both_current
720575940612692889,DNg63,R,left,left,source_opposite_both_current
720575940612698287,DNg06,R,left,left,source_opposite_both_current
720575940612804606,DNg02_a,L,right,right,source_opposite_both_current
720575940612804862,DNg01,L,right,right,source_opposite_both_current
720575940612805118,DNg10,L,right,right,source_opposite_both_current
720575940612922851,DNg05_b,L,right,right,source_opposite_both_current
720575940613019541,DNg93,L,right,right,source_opposite_both_current
720575940613088426,DNb07,R,left,left,source_opposite_both_current
720575940613170498,DNp37,L,right,right,source_opposite_both_current
720575940613200706,DNpe008,L,right,right,source_opposite_both_current
720575940613307033,DNde006,R,left,left,source_opposite_both_current
720575940613339875,DNge129,R,left,left,source_opposite_both_current
720575940613347299,DNge042,L,right,right,source_opposite_both_current
720575940613358450,DNbe005,R,left,left,source_opposite_both_current
720575940613403890,DNp48,R,left,left,source_opposite_both_current
720575940613408552,DNa13,R,left,left,source_opposite_both_current
720575940613535554,DNg17,R,left,left,source_opposite_both_current
720575940613558509,DNpe055,L,right,right,source_opposite_both_current
720575940613589167,DNge058,L,right,right,source_opposite_both_current
720575940613590579,DNge097,R,left,left,source_opposite_both_current
720575940613632153,DNpe009,L,right,right,source_opposite_both_current
720575940613636325,DNpe005,R,left,left,source_opposite_both_current
720575940613668620,DNg02_b,R,left,left,source_opposite_both_current
720575940613684370,LN-DN2,R,left,left,source_opposite_both_current
720575940613686954,DNge081,R,left,left,source_opposite_both_current
720575940613717138,DNb04,L,right,right,source_opposite_both_current
720575940613731270,DNpe008,L,right,right,source_opposite_both_current
720575940613748689,DNp16,L,right,right,source_opposite_both_current
720575940613793170,DNg02_b,R,left,left,source_opposite_both_current
720575940613814971,DNge071,R,left,left,source_opposite_both_current
720575940613816062,DNg106,R,left,left,source_opposite_both_current
720575940613838289,DNge132,L,right,right,source_opposite_both_current
720575940613915823,DNpe005,L,right,right,source_opposite_both_current
720575940613917359,DNge107,L,right,right,source_opposite_both_current
720575940613929391,DNg38,R,left,left,source_opposite_both_current
720575940613998860,DNg03,L,right,right,source_opposite_both_current
720575940614014895,DNge077,R,left,left,source_opposite_both_current
720575940614046395,DNge092,R,left,left,source_opposite_both_current
720575940614075363,DNge103,L,right,right,source_opposite_both_current
720575940614089726,DNg101,L,right,right,source_opposite_both_current
720575940614107554,DNge118,L,right,right,source_opposite_both_current
720575940614129617,DNge019,L,right,right,source_opposite_both_current
720575940614137907,DNp104,R,left,left,source_opposite_both_current
720575940614147701,DNpe015,L,right,right,source_opposite_both_current
720575940614165201,DNge028,L,right,right,source_opposite_both_current
720575940614181585,DNg07,L,right,right,source_opposite_both_current
720575940614185366,oviDNx,L,right,right,source_opposite_both_current
720575940614186449,DNg44,R,left,left,source_opposite_both_current
720575940614187006,DNg43,L,right,right,source_opposite_both_current
720575940614235323,DNge029,R,left,left,source_opposite_both_current
720575940614236200,DNpe016,L,right,right,source_opposite_both_current
720575940614342038,DNge047,R,left,left,source_opposite_both_current
720575940614348438,DNae006,R,left,left,source_opposite_both_current
720575940614352278,DNge004,R,left,left,source_opposite_both_current
720575940614363619,oviDNx,L,right,right,source_opposite_both_current
720575940614384757,DNg17,L,right,right,source_opposite_both_current
720575940614403178,DNae005,L,right,right,source_opposite_both_current
720575940614478658,DNg36_b,R,left,left,source_opposite_both_current
720575940614562207,DNge115,R,left,left,source_opposite_both_current
720575940614572906,DNge175,R,left,left,source_opposite_both_current
720575940614581410,DNp59,L,right,right,source_opposite_both_current
720575940614587990,DNpe009,L,right,right,source_opposite_both_current
720575940614588778,DNg12_e,L,right,right,source_opposite_both_current
720575940614642838,DNge021,L,right,right,source_opposite_both_current
720575940614660263,DNd03,L,right,right,source_opposite_both_current
720575940614682274,DNge090,L,right,right,source_opposite_both_current
720575940614730914,DNg75,R,left,left,source_opposite_both_current
720575940614736034,DNge140,L,right,right,source_opposite_both_current
720575940614759149,DNge140,R,left,left,source_opposite_both_current
720575940614840715,DNg06,R,left,left,source_opposite_both_current
720575940614843275,DNg82,R,left,left,source_opposite_both_current
720575940614909506,DNge123,L,right,right,source_opposite_both_current
720575940614959675,DNge071,L,right,right,source_opposite_both_current
720575940615023535,DNge062,L,right,right,source_opposite_both_current
720575940615030568,DNg58,L,right,right,source_opposite_both_current
720575940615043222,DNae007,L,right,right,source_opposite_both_current
720575940615043368,DNp22,R,left,left,source_opposite_both_current
720575940615058216,DNpe012,R,left,left,source_opposite_both_current
720575940615092019,DNpe042,R,left,left,source_opposite_both_current
720575940615108714,DNg46,L,right,right,source_opposite_both_current
720575940615219417,DNp16,R,left,left,source_opposite_both_current
720575940615251251,DNp47,R,left,left,source_opposite_both_current
720575940615292895,DNpe049,R,left,left,source_opposite_both_current
720575940615323298,DNg72,R,left,left,source_opposite_both_current
720575940615364564,DNge094,R,left,left,source_opposite_both_current
720575940615378399,DNg83,L,right,right,source_opposite_both_current
720575940615378700,DNp68,R,left,left,source_opposite_both_current
720575940615385798,DNge085,R,left,left,source_opposite_both_current
720575940615424966,DNge090,L,right,right,source_opposite_both_current
720575940615453182,DNg07,R,left,left,source_opposite_both_current
720575940615495867,DNge091,L,right,right,source_opposite_both_current
720575940615502604,DNpe011,R,left,left,source_opposite_both_current
720575940615505406,DNg23,L,right,right,source_opposite_both_current
720575940615559892,oviDNx,R,left,left,source_opposite_both_current
720575940615578043,DNge068,L,right,right,source_opposite_both_current
720575940615607207,DNc01,L,right,right,source_opposite_both_current
720575940615623051,DNg12_b,R,left,left,source_opposite_both_current
720575940615630237,DNpe015,R,left,left,source_opposite_both_current
720575940615659521,DNge091,L,right,right,source_opposite_both_current
720575940615666655,DNge022,R,left,left,source_opposite_both_current
720575940615671106,DNge059,R,left,left,source_opposite_both_current
720575940615679282,DNg02_h,L,right,right,source_opposite_both_current
720575940615692690,DNp60,R,left,left,source_opposite_both_current
720575940615715003,DNg96,L,right,right,source_opposite_both_current
720575940615794077,DNpe015,R,left,left,source_opposite_both_current
720575940615798470,DNpe022,R,left,left,source_opposite_both_current
720575940615898730,DNg106,L,right,right,source_opposite_both_current
720575940615899622,DNg03,L,right,right,source_opposite_both_current
720575940615957663,DNg06,L,right,right,source_opposite_both_current
720575940615958203,DNg12_a,L,right,right,source_opposite_both_current
720575940616026939,MDN,R,left,left,source_opposite_both_current
720575940616076917,DNge015,L,right,right,source_opposite_both_current
720575940616167986,DNge151,M,center,center,all_agree
720575940616185531,DNg62,L,right,right,source_opposite_both_current
720575940616274619,DNpe026,L,right,right,source_opposite_both_current
720575940616286175,DNa13,R,left,left,source_opposite_both_current
720575940616293855,DNp15,R,left,left,source_opposite_both_current
720575940616353675,DNge009,R,left,left,source_opposite_both_current
720575940616374667,DNge015,L,right,right,source_opposite_both_current
720575940616376287,DNg39,R,left,left,source_opposite_both_current
720575940616400470,DNge039,R,left,left,source_opposite_both_current
720575940616401467,DNg08,R,left,left,source_opposite_both_current
720575940616471052,DNg13,R,left,left,source_opposite_both_current
720575940616498742,DNge102,L,right,right,source_opposite_both_current
720575940616548416,DNge085,L,right,right,source_opposite_both_current
720575940616597334,DNge063,R,left,left,source_opposite_both_current
720575940616604817,DNpe023,R,left,left,source_opposite_both_current
720575940616647483,DNp19,R,left,left,source_opposite_both_current
720575940616649845,DNpe003,R,left,left,source_opposite_both_current
720575940616688286,DNg08,L,right,right,source_opposite_both_current
720575940616786433,DNge085,R,left,left,source_opposite_both_current
720575940616826380,DNb09,R,left,left,source_opposite_both_current
720575940616886301,DNp52,R,left,left,source_opposite_both_current
720575940616935838,DNg10,L,right,right,source_opposite_both_current
720575940616936226,DNb02,R,left,left,source_opposite_both_current
720575940617030585,DNpe010,L,right,right,source_opposite_both_current
720575940617031385,DNg61,L,right,right,source_opposite_both_current
720575940617034565,DNp07,R,left,left,source_opposite_both_current
720575940617035153,DNg106,R,left,left,source_opposite_both_current
720575940617035449,DNge074,L,right,right,source_opposite_both_current
720575940617074393,DNg12_a,R,left,left,source_opposite_both_current
720575940617140597,DNpe024,R,left,left,source_opposite_both_current
720575940617245652,DNp55,L,right,right,source_opposite_both_current
720575940617249254,DNge086,L,right,right,source_opposite_both_current
720575940617280657,DNp45,L,right,right,source_opposite_both_current
720575940617290043,DNg86,R,left,left,source_opposite_both_current
720575940617295321,DNge091,L,right,right,source_opposite_both_current
720575940617296029,DNge139,L,right,right,source_opposite_both_current
720575940617296699,DNg36_b,L,right,right,source_opposite_both_current
720575940617373268,DNge098,L,right,right,source_opposite_both_current
720575940617390641,DNg12_b,L,right,right,source_opposite_both_current
720575940617399257,DNge048,R,left,left,source_opposite_both_current
720575940617432065,DNge027,L,right,right,source_opposite_both_current
720575940617448331,DNpe048,L,right,right,source_opposite_both_current
720575940617477022,DNge091,R,left,left,source_opposite_both_current
720575940617498507,DNg02_b,L,right,right,source_opposite_both_current
720575940617552569,DNpe032,R,left,left,source_opposite_both_current
720575940617554577,DNg12_c,L,right,right,source_opposite_both_current
720575940617568697,DNge001,R,left,left,source_opposite_both_current
720575940617663093,DNg51,L,right,right,source_opposite_both_current
720575940617689816,DNg10,R,left,left,source_opposite_both_current
720575940617696728,DNp17,L,right,right,source_opposite_both_current
720575940617750070,DNp39,R,left,left,source_opposite_both_current
720575940617792069,DNge044,L,right,right,source_opposite_both_current
720575940617802187,DNp17,R,left,left,source_opposite_both_current
720575940617802699,DNpe008,R,left,left,source_opposite_both_current
720575940617809181,DNp69,L,right,right,source_opposite_both_current
720575940617873201,DNpe029,R,left,left,source_opposite_both_current
720575940617904208,DNp62,L,right,right,source_opposite_both_current
720575940617917396,DNbe003,R,left,left,source_opposite_both_current
720575940617918021,DNge131,R,left,left,source_opposite_both_current
720575940617922439,DNg02_g,L,right,right,source_opposite_both_current
720575940617950877,DNge063,L,right,right,source_opposite_both_current
720575940617952034,DNp68,L,right,right,source_opposite_both_current
720575940617990228,DNge097,L,right,right,source_opposite_both_current
720575940617993607,DNg12_b,R,left,left,source_opposite_both_current
720575940618051801,DNg08,R,left,left,source_opposite_both_current
720575940618086535,DNge115,L,right,right,source_opposite_both_current
720575940618147520,DNg12_b,R,left,left,source_opposite_both_current
720575940618156829,DNb02,R,left,left,source_opposite_both_current
720575940618167579,DNae001,R,left,left,source_opposite_both_current
720575940618182480,DNg01,R,left,left,source_opposite_both_current
720575940618203707,DNc02,R,left,left,source_opposite_both_current
720575940618291520,DNge060,L,right,right,source_opposite_both_current
720575940618314897,DNp70,L,right,right,source_opposite_both_current
720575940618382529,DNp16,R,left,left,source_opposite_both_current
720575940618393478,DNge020,L,right,right,source_opposite_both_current
720575940618398533,DNp54,L,right,right,source_opposite_both_current
720575940618402694,DNpe015,L,right,right,source_opposite_both_current
720575940618405686,DNge069,R,left,left,source_opposite_both_current
720575940618427156,DNge113,L,right,right,source_opposite_both_current
720575940618440000,DNp18,R,left,left,source_opposite_both_current
720575940618440943,DNg06,R,left,left,source_opposite_both_current
720575940618497616,LN-DN2,R,left,left,source_opposite_both_current
720575940618514043,DNg54,R,left,left,source_opposite_both_current
720575940618519454,DNge025,R,left,left,source_opposite_both_current
720575940618548244,DNge061,L,right,right,source_opposite_both_current
720575940618550699,DNpe015,R,left,left,source_opposite_both_current
720575940618574749,DNg35,R,left,left,source_opposite_both_current
720575940618594022,DNp42,R,left,left,source_opposite_both_current
720575940618594117,DNge081,L,right,right,source_opposite_both_current
720575940618658974,DNg89,L,right,right,source_opposite_both_current
720575940618663838,DNge032,R,left,left,source_opposite_both_current
720575940618666142,DNg33,R,left,left,source_opposite_both_current
720575940618698411,DNg06,L,right,right,source_opposite_both_current
720575940618706603,DNpe008,L,right,right,source_opposite_both_current
720575940618762605,DNg12_b,R,left,left,source_opposite_both_current
720575940618818395,DNg08,R,left,left,source_opposite_both_current
720575940618827910,DNg11,R,left,left,source_opposite_both_current
720575940618863553,DNge061,L,right,right,source_opposite_both_current
720575940618870113,DNge095,R,left,left,source_opposite_both_current
720575940618870881,DNpe009,R,left,left,source_opposite_both_current
720575940618876830,DNg06,L,right,right,source_opposite_both_current
720575940618936710,DNp58,L,right,right,source_opposite_both_current
720575940618947956,DNge020,R,left,left,source_opposite_both_current
720575940619024542,DNge128,R,left,left,source_opposite_both_current
720575940619024816,DNpe015,L,right,right,source_opposite_both_current
720575940619038366,DNge083,L,right,right,source_opposite_both_current
720575940619038493,DNpe042,L,right,right,source_opposite_both_current
720575940619074836,DNg05_b,R,left,left,source_opposite_both_current
720575940619077755,DNge029,L,right,right,source_opposite_both_current
720575940619089005,DNpe011,R,left,left,source_opposite_both_current
720575940619090541,DNpe009,R,left,left,source_opposite_both_current
720575940619116061,DNbe002,L,right,right,source_opposite_both_current
720575940619133878,DNge019,R,left,left,source_opposite_both_current
720575940619152856,DNp40,L,right,right,source_opposite_both_current
720575940619191966,DNge119,L,right,right,source_opposite_both_current
720575940619315888,DNpe009,R,left,left,source_opposite_both_current
720575940619332944,DNg99,L,right,right,source_opposite_both_current
720575940619341744,DNpe008,R,left,left,source_opposite_both_current
720575940619372726,DNge114,L,right,right,source_opposite_both_current
720575940619431765,DNge071,R,left,left,source_opposite_both_current
720575940619432261,DNp26,R,left,left,source_opposite_both_current
720575940619434587,DNge153,L,right,right,source_opposite_both_current
720575940619451989,DNpe033,R,left,left,source_opposite_both_current
720575940619486891,DNp13,R,left,left,source_opposite_both_current
720575940619524852,DNg12_b,R,left,left,source_opposite_both_current
720575940619530187,DNge100,L,right,right,source_opposite_both_current
720575940619548799,DNpe014,L,right,right,source_opposite_both_current
720575940619582168,DNb04,R,left,left,source_opposite_both_current
720575940619590360,DNge115,R,left,left,source_opposite_both_current
720575940619654053,DNp02,R,left,left,source_opposite_both_current
720575940619676598,DNge093,L,right,right,source_opposite_both_current
720575940619678366,DNp10,L,right,right,source_opposite_both_current
720575940619744496,DNg50,R,left,left,source_opposite_both_current
720575940619751872,DNg12_a,L,right,right,source_opposite_both_current
720575940619757366,DNg27,R,left,left,source_opposite_both_current
720575940619790975,DNpe008,R,left,left,source_opposite_both_current
720575940619864596,LN-DN1,L,right,right,source_opposite_both_current
720575940619877396,DNge059,L,right,right,source_opposite_both_current
720575940619905916,DNge085,R,left,left,source_opposite_both_current
720575940619910080,DNge092,L,right,right,source_opposite_both_current
720575940619928346,DNg06,R,left,left,source_opposite_both_current
720575940619944513,DNg10,L,right,right,source_opposite_both_current
720575940619945931,DNd04,L,right,right,source_opposite_both_current
720575940620017261,DNge009,L,right,right,source_opposite_both_current
720575940620038779,DNp47,L,right,right,source_opposite_both_current
720575940620054694,DNp11,R,left,left,source_opposite_both_current
720575940620082512,DNge049,L,right,right,source_opposite_both_current
720575940620110215,DNge091,L,right,right,source_opposite_both_current
720575940620135645,DNge001,R,left,left,source_opposite_both_current
720575940620149836,DNg12_b,L,right,right,source_opposite_both_current
720575940620153765,DNp10,R,left,left,source_opposite_both_current
720575940620156283,DNp30,R,left,left,source_opposite_both_current
720575940620169607,DNg59,L,right,right,source_opposite_both_current
720575940620231590,DNge088,R,left,left,source_opposite_both_current
720575940620297819,DNge123,R,left,left,source_opposite_both_current
720575940620298772,DNge035,R,left,left,source_opposite_both_current
720575940620300308,DNg97,L,right,right,source_opposite_both_current
720575940620322497,DNae009,R,left,left,source_opposite_both_current
720575940620328828,DNg03,R,left,left,source_opposite_both_current
720575940620354836,DNp14,L,right,right,source_opposite_both_current
720575940620369517,DNp46,R,left,left,source_opposite_both_current
720575940620380449,DNae002,L,right,right,source_opposite_both_current
720575940620404182,DNg05_b,R,left,left,source_opposite_both_current
720575940620468718,DNp02,L,right,right,source_opposite_both_current
720575940620470976,DNg53,L,right,right,source_opposite_both_current
720575940620473547,DNge098,R,left,left,source_opposite_both_current
720575940620534768,DNa05,R,left,left,source_opposite_both_current
720575940620541099,DNge054,R,left,left,source_opposite_both_current
720575940620543025,DNg34,R,left,left,source_opposite_both_current
720575940620561840,DNpe001,L,right,right,source_opposite_both_current
720575940620564673,DNg10,L,right,right,source_opposite_both_current
720575940620582260,DNp67,R,left,left,source_opposite_both_current
720575940620595883,DNg10,L,right,right,source_opposite_both_current
720575940620621190,DNg99,R,left,left,source_opposite_both_current
720575940620622708,DNg76,L,right,right,source_opposite_both_current
720575940620625880,oviDNb’,R,left,left,source_opposite_both_current
720575940620632369,DNg18_b,R,left,left,source_opposite_both_current
720575940620642940,DNpe002,L,right,right,source_opposite_both_current
720575940620711334,DNa09,L,right,right,source_opposite_both_current
720575940620714150,DNge046,L,right,right,source_opposite_both_current
720575940620749807,DNde001,L,right,right,source_opposite_both_current
720575940620757748,DNpe041,R,left,left,source_opposite_both_current
720575940620760692,DNg50,L,right,right,source_opposite_both_current
720575940620776880,DNb03,R,left,left,source_opposite_both_current
720575940620804566,DNge094,R,left,left,source_opposite_both_current
720575940620815896,DNge071,R,left,left,source_opposite_both_current
720575940620823828,DNa14,R,left,left,source_opposite_both_current
720575940620859630,DNge052,L,right,right,source_opposite_both_current
720575940620878785,DNp65,L,right,right,source_opposite_both_current
720575940620915224,DNge089,L,right,right,source_opposite_both_current
720575940620918789,DNa03,R,left,left,source_opposite_both_current
720575940620929483,DNg106,R,left,left,source_opposite_both_current
720575940621002480,DNge094,L,right,right,source_opposite_both_current
720575940621021278,DNg18_a,R,left,left,source_opposite_both_current
720575940621031006,DNp48,L,right,right,source_opposite_both_current
720575940621065301,DNg88,R,left,left,source_opposite_both_current
720575940621068464,DNb08,L,right,right,source_opposite_both_current
720575940621071017,DNge093,R,left,left,source_opposite_both_current
720575940621071495,DNge091,L,right,right,source_opposite_both_current
720575940621082111,DNge061,R,left,left,source_opposite_both_current
720575940621107847,DNge131,L,right,right,source_opposite_both_current
720575940621119061,DNbe002,R,left,left,source_opposite_both_current
720575940621121159,DNge109,L,right,right,source_opposite_both_current
720575940621157645,DNpe024,L,right,right,source_opposite_both_current
720575940621181066,DNge024,R,left,left,source_opposite_both_current
720575940621196037,oviDNd,L,right,right,source_opposite_both_current
720575940621226484,DNb04,L,right,right,source_opposite_both_current
720575940621246068,DNg101,R,left,left,source_opposite_both_current
720575940621257340,oviDNb’,R,left,left,source_opposite_both_current
720575940621270410,DNpe008,L,right,right,source_opposite_both_current
720575940621274845,DNg08,L,right,right,source_opposite_both_current
720575940621294218,DNge061,R,left,left,source_opposite_both_current
720575940621304004,DNg36_b,L,right,right,source_opposite_both_current
720575940621304723,DNpe015,L,right,right,source_opposite_both_current
720575940621313414,DNge038,R,left,left,source_opposite_both_current
720575940621319156,DNge027,R,left,left,source_opposite_both_current
720575940621325034,DNg04,L,right,right,source_opposite_both_current
720575940621336852,DNg42,L,right,right,source_opposite_both_current
720575940621339713,DNg07,L,right,right,source_opposite_both_current
720575940621388453,DNd02,R,left,left,source_opposite_both_current
720575940621392086,DNde003,R,left,left,source_opposite_both_current
720575940621399174,DNge127,R,left,left,source_opposite_both_current
720575940621401222,DNpe025,L,right,right,source_opposite_both_current
720575940621471157,DNg08,L,right,right,source_opposite_both_current
720575940621519130,DNa16,L,right,right,source_opposite_both_current
720575940621530117,DNge039,L,right,right,source_opposite_both_current
720575940621534273,DNge071,R,left,left,source_opposite_both_current
720575940621554112,DNpe031,L,right,right,source_opposite_both_current
720575940621561697,DNp28,R,left,left,source_opposite_both_current
720575940621566844,DNg22,R,left,left,source_opposite_both_current
720575940621572890,DNg07,R,left,left,source_opposite_both_current
720575940621586473,DNg09,R,left,left,source_opposite_both_current
720575940621599604,DNge115,L,right,right,source_opposite_both_current
720575940621626394,DNg102,L,right,right,source_opposite_both_current
720575940621628582,DNg85,R,left,left,source_opposite_both_current
720575940621629578,DNpe054,L,right,right,source_opposite_both_current
720575940621640885,DNg12_b,L,right,right,source_opposite_both_current
720575940621667693,DNg28,R,left,left,source_opposite_both_current
720575940621700789,DNg36_b,R,left,left,source_opposite_both_current
720575940621767306,DNg12_e,R,left,left,source_opposite_both_current
720575940621783628,DNge094,R,left,left,source_opposite_both_current
720575940621801456,DNge120,R,left,left,source_opposite_both_current
720575940621804159,DNp12,R,left,left,source_opposite_both_current
720575940621817326,DNg11,L,right,right,source_opposite_both_current
720575940621909739,DNg01,L,right,right,source_opposite_both_current
720575940621923837,DNge008,R,left,left,source_opposite_both_current
720575940621947653,DNg64,L,right,right,source_opposite_both_current
720575940622010373,DNg55,M,center,center,all_agree
720575940622027222,DNge046,L,right,right,source_opposite_both_current
720575940622037926,DNg41,L,right,right,source_opposite_both_current
720575940622040419,oviDNd,R,left,left,source_opposite_both_current
720575940622042603,DNg02_c,R,left,left,source_opposite_both_current
720575940622067165,DNg59,R,left,left,source_opposite_both_current
720575940622123400,DNge091,R,left,left,source_opposite_both_current
720575940622147873,DNge043,R,left,left,source_opposite_both_current
720575940622160560,DNg71,L,right,right,source_opposite_both_current
720575940622161366,DNge054,L,right,right,source_opposite_both_current
720575940622195625,DNge003,L,right,right,source_opposite_both_current
720575940622204186,DNae003,L,right,right,source_opposite_both_current
720575940622237466,DNge152,M,center,center,all_agree
720575940622248453,DNge148,R,left,left,source_opposite_both_current
720575940622263066,DNge135,L,right,right,source_opposite_both_current
720575940622321110,DNbe002,L,right,right,source_opposite_both_current
720575940622332403,DNge020,R,left,left,source_opposite_both_current
720575940622347784,DNg05_b,R,left,left,source_opposite_both_current
720575940622351996,DNge019,L,right,right,source_opposite_both_current
720575940622352764,DNg18_b,R,left,left,source_opposite_both_current
720575940622386824,DNge019,L,right,right,source_opposite_both_current
720575940622437671,DNpe011,L,right,right,source_opposite_both_current
720575940622478349,DNge024,L,right,right,source_opposite_both_current
720575940622486644,DNg45,L,right,right,source_opposite_both_current
720575940622500172,DNg74_a,L,right,right,source_opposite_both_current
720575940622505511,DNpe015,R,left,left,source_opposite_both_current
720575940622537477,DNge067,R,left,left,source_opposite_both_current
720575940622537653,DNg79,R,left,left,source_opposite_both_current
720575940622540899,DNb02,L,right,right,source_opposite_both_current
720575940622550089,DNp07,L,right,right,source_opposite_both_current
720575940622565590,DNge047,L,right,right,source_opposite_both_current
720575940622579967,DNg29,R,left,left,source_opposite_both_current
720575940622594186,DNg91,L,right,right,source_opposite_both_current
720575940622632084,DNge001,L,right,right,source_opposite_both_current
720575940622633716,DNge041,R,left,left,source_opposite_both_current
720575940622673860,DNp06,R,left,left,source_opposite_both_current
720575940622675421,DNp29,R,left,left,source_opposite_both_current
720575940622681864,DNg02_b,R,left,left,source_opposite_both_current
720575940622728728,DNge145,L,right,right,source_opposite_both_current
720575940622760269,DNg08,L,right,right,source_opposite_both_current
720575940622786317,DNge085,R,left,left,source_opposite_both_current
720575940622797244,DNg12_c,R,left,left,source_opposite_both_current
720575940622805700,DNge154,L,right,right,source_opposite_both_current
720575940622806247,DNge085,L,right,right,source_opposite_both_current
720575940622836970,DNpe012,R,left,left,source_opposite_both_current
720575940622838154,DNp01,R,left,left,source_opposite_both_current
720575940622843530,DNpe031,L,right,right,source_opposite_both_current
720575940622878719,DNg106,L,right,right,source_opposite_both_current
720575940622910188,DNg02_f,L,right,right,source_opposite_both_current
720575940622917351,DNpe008,R,left,left,source_opposite_both_current
720575940622925972,DNg01,L,right,right,source_opposite_both_current
720575940622929193,DNg36_a,L,right,right,source_opposite_both_current
720575940622933765,DNge137,R,left,left,source_opposite_both_current
720575940622944196,DNge108,R,left,left,source_opposite_both_current
720575940622996579,DNg40,L,right,right,source_opposite_both_current
720575940623014695,DNpe033,L,right,right,source_opposite_both_current
720575940623019544,DNa11,L,right,right,source_opposite_both_current
720575940623033532,DNg08,R,left,left,source_opposite_both_current
720575940623037720,DNge104,R,left,left,source_opposite_both_current
720575940623052728,DNpe009,L,right,right,source_opposite_both_current
720575940623062515,DNa05,L,right,right,source_opposite_both_current
720575940623068841,DNde007,R,left,left,source_opposite_both_current
720575940623110123,DNde003,R,left,left,source_opposite_both_current
720575940623122125,DNp104,L,right,right,source_opposite_both_current
720575940623125628,DNpe020,L,right,right,source_opposite_both_current
720575940623128269,DNg37,R,left,left,source_opposite_both_current
720575940623132621,DNge146,L,right,right,source_opposite_both_current
720575940623137212,DNge044,R,left,left,source_opposite_both_current
720575940623142426,DNpe043,R,left,left,source_opposite_both_current
720575940623153788,DNpe014,R,left,left,source_opposite_both_current
720575940623164685,DNge003,R,left,left,source_opposite_both_current
720575940623193293,DNge094,L,right,right,source_opposite_both_current
720575940623203004,DNp17,R,left,left,source_opposite_both_current
720575940623222712,DNg03,L,right,right,source_opposite_both_current
720575940623274966,DNpe037,R,left,left,source_opposite_both_current
720575940623276168,DNp35,L,right,right,source_opposite_both_current
720575940623338281,DNg98,L,right,right,source_opposite_both_current
720575940623355114,DNg88,L,right,right,source_opposite_both_current
720575940623385894,DNde005,L,right,right,source_opposite_both_current
720575940623426854,DNg73,R,left,left,source_opposite_both_current
720575940623431351,DNp15,L,right,right,source_opposite_both_current
720575940623431571,DNge008,L,right,right,source_opposite_both_current
720575940623446860,DNg30,L,right,right,source_opposite_both_current
720575940623467527,DNp40,R,left,left,source_opposite_both_current
720575940623468691,DNa10,R,left,left,source_opposite_both_current
720575940623491987,DNg110,L,right,right,source_opposite_both_current
720575940623498876,DNge094,L,right,right,source_opposite_both_current
720575940623503318,DNg104,L,right,right,source_opposite_both_current
720575940623528842,DNpe012,L,right,right,source_opposite_both_current
720575940623537485,DNge118,R,left,left,source_opposite_both_current
720575940623543117,DNge093,L,right,right,source_opposite_both_current
720575940623556755,DNpe016,R,left,left,source_opposite_both_current
720575940623582867,DNp46,L,right,right,source_opposite_both_current
720575940623626986,DNg94,R,left,left,source_opposite_both_current
720575940623637226,DNge004,L,right,right,source_opposite_both_current
720575940623706405,DNge102,R,left,left,source_opposite_both_current
720575940623776235,DNge117,L,right,right,source_opposite_both_current
720575940623781127,DNp103,R,left,left,source_opposite_both_current
720575940623781611,DNge105,L,right,right,source_opposite_both_current
720575940623786376,DNp24,R,left,left,source_opposite_both_current
720575940623899082,DNge094,L,right,right,source_opposite_both_current
720575940623918121,DNge055,R,left,left,source_opposite_both_current
720575940623925173,DNp65,R,left,left,source_opposite_both_current
720575940623934096,DNge110,R,left,left,source_opposite_both_current
720575940623938823,DNb07,L,right,right,source_opposite_both_current
720575940623968612,DNge085,L,right,right,source_opposite_both_current
720575940623992300,DNp17,L,right,right,source_opposite_both_current
720575940624015287,DNge075,R,left,left,source_opposite_both_current
720575940624082931,DNg04,R,left,left,source_opposite_both_current
720575940624106388,DNge019,L,right,right,source_opposite_both_current
720575940624121161,DNpe027,L,right,right,source_opposite_both_current
720575940624131913,DNg08,L,right,right,source_opposite_both_current
720575940624154604,DNge087,L,right,right,source_opposite_both_current
720575940624229925,DNg01,L,right,right,source_opposite_both_current
720575940624234242,DNg10,R,left,left,source_opposite_both_current
720575940624280066,DNg14,R,left,left,source_opposite_both_current
720575940624305812,LN-DN2,L,right,right,source_opposite_both_current
720575940624319124,DNg62,R,left,left,source_opposite_both_current
720575940624333802,DNg37,L,right,right,source_opposite_both_current
720575940624349993,DNp70,R,left,left,source_opposite_both_current
720575940624374334,DNge093,R,left,left,source_opposite_both_current
720575940624394498,DNg12_a,R,left,left,source_opposite_both_current
720575940624402173,DNpe053,R,left,left,source_opposite_both_current
720575940624404872,DNpe007,L,right,right,source_opposite_both_current
720575940624407944,DNp36,R,left,left,source_opposite_both_current
720575940624426680,DNp45,R,left,left,source_opposite_both_current
720575940624448956,DNg42,R,left,left,source_opposite_both_current
720575940624459907,DNde007,L,right,right,source_opposite_both_current
720575940624484796,DNge106,R,left,left,source_opposite_both_current
720575940624530407,DNge072,R,left,left,source_opposite_both_current
720575940624537284,DNge124,R,left,left,source_opposite_both_current
720575940624651189,DNge084,R,left,left,source_opposite_both_current
720575940624655285,DNpe008,R,left,left,source_opposite_both_current
720575940624748419,DNg08,L,right,right,source_opposite_both_current
720575940624750480,DNg24,R,left,left,source_opposite_both_current
720575940624766700,DNpe020,M,left,left,requires_individual_review
720575940624801771,DNpe040,R,left,left,source_opposite_both_current
720575940624816115,DNge033,R,left,left,source_opposite_both_current
720575940624861072,DNp53,L,right,right,source_opposite_both_current
720575940624874983,DNae008,L,right,right,source_opposite_both_current
720575940624877360,DNg102,R,left,left,source_opposite_both_current
720575940624882151,DNge094,L,right,right,source_opposite_both_current
720575940624897516,DNg105,R,left,left,source_opposite_both_current
720575940624967463,DNg52,R,left,left,source_opposite_both_current
720575940624968013,DNg04,L,right,right,source_opposite_both_current
720575940624977847,DNpe050,R,left,left,source_opposite_both_current
720575940624982823,DNbe006,R,left,left,source_opposite_both_current
720575940624986300,DNge055,L,right,right,source_opposite_both_current
720575940624986919,DNa06,R,left,left,source_opposite_both_current
720575940624991495,DNge172,R,left,left,source_opposite_both_current
720575940625006776,DNde006,L,right,right,source_opposite_both_current
720575940625047479,DNg26,L,left,left,all_agree
720575940625047815,DNge090,R,left,left,source_opposite_both_current
720575940625065653,DNge091,R,left,left,source_opposite_both_current
720575940625090314,DNa08,L,right,right,source_opposite_both_current
720575940625094325,DNae008,R,left,left,source_opposite_both_current
720575940625101360,DNx01,L,right,right,source_opposite_both_current
720575940625144061,DNg02_c,L,right,right,source_opposite_both_current
720575940625182341,DNge083,R,left,left,source_opposite_both_current
720575940625184782,DNpe026,R,left,left,source_opposite_both_current
720575940625187940,DNge091,R,left,left,source_opposite_both_current
720575940625253649,DNg12_b,L,right,right,source_opposite_both_current
720575940625295339,DNp13,L,right,right,source_opposite_both_current
720575940625306603,DNge011,R,left,left,source_opposite_both_current
720575940625314058,DNg92_a,L,right,right,source_opposite_both_current
720575940625343761,DNge085,L,right,right,source_opposite_both_current
720575940625345511,DNp63,L,right,right,source_opposite_both_current
720575940625345584,DNg92_a,R,left,left,source_opposite_both_current
720575940625353736,DNg19,R,left,left,source_opposite_both_current
720575940625376062,DNg08,L,right,right,source_opposite_both_current
720575940625396252,DNg36_b,R,left,left,source_opposite_both_current
720575940625420986,DNp101,L,right,right,source_opposite_both_current
720575940625422609,DNg12_b,R,left,left,source_opposite_both_current
720575940625426469,DNg07,L,right,right,source_opposite_both_current
720575940625467280,DNpe008,L,right,right,source_opposite_both_current
720575940625482954,DNg02_e,L,right,right,source_opposite_both_current
720575940625489160,DNge150,M,center,center,all_agree
720575940625502666,DNa13,L,right,right,source_opposite_both_current
720575940625513360,DNp52,L,right,right,source_opposite_both_current
720575940625539984,DNp49,R,left,left,source_opposite_both_current
720575940625550398,DNg05_b,L,right,right,source_opposite_both_current
720575940625558730,DNbe005,L,right,right,source_opposite_both_current
720575940625573322,DNae006,L,right,right,source_opposite_both_current
720575940625573653,DNg11,R,left,left,source_opposite_both_current
720575940625596647,DNge071,R,left,left,source_opposite_both_current
720575940625641402,DNge018,R,left,left,source_opposite_both_current
720575940625642302,DNge020,L,right,right,source_opposite_both_current
720575940625653029,DNx02,R,left,left,source_opposite_both_current
720575940625673196,DNp71,R,left,left,source_opposite_both_current
720575940625718053,DNde003,L,right,right,source_opposite_both_current
720575940625733351,DNc02,L,right,right,source_opposite_both_current
720575940625744784,DNp17,L,right,right,source_opposite_both_current
720575940625747812,DNp49,L,right,right,source_opposite_both_current
720575940625815562,DNg77,R,left,left,source_opposite_both_current
720575940625863728,DNg109,R,left,left,source_opposite_both_current
720575940625870640,DNg15,L,right,right,source_opposite_both_current
720575940625872688,DNg12_a,R,left,left,source_opposite_both_current
720575940625878160,DNb01,R,left,left,source_opposite_both_current
720575940625887207,DNg95,L,right,right,source_opposite_both_current
720575940625890812,DNpe008,R,left,left,source_opposite_both_current
720575940625890888,DNge012,R,left,left,source_opposite_both_current
720575940625937340,DNg106,L,right,right,source_opposite_both_current
720575940625963432,DNg03,L,right,right,source_opposite_both_current
720575940626009852,DNp05,L,right,right,source_opposite_both_current
720575940626027752,DNg07,L,right,right,source_opposite_both_current
720575940626068569,DNge087,L,right,right,source_opposite_both_current
720575940626085562,DNg93,R,left,left,source_opposite_both_current
720575940626088835,DNg110,R,left,left,source_opposite_both_current
720575940626092302,DNge082,R,left,left,source_opposite_both_current
720575940626165489,DNpe008,L,right,right,source_opposite_both_current
720575940626179614,DNg72,L,right,right,source_opposite_both_current
720575940626187014,DNg92_b,R,left,left,source_opposite_both_current
720575940626189657,DNge126,R,left,left,source_opposite_both_current
720575940626229337,DNge015,R,left,left,source_opposite_both_current
720575940626238716,DNge089,R,left,left,source_opposite_both_current
720575940626268761,DNge144,L,right,right,source_opposite_both_current
720575940626278129,DNg02_f,R,left,left,source_opposite_both_current
720575940626295396,DNg85,L,right,right,source_opposite_both_current
720575940626296339,DNge109,R,left,left,source_opposite_both_current
720575940626319235,DNge064,L,right,right,source_opposite_both_current
720575940626328707,DNae001,L,right,right,source_opposite_both_current
720575940626377349,DNg02_h,R,left,left,source_opposite_both_current
720575940626399588,DNg12_d,L,right,right,source_opposite_both_current
720575940626518858,DNpe029,L,right,right,source_opposite_both_current
720575940626522910,labial_nerve_sensory_descending,R,right,right,all_agree
720575940626524702,DNg71,R,left,left,source_opposite_both_current
720575940626527055,DNg12_e,L,right,right,source_opposite_both_current
720575940626557442,DNge173,L,right,right,source_opposite_both_current
720575940626562833,DNp66,R,left,left,source_opposite_both_current
720575940626580794,DNge089,L,right,right,source_opposite_both_current
720575940626639259,DNg10,R,left,left,source_opposite_both_current
720575940626663994,DNg36_a,R,left,left,source_opposite_both_current
720575940626665489,DNpe054,R,left,left,source_opposite_both_current
720575940626672058,DNge056,R,left,left,source_opposite_both_current
720575940626729295,DNg07,R,left,left,source_opposite_both_current
720575940626730883,DNg97,R,left,left,source_opposite_both_current
720575940626732776,DNg08,R,left,left,source_opposite_both_current
720575940626745987,DNg07,R,left,left,source_opposite_both_current
720575940626748702,DNge089,R,left,left,source_opposite_both_current
720575940626799920,DNg106,L,right,right,source_opposite_both_current
720575940626806046,DNpe039,L,right,right,source_opposite_both_current
720575940626816062,DNg83,R,left,left,source_opposite_both_current
720575940626834698,DNg12_b,L,right,right,source_opposite_both_current
720575940626849546,DNge019,R,left,left,source_opposite_both_current
720575940626859283,DNp60,L,right,right,source_opposite_both_current
720575940626877639,DNg09,L,right,right,source_opposite_both_current
720575940626888250,DNg94,L,right,right,source_opposite_both_current
720575940626889491,DNge124,L,right,right,source_opposite_both_current
720575940626901136,DNg40,R,left,left,source_opposite_both_current
720575940626904219,DNg02_b,R,left,left,source_opposite_both_current
720575940626919579,DNge017,R,left,left,source_opposite_both_current
720575940626936324,DNg106,L,right,right,source_opposite_both_current
720575940626982181,DNge107,R,left,left,source_opposite_both_current
720575940626993694,DNge007,R,left,left,source_opposite_both_current
720575940627001637,DNge013,R,left,left,source_opposite_both_current
720575940627003179,DNg05_b,L,right,right,source_opposite_both_current
720575940627015196,DNg108,R,left,left,source_opposite_both_current
720575940627021349,DNg110,R,left,left,source_opposite_both_current
720575940627044885,DNge141,L,right,right,source_opposite_both_current
720575940627055303,DNp53,R,left,left,source_opposite_both_current
720575940627087646,DNg74_b,L,right,right,source_opposite_both_current
720575940627099338,DNge062,R,left,left,source_opposite_both_current
720575940627107721,DNge036,L,right,right,source_opposite_both_current
720575940627139530,DNae002,R,left,left,source_opposite_both_current
720575940627166851,DNp41,R,left,left,source_opposite_both_current
720575940627167516,DNge065,L,right,right,source_opposite_both_current
720575940627210568,DNg79,R,left,left,source_opposite_both_current
720575940627234069,DNge069,L,right,right,source_opposite_both_current
720575940627241321,DNpe054,L,right,right,source_opposite_both_current
720575940627285267,DNge174,L,right,right,source_opposite_both_current
720575940627303699,DNg10,L,right,right,source_opposite_both_current
720575940627307625,DNge089,R,left,left,source_opposite_both_current
720575940627366675,DNg72,R,left,left,source_opposite_both_current
720575940627368723,DNde005,R,left,left,source_opposite_both_current
720575940627403578,DNge057,R,left,left,source_opposite_both_current
720575940627414887,DNg02_b,L,right,right,source_opposite_both_current
720575940627417619,DNg12_c,L,right,right,source_opposite_both_current
720575940627419676,DNge034,L,right,right,source_opposite_both_current
720575940627432680,DNa04,L,right,right,source_opposite_both_current
720575940627482114,DNd03,R,left,left,source_opposite_both_current
720575940627490459,DNge130,R,left,left,source_opposite_both_current
720575940627496829,DNp37,R,left,left,source_opposite_both_current
720575940627500279,DNg12_e,R,left,left,source_opposite_both_current
720575940627538434,DNg79,L,right,right,source_opposite_both_current
720575940627542316,DNpe011,L,right,right,source_opposite_both_current
720575940627560236,DNpe008,R,left,left,source_opposite_both_current
720575940627582724,DNp44,R,left,left,source_opposite_both_current
720575940627595772,DNge020,L,right,right,source_opposite_both_current
720575940627620593,DNpe019,R,left,left,source_opposite_both_current
720575940627629598,DNge142,R,left,left,source_opposite_both_current
720575940627645514,DNp03,R,left,left,source_opposite_both_current
720575940627652358,DNp09,L,right,right,source_opposite_both_current
720575940627691458,DNg82,L,right,right,source_opposite_both_current
720575940627722234,DNge113,R,left,left,source_opposite_both_current
720575940627731176,DNg05_a,L,right,right,source_opposite_both_current
720575940627731599,DNbe004,R,left,left,source_opposite_both_current
720575940627732361,DNp26,L,right,right,source_opposite_both_current
720575940627732423,DNg45,R,left,left,source_opposite_both_current
720575940627750216,DNpe031,R,left,left,source_opposite_both_current
720575940627771279,DNd02,L,right,right,source_opposite_both_current
720575940627787609,DNa01,R,left,left,source_opposite_both_current
720575940627790991,DNge138,M,center,center,all_agree
720575940627799802,DNg09,R,left,left,source_opposite_both_current
720575940627812168,DNg47,R,left,left,source_opposite_both_current
720575940627814522,DNg12_e,R,left,left,source_opposite_both_current
720575940627825923,DNg15,R,left,left,source_opposite_both_current
720575940627826760,DNge037,L,right,right,source_opposite_both_current
720575940627827697,DNge067,L,right,right,source_opposite_both_current
720575940627828552,DNg87,L,right,right,source_opposite_both_current
720575940627845704,DNge148,L,right,right,source_opposite_both_current
720575940627847752,DNge080,R,left,left,source_opposite_both_current
720575940627850622,DNg02_g,R,left,left,source_opposite_both_current
720575940627921182,oviDNa,R,left,left,source_opposite_both_current
720575940627924227,DNpe014,R,left,left,source_opposite_both_current
720575940627946261,DNa10,L,right,right,source_opposite_both_current
720575940627949589,DNp18,L,right,right,source_opposite_both_current
720575940627997050,DNb03,L,right,right,source_opposite_both_current
720575940628030440,DNg22,L,right,right,source_opposite_both_current
720575940628125715,DNg87,R,left,left,source_opposite_both_current
720575940628132745,DNp31,L,right,right,source_opposite_both_current
720575940628225167,DNg48,L,right,right,source_opposite_both_current
720575940628241628,DNg12_b,L,right,right,source_opposite_both_current
720575940628252751,DNg07,R,left,left,source_opposite_both_current
720575940628264585,DNge129,L,right,right,source_opposite_both_current
720575940628345610,DNge002,L,right,right,source_opposite_both_current
720575940628352850,DNb05,R,left,left,source_opposite_both_current
720575940628360723,DNge049,R,left,left,source_opposite_both_current
720575940628378440,DNge021,R,left,left,source_opposite_both_current
720575940628387663,DNg69,R,left,left,source_opposite_both_current
720575940628397138,DNg92_a,L,right,right,source_opposite_both_current
720575940628398202,DNp17,R,left,left,source_opposite_both_current
720575940628436282,DNge075,L,right,right,source_opposite_both_current
720575940628437291,DNp35,R,left,left,source_opposite_both_current
720575940628441862,DNge026,R,left,left,source_opposite_both_current
720575940628445169,DNge024,R,left,left,source_opposite_both_current
720575940628467830,DNg106,L,right,right,source_opposite_both_current
720575940628487153,DNge085,L,right,right,source_opposite_both_current
720575940628498161,DNp08,R,left,left,source_opposite_both_current
720575940628577897,DNa04,R,left,left,source_opposite_both_current
720575940628582607,DNg82,L,right,right,source_opposite_both_current
720575940628627867,DNbe003,L,right,right,source_opposite_both_current
720575940628659049,DNge137,L,right,right,source_opposite_both_current
720575940628659305,DNg65,R,left,left,source_opposite_both_current
720575940628669545,DNge082,L,right,right,source_opposite_both_current
720575940628731140,DNp27,R,left,left,source_opposite_both_current
720575940628745209,DNge071,L,right,right,source_opposite_both_current
720575940628796780,DNpe014,L,right,right,source_opposite_both_current
720575940628800207,DNg03,R,left,left,source_opposite_both_current
720575940628825348,DNge115,L,right,right,source_opposite_both_current
720575940628844712,DNg44,L,right,right,source_opposite_both_current
720575940628858640,DNp66,L,right,right,source_opposite_both_current
720575940628869648,DNge077,L,right,right,source_opposite_both_current
720575940628881576,DNg52,L,right,right,source_opposite_both_current
720575940628883535,DNge099,L,right,right,source_opposite_both_current
720575940628884496,DNp03,L,right,right,source_opposite_both_current
720575940628885160,DNpe049,L,right,right,source_opposite_both_current
720575940628895787,DNp17,L,right,right,source_opposite_both_current
720575940628942586,DNg02_e,R,left,left,source_opposite_both_current
720575940628971779,DNge076,R,left,left,source_opposite_both_current
720575940628993871,DNge014,L,right,right,source_opposite_both_current
720575940629012227,DNg81,L,right,right,source_opposite_both_current
720575940629041879,DNb06,L,right,right,source_opposite_both_current
720575940629064186,DNde003,L,right,right,source_opposite_both_current
720575940629139968,DNge113,L,right,right,source_opposite_both_current
720575940629155227,DNpe021,L,right,right,source_opposite_both_current
720575940629170250,DNp57,L,right,right,source_opposite_both_current
720575940629172218,LN-DN2,L,right,right,source_opposite_both_current
720575940629240263,DNge041,L,right,right,source_opposite_both_current
720575940629304702,DNge073,L,right,right,source_opposite_both_current
720575940629312300,DNp56,R,left,left,source_opposite_both_current
720575940629327659,DNa02,R,left,left,source_opposite_both_current
720575940629369642,DNg10,R,left,left,source_opposite_both_current
720575940629390123,DNp20,R,left,left,source_opposite_both_current
720575940629412170,DNd04,R,left,left,source_opposite_both_current
720575940629413962,DNp27,L,right,right,source_opposite_both_current
720575940629421159,DNp12,L,right,right,source_opposite_both_current
720575940629428215,DNpe002,R,left,left,source_opposite_both_current
720575940629438508,DNg106,L,right,right,source_opposite_both_current
720575940629461442,DNb05,L,right,right,source_opposite_both_current
720575940629472298,DNg09,L,right,right,source_opposite_both_current
720575940629477675,DNge079,R,left,left,source_opposite_both_current
720575940629486075,DNg107,R,left,left,source_opposite_both_current
720575940629490476,aSP22,R,left,left,source_opposite_both_current
720575940629502251,DNbe007,L,right,right,source_opposite_both_current
720575940629509948,DNp25,R,left,left,source_opposite_both_current
720575940629521655,DNg51,R,left,left,source_opposite_both_current
720575940629543409,DNg68,R,left,left,source_opposite_both_current
720575940629586417,DNp73,L,right,right,source_opposite_both_current
720575940629686339,DNpe012,L,right,right,source_opposite_both_current
720575940629725545,DNge091,R,left,left,source_opposite_both_current
720575940629736720,DNd05,L,right,right,source_opposite_both_current
720575940629742718,DNg09,L,right,right,source_opposite_both_current
720575940629757036,DNp04,L,right,right,source_opposite_both_current
720575940629774274,DNge144,R,left,left,source_opposite_both_current
720575940629777018,DNp11,L,right,right,source_opposite_both_current
720575940629782072,DNpe012,R,left,left,source_opposite_both_current
720575940629792060,DNge100,R,left,left,source_opposite_both_current
720575940629805950,DNg35,L,right,right,source_opposite_both_current
720575940629806974,DNge078,L,right,right,source_opposite_both_current
720575940629812346,DNde002,R,left,left,source_opposite_both_current
720575940629833020,DNge010,R,left,left,source_opposite_both_current
720575940629846722,DNp64,L,right,right,source_opposite_both_current
720575940629866283,DNpe017,R,left,left,source_opposite_both_current
720575940629956695,DNg07,R,left,left,source_opposite_both_current
720575940629965708,DNge091,L,right,right,source_opposite_both_current
720575940630033913,DNge114,L,right,right,source_opposite_both_current
720575940630054735,DNg23,R,left,left,source_opposite_both_current
720575940630059087,DNg106,R,left,left,source_opposite_both_current
720575940630071583,DNp17,R,left,left,source_opposite_both_current
720575940630078031,DNpe011,L,right,right,source_opposite_both_current
720575940630085583,DNa03,L,right,right,source_opposite_both_current
720575940630106309,DNpe001,R,left,left,source_opposite_both_current
720575940630119532,DNge172,L,right,right,source_opposite_both_current
720575940630135084,DNge053,L,right,right,source_opposite_both_current
720575940630221509,DNp67,L,right,right,source_opposite_both_current
720575940630221563,DNge019,R,left,left,source_opposite_both_current
720575940630236988,DNp38,L,right,right,source_opposite_both_current
720575940630244060,DNg33,L,right,right,source_opposite_both_current
720575940630274459,DNg26,L,left,left,all_agree
720575940630289804,DNg02_a,R,left,left,source_opposite_both_current
720575940630290536,DNge108,L,right,right,source_opposite_both_current
720575940630291767,DNge046,R,left,left,source_opposite_both_current
720575940630297292,DNg09,R,left,left,source_opposite_both_current
720575940630333911,DNge114,L,right,right,source_opposite_both_current
720575940630334658,DNb08,R,left,left,source_opposite_both_current
720575940630346860,DNp54,R,left,left,source_opposite_both_current
720575940630382075,DNge087,R,left,left,source_opposite_both_current
720575940630403031,DNge139,R,left,left,source_opposite_both_current
720575940630425083,DNpe006,R,left,left,source_opposite_both_current
720575940630428324,DNpe029,R,left,left,source_opposite_both_current
720575940630480348,DNg102,L,right,right,source_opposite_both_current
720575940630492714,DNg02_d,L,right,right,source_opposite_both_current
720575940630505334,DNge095,L,right,right,source_opposite_both_current
720575940630569413,DNge071,L,right,right,source_opposite_both_current
720575940630607738,DNae007,R,left,left,source_opposite_both_current
720575940630610042,DNp32,L,right,right,source_opposite_both_current
720575940630665210,DNg28,R,left,left,source_opposite_both_current
720575940630671734,DNp17,R,left,left,source_opposite_both_current
720575940630682618,DNg08,L,right,right,source_opposite_both_current
720575940630689644,DNpe030,R,left,left,source_opposite_both_current
720575940630695798,DNge060,R,left,left,source_opposite_both_current
720575940630697078,DNg80,R,left,left,source_opposite_both_current
720575940630712493,DNg18_b,R,left,left,source_opposite_both_current
720575940630758418,DNb01,L,right,right,source_opposite_both_current
720575940630803727,DNge103,R,left,left,source_opposite_both_current
720575940630808591,DNg52,L,right,right,source_opposite_both_current
720575940630808827,DNg68,L,right,right,source_opposite_both_current
720575940630810486,DNg98,R,left,left,source_opposite_both_current
720575940630829563,DNge094,L,right,right,source_opposite_both_current
720575940630839371,DNge146,R,left,left,source_opposite_both_current
720575940630868281,DNae010,L,right,right,source_opposite_both_current
720575940630956345,DNg66,M,center,center,all_agree
720575940630980559,DNg28,L,right,right,source_opposite_both_current
720575940630990533,DNge091,L,right,right,source_opposite_both_current
720575940630992813,DNp36,L,right,right,source_opposite_both_current
720575940631035603,DNge024,R,left,left,source_opposite_both_current
720575940631051065,DNge116,R,left,left,source_opposite_both_current
720575940631061900,DNge111,L,right,right,source_opposite_both_current
720575940631082808,MDN,R,left,left,source_opposite_both_current
720575940631090402,DNg11,L,right,right,source_opposite_both_current
720575940631091407,DNge099,R,left,left,source_opposite_both_current
720575940631108559,DNg12_b,L,right,right,source_opposite_both_current
720575940631110095,DNg80,L,right,right,source_opposite_both_current
720575940631122191,DNp43,R,left,left,source_opposite_both_current
720575940631124076,DNge134,L,right,right,source_opposite_both_current
720575940631168057,DNg60,R,left,left,source_opposite_both_current
720575940631225996,DNp22,L,right,right,source_opposite_both_current
720575940631270162,DNg30,R,left,left,source_opposite_both_current
720575940631282194,DNg104,R,left,left,source_opposite_both_current
720575940631283267,DNge018,L,right,right,source_opposite_both_current
720575940631299855,DNg49,L,right,right,source_opposite_both_current
720575940631309866,DNp58,R,left,left,source_opposite_both_current
720575940631333195,DNd05,R,left,left,source_opposite_both_current
720575940631342073,DNge122,L,right,right,source_opposite_both_current
720575940631469452,DNge134,R,left,left,source_opposite_both_current
720575940631483695,DNp101,R,left,left,source_opposite_both_current
720575940631498563,DNa08,R,left,left,source_opposite_both_current
720575940631498925,DNg18_b,L,right,right,source_opposite_both_current
720575940631499832,DNpe050,L,right,right,source_opposite_both_current
720575940631508598,DNge032,L,right,right,source_opposite_both_current
720575940631518582,DNg12_b,L,right,right,source_opposite_both_current
720575940631520312,aSP22,L,right,right,source_opposite_both_current
720575940631543414,DNge120,L,right,right,source_opposite_both_current
720575940631545960,DNg109,L,right,right,source_opposite_both_current
720575940631549202,DNg86,L,right,right,source_opposite_both_current
720575940631593753,DNg08,R,left,left,source_opposite_both_current
720575940631609391,DNpe029,L,right,right,source_opposite_both_current
720575940631627551,DNge115,R,left,left,source_opposite_both_current
720575940631629160,DNg47,L,right,right,source_opposite_both_current
720575940631632012,DNge012,L,right,right,source_opposite_both_current
720575940631643532,DNg77,L,right,right,source_opposite_both_current
720575940631651810,DNge071,R,left,left,source_opposite_both_current
720575940631662648,DNge106,L,right,right,source_opposite_both_current
720575940631695841,DNge019,L,right,right,source_opposite_both_current
720575940631705130,DNg111,R,left,left,source_opposite_both_current
720575940631720417,DNpe009,R,left,left,source_opposite_both_current
720575940631721287,DNge126,L,right,right,source_opposite_both_current
720575940631759663,DNa15,R,left,left,source_opposite_both_current
720575940631829059,DNg09,L,right,right,source_opposite_both_current
720575940631855663,DNg10,L,right,right,source_opposite_both_current
720575940631889965,DNg106,L,right,right,source_opposite_both_current
720575940631925156,DNpe017,L,right,right,source_opposite_both_current
720575940631959097,DNge042,R,left,left,source_opposite_both_current
720575940631973207,DNg08,R,left,left,source_opposite_both_current
720575940631982952,DNge132,R,left,left,source_opposite_both_current
720575940631987364,DNg12_a,L,right,right,source_opposite_both_current
720575940632037224,DNge016,L,right,right,source_opposite_both_current
720575940632041247,DNge015,R,left,left,source_opposite_both_current
720575940632043320,DNge130,L,right,right,source_opposite_both_current
720575940632043576,DNg108,L,right,right,source_opposite_both_current
720575940632161311,DNge010,L,right,right,source_opposite_both_current
720575940632178892,DNge147,L,right,right,source_opposite_both_current
720575940632189900,DNp31,R,left,left,source_opposite_both_current
720575940632296519,DNge079,L,right,right,source_opposite_both_current
720575940632302151,DNge019,R,left,left,source_opposite_both_current
720575940632303441,DNge025,L,right,right,source_opposite_both_current
720575940632307025,DNg49,R,left,left,source_opposite_both_current
720575940632339425,DNg08,L,right,right,source_opposite_both_current
720575940632355885,DNge020,R,left,left,source_opposite_both_current
720575940632379071,DNpe054,L,right,right,source_opposite_both_current
720575940632407826,DNg70,R,left,left,source_opposite_both_current
720575940632409130,DNg03,R,left,left,source_opposite_both_current
720575940632412333,DNge096,L,right,right,source_opposite_both_current
720575940632422219,DNp38,R,left,left,source_opposite_both_current
720575940632458514,DNg08,R,left,left,source_opposite_both_current
720575940632472850,DNpe056,L,right,right,source_opposite_both_current
720575940632486969,DNge036,R,left,left,source_opposite_both_current
720575940632499757,DNp01,L,right,right,source_opposite_both_current
720575940632512156,oviDNb’,L,right,right,source_opposite_both_current
720575940632524559,DNg70,L,right,right,source_opposite_both_current
720575940632539788,DNbe001,L,right,right,source_opposite_both_current
720575940632573887,DNg02_a,L,right,right,source_opposite_both_current
720575940632574946,DNge113,R,left,left,source_opposite_both_current
720575940632620991,DNge019,R,left,left,source_opposite_both_current
720575940632626402,DNge111,R,left,left,source_opposite_both_current
720575940632632607,DNg64,R,left,left,source_opposite_both_current
720575940632634532,DNg57,L,right,right,source_opposite_both_current
720575940632644639,DNx02,L,right,right,source_opposite_both_current
720575940632646114,oviDNv,R,left,left,source_opposite_both_current
720575940632698541,DNg12_b,R,left,left,source_opposite_both_current
720575940632722771,DNg31,R,left,left,source_opposite_both_current
720575940632788025,DNge108,R,left,left,source_opposite_both_current
720575940632836675,DNp41,L,right,right,source_opposite_both_current
720575940632868051,DNbe001,R,left,left,source_opposite_both_current
720575940632877869,DNg67,L,right,right,source_opposite_both_current
720575940632900665,DNpe022,L,right,right,source_opposite_both_current
720575940632903737,DNp34,L,right,right,source_opposite_both_current
720575940632934751,DNge094,L,right,right,source_opposite_both_current
720575940632960813,DNge056,L,right,right,source_opposite_both_current
720575940632962786,DNa16,R,left,left,source_opposite_both_current
720575940632989291,DNpe008,L,right,right,source_opposite_both_current
720575940632991815,DNc01,R,left,left,source_opposite_both_current
720575940633011256,DNpe023,L,right,right,source_opposite_both_current
720575940633041503,DNg06,L,right,right,source_opposite_both_current
720575940633095137,DNp71,L,right,right,source_opposite_both_current
720575940633165452,DNp33,L,right,right,source_opposite_both_current
720575940633170643,DNp08,L,right,right,source_opposite_both_current
720575940633178508,DNge006,L,right,right,source_opposite_both_current
720575940633201400,DNge015,L,right,right,source_opposite_both_current
720575940633213132,DNpe054,L,right,right,source_opposite_both_current
720575940633218444,DNge023,L,right,right,source_opposite_both_current
720575940633228103,DNp30,L,right,right,source_opposite_both_current
720575940633228172,DNg48,R,left,left,source_opposite_both_current
720575940633293025,DNge065,R,left,left,source_opposite_both_current
720575940633488153,DNpe003,L,right,right,source_opposite_both_current
720575940633529548,DNg74_a,R,left,left,source_opposite_both_current
720575940633543531,DNg06,R,left,left,source_opposite_both_current
720575940633727339,DNa07,L,right,right,source_opposite_both_current
720575940633771745,DNg20,L,right,right,source_opposite_both_current
720575940633781217,DNg107,L,right,right,source_opposite_both_current
720575940633816986,DNx02,R,left,left,source_opposite_both_current
720575940633853559,DNp17,L,right,right,source_opposite_both_current
720575940633953434,DNp41,L,right,right,source_opposite_both_current
720575940633995181,DNg53,R,left,left,source_opposite_both_current
720575940633996883,DNge136,R,left,left,source_opposite_both_current
720575940634140883,DNa09,R,left,left,source_opposite_both_current
720575940634163682,DNb03,R,left,left,source_opposite_both_current
720575940634198926,DNge019,R,left,left,source_opposite_both_current
720575940634207087,DNg09,R,left,left,source_opposite_both_current
720575940634229871,DNg21,R,left,left,source_opposite_both_current
720575940634253281,DNae003,R,left,left,source_opposite_both_current
720575940634279543,DNge116,L,right,right,source_opposite_both_current
720575940634428058,DNge043,L,right,right,source_opposite_both_current
720575940634458719,DNpe056,R,left,left,source_opposite_both_current
720575940634459290,DNb08,L,right,right,source_opposite_both_current
720575940634525303,DNge071,R,left,left,source_opposite_both_current
720575940634526560,DNge092,R,left,left,source_opposite_both_current
720575940634560922,DNge073,R,left,left,source_opposite_both_current
720575940634583694,DNge110,L,right,right,source_opposite_both_current
720575940634599615,DNg18_b,L,right,right,source_opposite_both_current
720575940634617952,DNg57,R,left,left,source_opposite_both_current
720575940634750871,DNpe031,R,left,left,source_opposite_both_current
720575940634782359,DNge143,L,right,right,source_opposite_both_current
720575940634825879,DNge045,L,right,right,source_opposite_both_current
720575940634862943,DNge076,L,right,right,source_opposite_both_current
720575940634864026,DNg01,R,left,left,source_opposite_both_current
720575940634903915,DNg69,L,right,right,source_opposite_both_current
720575940634915691,DNg39,L,right,right,source_opposite_both_current
720575940635166571,DNg60,L,right,right,source_opposite_both_current
720575940635175263,DNg12_c,R,left,left,source_opposite_both_current
720575940635179871,DNg103,R,left,left,source_opposite_both_current
720575940635210603,DNpe052,L,right,right,source_opposite_both_current
720575940635210859,DNpe007,R,left,left,source_opposite_both_current
720575940635212139,DNge121,L,right,right,source_opposite_both_current
720575940635222640,DNg110,L,right,right,source_opposite_both_current
720575940635254117,DNx01,R,left,left,source_opposite_both_current
720575940635355804,DNge135,R,left,left,source_opposite_both_current
720575940635405719,DNpe012,L,right,right,source_opposite_both_current
720575940635464343,DNpe004,R,left,left,source_opposite_both_current
720575940635549620,DNp29,L,right,right,source_opposite_both_current
720575940635552948,DNpe037,L,right,right,source_opposite_both_current
720575940635564896,DNg08,L,right,right,source_opposite_both_current
720575940635587064,DNg51,L,right,right,source_opposite_both_current
720575940635640312,DNp62,R,left,left,source_opposite_both_current
720575940635701655,DNg91,R,left,left,source_opposite_both_current
720575940635838143,DNpe052,R,left,left,source_opposite_both_current
720575940635872101,DNp09,R,left,left,source_opposite_both_current
720575940636029807,DNg72,L,right,right,source_opposite_both_current
720575940636098367,DNge071,L,right,right,source_opposite_both_current
720575940636104767,DNge111,L,right,right,source_opposite_both_current
720575940636186463,DNge092,L,right,right,source_opposite_both_current
720575940636254810,DNg03,R,left,left,source_opposite_both_current
720575940636308075,DNge078,L,left,left,all_agree
720575940636329579,DNg41,R,left,left,source_opposite_both_current
720575940636333710,DNge064,R,left,left,source_opposite_both_current
720575940636454136,DNae009,L,right,right,source_opposite_both_current
720575940636479863,DNpe013,R,left,left,source_opposite_both_current
720575940636592302,DNpe019,L,right,right,source_opposite_both_current
720575940636606554,DNge091,R,left,left,source_opposite_both_current
720575940636610671,DNp63,R,left,left,source_opposite_both_current
720575940636651376,DNp51,L,right,right,source_opposite_both_current
720575940636656632,DNg74_b,R,left,left,source_opposite_both_current
720575940636671886,DNge156,R,left,left,source_opposite_both_current
720575940636761926,DNg08,R,left,left,source_opposite_both_current
720575940636879534,DNpe013,L,right,right,source_opposite_both_current
720575940636898270,DNge145,R,left,left,source_opposite_both_current
720575940636933722,DNp41,R,left,left,source_opposite_both_current
720575940637101413,DNa07,R,left,left,source_opposite_both_current
720575940637126007,DNp56,L,right,right,source_opposite_both_current
720575940637308605,DNb06,R,left,left,source_opposite_both_current
720575940637341668,DNpe045,R,left,left,source_opposite_both_current
720575940637424547,DNg06,L,right,right,source_opposite_both_current
720575940637501784,DNg12_d,R,left,left,source_opposite_both_current
720575940637530084,DNge001,L,right,right,source_opposite_both_current
720575940637603038,DNge038,L,right,right,source_opposite_both_current
720575940637607646,DNa13,L,right,right,source_opposite_both_current
720575940637608560,DNa14,L,right,right,source_opposite_both_current
720575940637612974,DNge105,R,left,left,source_opposite_both_current
720575940637618142,DNpe043,L,right,right,source_opposite_both_current
720575940637648485,DNg20,R,left,left,source_opposite_both_current
720575940637659749,DNge052,R,left,left,source_opposite_both_current
720575940637660733,DNg01,R,left,left,source_opposite_both_current
720575940637667443,DNg08,R,left,left,source_opposite_both_current
720575940637678653,DNg92_b,L,right,right,source_opposite_both_current
720575940637870510,DNge121,R,left,left,source_opposite_both_current
720575940637896893,DNge090,R,left,left,source_opposite_both_current
720575940637966424,DNge175,L,right,right,source_opposite_both_current
720575940638013274,DNpe006,L,right,right,source_opposite_both_current
720575940638019184,DNge145,L,right,right,source_opposite_both_current
720575940638084149,DNge112,L,right,right,source_opposite_both_current
720575940638088511,DNge084,L,right,right,source_opposite_both_current
720575940638094911,DNge091,L,right,right,source_opposite_both_current
720575940638109668,DNg89,R,left,left,source_opposite_both_current
720575940638159472,DNg92_b,L,right,right,source_opposite_both_current
720575940638175558,DNge072,L,right,right,source_opposite_both_current
720575940638204132,DNge053,R,left,left,source_opposite_both_current
720575940638623165,DNg82,R,left,left,source_opposite_both_current
720575940638637501,DNp102,R,left,left,source_opposite_both_current
720575940638664355,DNg46,R,left,left,source_opposite_both_current
720575940638810677,DNg12_b,L,right,right,source_opposite_both_current
720575940638836285,DNx02,L,right,right,source_opposite_both_current
720575940638989894,DNge026,L,right,right,source_opposite_both_current
720575940639088216,DNge030,R,left,left,source_opposite_both_current
720575940639118926,DNg24,L,right,right,source_opposite_both_current
720575940639152361,DNg84,L,right,right,source_opposite_both_current
720575940639159029,DNg36_a,R,left,left,source_opposite_both_current
720575940639159797,DNg51,R,left,left,source_opposite_both_current
720575940639170723,DNde002,L,right,right,source_opposite_both_current
720575940639201443,DNg02_a,R,left,left,source_opposite_both_current
720575940639242303,DNpe053,L,right,right,source_opposite_both_current
720575940639314229,DNge141,R,left,left,source_opposite_both_current
720575940639353552,DNg06,L,right,right,source_opposite_both_current
720575940639425112,DNge007,L,right,right,source_opposite_both_current
720575940639428174,DNp23,L,right,right,source_opposite_both_current
720575940639479168,DNge114,R,left,left,source_opposite_both_current
720575940639539840,DNg07,L,right,right,source_opposite_both_current
720575940639553920,DNge101,L,right,right,source_opposite_both_current
720575940639634304,DNge022,L,right,right,source_opposite_both_current
720575940639705077,DNg106,R,left,left,source_opposite_both_current
720575940639726141,DNge035,L,right,right,source_opposite_both_current
720575940639789475,DNp64,R,left,left,source_opposite_both_current
720575940639789731,DNpe012,L,right,right,source_opposite_both_current
720575940639802685,DNge085,R,left,left,source_opposite_both_current
720575940639919824,DNpe010,R,left,left,source_opposite_both_current
720575940640128720,DNpe015,L,right,right,source_opposite_both_current
720575940640140733,DNge116,R,left,left,source_opposite_both_current
720575940640142141,DNp28,L,right,right,source_opposite_both_current
720575940640156301,DNge014,R,left,left,source_opposite_both_current
720575940640194493,DNg08,L,right,right,source_opposite_both_current
720575940640306061,DNpe054,R,left,left,source_opposite_both_current
720575940640316238,DNg102,R,left,left,source_opposite_both_current
720575940640325429,DNa06,L,right,right,source_opposite_both_current
720575940640331472,MDN,L,right,right,source_opposite_both_current
720575940640422016,DNge071,R,left,left,source_opposite_both_current
720575940640486488,DNge127,L,right,right,source_opposite_both_current
720575940640589171,DNge031,R,left,left,source_opposite_both_current
720575940640630589,DNge094,R,left,left,source_opposite_both_current
720575940640723315,DNge104,L,right,right,source_opposite_both_current
720575940640747352,DNp14,R,left,left,source_opposite_both_current
720575940640978048,DNg100,R,left,left,source_opposite_both_current
720575940641148149,DNp42,L,right,right,source_opposite_both_current
720575940641173632,DNp69,R,left,left,source_opposite_both_current
720575940641237632,DNp72,L,right,right,source_opposite_both_current
720575940641276917,DNae004,L,right,right,source_opposite_both_current
720575940641278965,DNp43,L,right,right,source_opposite_both_current
720575940641305229,DNg02_d,R,left,left,source_opposite_both_current
720575940641480949,DNg16,L,right,right,source_opposite_both_current
720575940641518733,oviDNb,R,left,left,source_opposite_both_current
720575940641781133,DNg12_e,L,right,right,source_opposite_both_current
720575940641793440,DNge114,L,right,right,source_opposite_both_current
720575940641832333,DNg52,R,left,left,source_opposite_both_current
720575940641833869,DNg73,L,right,right,source_opposite_both_current
720575940642027464,DNg03,L,right,right,source_opposite_both_current
720575940642198747,DNg92_b,R,left,left,source_opposite_both_current
720575940642312136,oviDNa,L,right,right,source_opposite_both_current
720575940642369736,DNge115,R,left,left,source_opposite_both_current
720575940642411917,DNpe054,R,left,left,source_opposite_both_current
720575940642449909,DNge125,R,left,left,source_opposite_both_current
720575940642545883,DNg32,R,left,left,source_opposite_both_current
720575940642549467,DNb08,R,left,left,source_opposite_both_current
720575940642894628,DNp34,R,left,left,source_opposite_both_current
720575940642926702,DNg12_a,R,left,left,source_opposite_both_current
720575940643347616,DNp55,R,left,left,source_opposite_both_current
720575940643487342,DNp19,L,right,right,source_opposite_both_current
720575940643817888,DNg04,R,left,left,source_opposite_both_current
720575940643837988,DNg19,L,right,right,source_opposite_both_current
720575940644022551,DNpe003,L,right,right,source_opposite_both_current
720575940644166048,DNp20,L,right,right,source_opposite_both_current
720575940644279319,DNpe028,L,right,right,source_opposite_both_current
720575940644438551,DNa01,L,right,right,source_opposite_both_current
720575940644467360,DNge133,R,left,left,source_opposite_both_current
720575940644473760,DNg84,R,left,left,source_opposite_both_current
720575940644494752,DNbe007,R,left,left,source_opposite_both_current
720575940644542880,DNge023,R,left,left,source_opposite_both_current
720575940644653348,DNge031,L,right,right,source_opposite_both_current
720575940644659236,DNge028,R,left,left,source_opposite_both_current
720575940644666660,DNg27,L,right,right,source_opposite_both_current
720575940644740256,DNg11,L,right,right,source_opposite_both_current
720575940644751652,DNg34,L,right,right,source_opposite_both_current
720575940644758308,DNge046,R,left,left,source_opposite_both_current
720575940644801060,DNg07,L,right,right,source_opposite_both_current
720575940645032068,DNge024,L,right,right,source_opposite_both_current
720575940645032580,DNg12_c,L,right,right,source_opposite_both_current
720575940645045527,DNge174,R,left,left,source_opposite_both_current
720575940645047831,DNg16,R,left,left,source_opposite_both_current
720575940645176264,DNp24,L,right,right,source_opposite_both_current
720575940645258606,DNp59,R,left,left,source_opposite_both_current
720575940645352814,DNge040,R,left,left,source_opposite_both_current
720575940645534516,DNg95,R,left,left,source_opposite_both_current
720575940645537902,DNde001,R,left,left,source_opposite_both_current
720575940645556334,DNg81,R,left,left,source_opposite_both_current
720575940645693476,DNpe032,L,right,right,source_opposite_both_current
720575940645834275,DNge013,L,right,right,source_opposite_both_current
720575940646160948,DNpe048,R,left,left,source_opposite_both_current
720575940646173748,oviDNb’,L,right,right,source_opposite_both_current
720575940646443316,DNge086,R,left,left,source_opposite_both_current
720575940646753412,DNb02,L,right,right,source_opposite_both_current
720575940646764579,DNge006,R,left,left,source_opposite_both_current
720575940646814340,DNp57,R,left,left,source_opposite_both_current
720575940647029044,DNg105,L,right,right,source_opposite_both_current
720575940647031860,DNge122,R,left,left,source_opposite_both_current
720575940647228468,DNg100,L,right,right,source_opposite_both_current
720575940647471395,DNpe036,R,left,left,source_opposite_both_current
720575940647478148,DNg07,L,right,right,source_opposite_both_current
720575940647560500,DNg61,R,left,left,source_opposite_both_current
720575940647586948,DNge050,L,right,right,source_opposite_both_current
720575940647755641,DNge070,R,left,left,source_opposite_both_current
720575940647964281,DNg02_b,L,right,right,source_opposite_both_current
720575940648180868,DNge057,L,right,right,source_opposite_both_current
720575940648188548,DNg54,L,right,right,source_opposite_both_current
720575940648636292,DNb09,L,right,right,source_opposite_both_current
720575940648654468,DNpe036,L,right,right,source_opposite_both_current
720575940649809273,DNg56,L,right,right,source_opposite_both_current
720575940649829241,DNge051,L,right,right,source_opposite_both_current
720575940649992569,DNge091,L,right,right,source_opposite_both_current
720575940650282742,DNge005,R,left,left,source_opposite_both_current
720575940650929273,DNp32,R,left,left,source_opposite_both_current
720575940651341558,DNae010,R,left,left,source_opposite_both_current
720575940651932150,DNge070,L,right,right,source_opposite_both_current
720575940652104694,DNge128,L,right,right,source_opposite_both_current
720575940653053601,DNg03,R,left,left,source_opposite_both_current
720575940653310198,DNbe004,L,right,right,source_opposite_both_current
720575940653614838,DNbe002,R,left,left,source_opposite_both_current
720575940654094241,DNge096,R,left,left,source_opposite_both_current
720575940655587489,DNp73,R,left,left,source_opposite_both_current
720575940656144289,DNg110,L,right,right,source_opposite_both_current
720575940659356545,DNge005,L,right,right,source_opposite_both_current
720575940659703937,DNg18_a,L,right,right,source_opposite_both_current
720575940660220289,DNge143,R,left,left,source_opposite_both_current
720575940660224385,DNg10,R,left,left,source_opposite_both_current
720575940660229505,DNg31,L,right,right,source_opposite_both_current
720575940660269185,DNg106,R,left,left,source_opposite_both_current
