id,cellType,sourceSide,nerve,superClass,cellClass,proofread,ntVerified,ntPredicted,biologicalOutputSign,literatureType,publishedTypeRole,citation,doi,evidenceScope,queryPriority,subtypeSpecificFunctionKnown,sourceId
720575941390623382,DNp20,right,,descending,descending_neuron,True,acetylcholine,gaba,,DNp20,flight,"Suver et al., 2016",10.1523/jneurosci.2277-16.2016,published_cell_type_or_parent_family; exact-root behavior not measured,False,,banc_literature_roles
720575941398969123,DNg02_d,right,,descending,descending_neuron,False,acetylcholine,glutamate,,DNg02,flight,Namiki et al 2022,10.1016/j.cub.2022.01.008,published_cell_type_or_parent_family; exact-root behavior not measured,True,False,banc_literature_roles
720575941402821923,DNp05,left,,descending,descending_neuron,True,acetylcholine,acetylcholine,,DNp05,escape_takeoff,"putative, Cheong & Eichler 2023",10.1101/2023.06.07.544074,published_cell_type_or_parent_family; exact-root behavior not measured,False,,banc_literature_roles
720575941407841071,DNp07,left,,descending,descending_neuron,True,acetylcholine,acetylcholine,,DNp07,landing,Ache et al. 2019,10.1038/s41593-019-0413-4,published_cell_type_or_parent_family; exact-root behavior not measured,True,,banc_literature_roles
720575941409519022,DNp02,left,,descending,descending_neuron,True,acetylcholine,acetylcholine,,DNp02,escape_takeoff,Dombrovski et al. 2023,10.1038/s41586-022-05562-8,published_cell_type_or_parent_family; exact-root behavior not measured,False,,banc_literature_roles
720575941426612564,DNg02_a,right,,descending,descending_neuron,True,acetylcholine,acetylcholine,,DNg02,flight,Namiki et al 2022,10.1016/j.cub.2022.01.008,published_cell_type_or_parent_family; exact-root behavior not measured,True,False,banc_literature_roles
720575941431577007,DNg02_a,right,,descending,descending_neuron,True,acetylcholine,acetylcholine,,DNg02,flight,Namiki et al 2022,10.1016/j.cub.2022.01.008,published_cell_type_or_parent_family; exact-root behavior not measured,True,False,banc_literature_roles
720575941432295639,DNg02_b,right,,descending,descending_neuron,True,acetylcholine,acetylcholine,,DNg02,flight,Namiki et al 2022,10.1016/j.cub.2022.01.008,published_cell_type_or_parent_family; exact-root behavior not measured,True,False,banc_literature_roles
720575941433116046,DNg02_b,right,,descending,descending_neuron,True,acetylcholine,acetylcholine,,DNg02,flight,Namiki et al 2022,10.1016/j.cub.2022.01.008,published_cell_type_or_parent_family; exact-root behavior not measured,True,False,banc_literature_roles
720575941439029951,DNg02_b,left,,descending,descending_neuron,True,acetylcholine,acetylcholine,,DNg02,flight,Namiki et al 2022,10.1016/j.cub.2022.01.008,published_cell_type_or_parent_family; exact-root behavior not measured,True,False,banc_literature_roles
720575941440280767,DNa15,right,,descending,descending_neuron,True,,acetylcholine,,DNa15,flight,Ros et al 2024,10.1016/j.cub.2023.12.047,published_cell_type_or_parent_family; exact-root behavior not measured,False,,banc_literature_roles
720575941440683743,DNp10,left,,descending,descending_neuron,True,acetylcholine,acetylcholine,,DNp10,landing,Ache et al. 2019,10.1038/s41593-019-0413-4,published_cell_type_or_parent_family; exact-root behavior not measured,True,,banc_literature_roles
720575941441643867,DNg02_g,right,,descending,descending_neuron,True,acetylcholine,acetylcholine,,DNg02,flight,Namiki et al 2022,10.1016/j.cub.2022.01.008,published_cell_type_or_parent_family; exact-root behavior not measured,True,False,banc_literature_roles
720575941451068597,DNp01,right,,descending,descending_neuron,True,,acetylcholine,,DNp01,escape_takeoff,Lima et al. 2005,10.1016/j.cell.2005.02.004,published_cell_type_or_parent_family; exact-root behavior not measured,False,,banc_literature_roles
720575941459103391,DNg79,left,,descending,descending_neuron,True,,acetylcholine,,DNg79,landing,Liessem et al 2025,"10.1016/j.cub.2022.12.005, 10.1101/2025.12.13.693955",published_cell_type_or_parent_family; exact-root behavior not measured,False,,banc_literature_roles
720575941460902157,DNg07,right,,descending,descending_neuron,True,,acetylcholine,,DNg07,flight,Namiki et al 2022,10.1016/j.cub.2022.01.008,published_cell_type_or_parent_family; exact-root behavior not measured,True,,banc_literature_roles
720575941462512851,DNg02_d,left,,descending,descending_neuron,True,acetylcholine,acetylcholine,,DNg02,flight,Namiki et al 2022,10.1016/j.cub.2022.01.008,published_cell_type_or_parent_family; exact-root behavior not measured,True,False,banc_literature_roles
720575941467350237,DNg79,right,,descending,descending_neuron,True,,acetylcholine,,DNg79,landing,Liessem et al 2025,"10.1016/j.cub.2022.12.005, 10.1101/2025.12.13.693955",published_cell_type_or_parent_family; exact-root behavior not measured,False,,banc_literature_roles
720575941473793322,DNg02_a,right,,descending,descending_neuron,True,acetylcholine,acetylcholine,,DNg02,flight,Namiki et al 2022,10.1016/j.cub.2022.01.008,published_cell_type_or_parent_family; exact-root behavior not measured,True,False,banc_literature_roles
720575941477942833,DNa05,left,,descending,descending_neuron,True,,acetylcholine,,DNa05,flight,"putative, Cheong & Eichler 2023",10.1101/2023.06.07.544074,published_cell_type_or_parent_family; exact-root behavior not measured,False,,banc_literature_roles
720575941478074592,DNg02_b,left,,descending,descending_neuron,True,acetylcholine,acetylcholine,,DNg02,flight,Namiki et al 2022,10.1016/j.cub.2022.01.008,published_cell_type_or_parent_family; exact-root behavior not measured,True,False,banc_literature_roles
720575941478215985,DNp11,right,,descending,descending_neuron,True,acetylcholine,acetylcholine,,DNp11,escape_takeoff,Dombrovski et al. 2023,10.1038/s41586-022-05562-8,published_cell_type_or_parent_family; exact-root behavior not measured,False,,banc_literature_roles
720575941479729514,DNg02_h,right,,descending,descending_neuron,False,acetylcholine,octopamine,,DNg02,flight,Namiki et al 2022,10.1016/j.cub.2022.01.008,published_cell_type_or_parent_family; exact-root behavior not measured,True,False,banc_literature_roles
720575941480554370,DNg79,right,,descending,descending_neuron,True,,acetylcholine,,DNg79,landing,Liessem et al 2025,"10.1016/j.cub.2022.12.005, 10.1101/2025.12.13.693955",published_cell_type_or_parent_family; exact-root behavior not measured,False,,banc_literature_roles
720575941480704954,DNg07,right,,descending,descending_neuron,True,,acetylcholine,,DNg07,flight,Namiki et al 2022,10.1016/j.cub.2022.01.008,published_cell_type_or_parent_family; exact-root behavior not measured,True,,banc_literature_roles
720575941482713341,DNg07,left,,descending,descending_neuron,True,,acetylcholine,,DNg07,flight,Namiki et al 2022,10.1016/j.cub.2022.01.008,published_cell_type_or_parent_family; exact-root behavior not measured,True,,banc_literature_roles
720575941486574598,DNg02_g,left,,descending,descending_neuron,True,acetylcholine,acetylcholine,,DNg02,flight,Namiki et al 2022,10.1016/j.cub.2022.01.008,published_cell_type_or_parent_family; exact-root behavior not measured,True,False,banc_literature_roles
720575941486700098,DNa05,right,,descending,descending_neuron,True,,acetylcholine,,DNa05,flight,"putative, Cheong & Eichler 2023",10.1101/2023.06.07.544074,published_cell_type_or_parent_family; exact-root behavior not measured,False,,banc_literature_roles
720575941489083596,DNg02_f,right,,descending,descending_neuron,True,acetylcholine,acetylcholine,,DNg02,flight,Namiki et al 2022,10.1016/j.cub.2022.01.008,published_cell_type_or_parent_family; exact-root behavior not measured,True,False,banc_literature_roles
720575941492591024,DNg02_h,right,,descending,descending_neuron,False,acetylcholine,acetylcholine,,DNg02,flight,Namiki et al 2022,10.1016/j.cub.2022.01.008,published_cell_type_or_parent_family; exact-root behavior not measured,True,False,banc_literature_roles
720575941494960254,DNg79,left,,descending,descending_neuron,True,,acetylcholine,,DNg79,landing,Liessem et al 2025,"10.1016/j.cub.2022.12.005, 10.1101/2025.12.13.693955",published_cell_type_or_parent_family; exact-root behavior not measured,False,,banc_literature_roles
720575941494986951,DNg02_c,right,,descending,descending_neuron,True,acetylcholine,acetylcholine,,DNg02,flight,Namiki et al 2022,10.1016/j.cub.2022.01.008,published_cell_type_or_parent_family; exact-root behavior not measured,True,False,banc_literature_roles
720575941496426695,DNg02_f,left,,descending,descending_neuron,True,acetylcholine,acetylcholine,,DNg02,flight,Namiki et al 2022,10.1016/j.cub.2022.01.008,published_cell_type_or_parent_family; exact-root behavior not measured,True,False,banc_literature_roles
720575941501552983,DNg02_g,right,,descending,descending_neuron,True,acetylcholine,acetylcholine,,DNg02,flight,Namiki et al 2022,10.1016/j.cub.2022.01.008,published_cell_type_or_parent_family; exact-root behavior not measured,True,False,banc_literature_roles
720575941501635927,DNg02_b,left,,descending,descending_neuron,True,acetylcholine,acetylcholine,,DNg02,flight,Namiki et al 2022,10.1016/j.cub.2022.01.008,published_cell_type_or_parent_family; exact-root behavior not measured,True,False,banc_literature_roles
720575941503528171,DNg02_h,right,,descending,descending_neuron,True,acetylcholine,acetylcholine,,DNg02,flight,Namiki et al 2022,10.1016/j.cub.2022.01.008,published_cell_type_or_parent_family; exact-root behavior not measured,True,False,banc_literature_roles
720575941505929506,DNg02_c,right,,descending,descending_neuron,True,acetylcholine,acetylcholine,,DNg02,flight,Namiki et al 2022,10.1016/j.cub.2022.01.008,published_cell_type_or_parent_family; exact-root behavior not measured,True,False,banc_literature_roles
720575941505983813,DNg07,left,,descending,descending_neuron,True,,acetylcholine,,DNg07,flight,Namiki et al 2022,10.1016/j.cub.2022.01.008,published_cell_type_or_parent_family; exact-root behavior not measured,True,,banc_literature_roles
720575941506196247,DNp20,left,,descending,descending_neuron,True,acetylcholine,acetylcholine,,DNp20,flight,"Suver et al., 2016",10.1523/jneurosci.2277-16.2016,published_cell_type_or_parent_family; exact-root behavior not measured,False,,banc_literature_roles
720575941507073303,DNp02,right,,descending,descending_neuron,True,acetylcholine,acetylcholine,,DNp02,escape_takeoff,Dombrovski et al. 2023,10.1038/s41586-022-05562-8,published_cell_type_or_parent_family; exact-root behavior not measured,False,,banc_literature_roles
720575941509145950,DNp01,left,,descending,descending_neuron,True,,acetylcholine,,DNp01,escape_takeoff,Lima et al. 2005,10.1016/j.cell.2005.02.004,published_cell_type_or_parent_family; exact-root behavior not measured,False,,banc_literature_roles
720575941513116762,DNg07,left,,descending,descending_neuron,True,,acetylcholine,,DNg07,flight,Namiki et al 2022,10.1016/j.cub.2022.01.008,published_cell_type_or_parent_family; exact-root behavior not measured,True,,banc_literature_roles
720575941515238234,DNg07,left,,descending,descending_neuron,True,,acetylcholine,,DNg07,flight,Namiki et al 2022,10.1016/j.cub.2022.01.008,published_cell_type_or_parent_family; exact-root behavior not measured,True,,banc_literature_roles
720575941515917667,DNg07,right,,descending,descending_neuron,True,,acetylcholine,,DNg07,flight,Namiki et al 2022,10.1016/j.cub.2022.01.008,published_cell_type_or_parent_family; exact-root behavior not measured,True,,banc_literature_roles
720575941516764819,DNg02_b,left,,descending,descending_neuron,True,acetylcholine,acetylcholine,,DNg02,flight,Namiki et al 2022,10.1016/j.cub.2022.01.008,published_cell_type_or_parent_family; exact-root behavior not measured,True,False,banc_literature_roles
720575941523447883,DNg07,right,,descending,descending_neuron,True,,acetylcholine,,DNg07,flight,Namiki et al 2022,10.1016/j.cub.2022.01.008,published_cell_type_or_parent_family; exact-root behavior not measured,True,,banc_literature_roles
720575941528667814,DNp05,right,,descending,descending_neuron,True,acetylcholine,acetylcholine,,DNp05,escape_takeoff,"putative, Cheong & Eichler 2023",10.1101/2023.06.07.544074,published_cell_type_or_parent_family; exact-root behavior not measured,False,,banc_literature_roles
720575941539809997,DNp03,left,,descending,descending_neuron,True,acetylcholine,acetylcholine,,DNp03,flight,Buchsbaum et al. 2024,10.1016/j.cub.2024.12.001,published_cell_type_or_parent_family; exact-root behavior not measured,True,,banc_literature_roles
720575941545991429,DNp07,right,,descending,descending_neuron,True,acetylcholine,acetylcholine,,DNp07,landing,Ache et al. 2019,10.1038/s41593-019-0413-4,published_cell_type_or_parent_family; exact-root behavior not measured,True,,banc_literature_roles
720575941549156980,DNg02_b,right,,descending,descending_neuron,True,acetylcholine,acetylcholine,,DNg02,flight,Namiki et al 2022,10.1016/j.cub.2022.01.008,published_cell_type_or_parent_family; exact-root behavior not measured,True,False,banc_literature_roles
720575941549273992,DNp47,right,,descending,descending_neuron,True,,acetylcholine,,DNp47,landing,Liessem et al 2025,"10.1016/j.cub.2022.12.005, 10.1101/2025.12.13.693955",published_cell_type_or_parent_family; exact-root behavior not measured,False,,banc_literature_roles
720575941549490209,DNg02_a,right,,descending,descending_neuron,True,acetylcholine,acetylcholine,,DNg02,flight,Namiki et al 2022,10.1016/j.cub.2022.01.008,published_cell_type_or_parent_family; exact-root behavior not measured,True,False,banc_literature_roles
720575941551414170,DNg07,right,,descending,descending_neuron,True,,acetylcholine,,DNg07,flight,Namiki et al 2022,10.1016/j.cub.2022.01.008,published_cell_type_or_parent_family; exact-root behavior not measured,True,,banc_literature_roles
720575941551589181,DNp11,left,,descending,descending_neuron,True,acetylcholine,,,DNp11,escape_takeoff,Dombrovski et al. 2023,10.1038/s41586-022-05562-8,published_cell_type_or_parent_family; exact-root behavior not measured,False,,banc_literature_roles
720575941553551495,DNg07,left,,descending,descending_neuron,True,,acetylcholine,,DNg07,flight,Namiki et al 2022,10.1016/j.cub.2022.01.008,published_cell_type_or_parent_family; exact-root behavior not measured,True,,banc_literature_roles
720575941553985875,DNg02_h,left,,descending,descending_neuron,True,acetylcholine,acetylcholine,,DNg02,flight,Namiki et al 2022,10.1016/j.cub.2022.01.008,published_cell_type_or_parent_family; exact-root behavior not measured,True,False,banc_literature_roles
720575941558189171,DNg07,left,,descending,descending_neuron,True,,acetylcholine,,DNg07,flight,Namiki et al 2022,10.1016/j.cub.2022.01.008,published_cell_type_or_parent_family; exact-root behavior not measured,True,,banc_literature_roles
720575941558607396,DNp03,right,,descending,descending_neuron,True,acetylcholine,acetylcholine,,DNp03,flight,Buchsbaum et al. 2024,10.1016/j.cub.2024.12.001,published_cell_type_or_parent_family; exact-root behavior not measured,True,,banc_literature_roles
720575941559104813,DNg02_a,left,,descending,descending_neuron,True,acetylcholine,acetylcholine,,DNg02,flight,Namiki et al 2022,10.1016/j.cub.2022.01.008,published_cell_type_or_parent_family; exact-root behavior not measured,True,False,banc_literature_roles
720575941559874831,DNp04,right,,descending,descending_neuron,True,acetylcholine,acetylcholine,,DNp04,escape_takeoff,Dombrovski et al. 2023,10.1038/s41586-022-05562-8,published_cell_type_or_parent_family; exact-root behavior not measured,False,,banc_literature_roles
720575941560162798,DNp35,left,,descending,descending_neuron,True,,acetylcholine,,DNp35,escape_takeoff,"putative, Cheong & Eichler 2023",10.1101/2023.06.07.544074,published_cell_type_or_parent_family; exact-root behavior not measured,False,,banc_literature_roles
720575941560549491,DNg07,right,,descending,descending_neuron,True,,acetylcholine,,DNg07,flight,Namiki et al 2022,10.1016/j.cub.2022.01.008,published_cell_type_or_parent_family; exact-root behavior not measured,True,,banc_literature_roles
720575941561224463,DNg02_c,left,,descending,descending_neuron,True,acetylcholine,acetylcholine,,DNg02,flight,Namiki et al 2022,10.1016/j.cub.2022.01.008,published_cell_type_or_parent_family; exact-root behavior not measured,True,False,banc_literature_roles
720575941574744329,DNg02_a,left,,descending,descending_neuron,True,acetylcholine,acetylcholine,,DNg02,flight,Namiki et al 2022,10.1016/j.cub.2022.01.008,published_cell_type_or_parent_family; exact-root behavior not measured,True,False,banc_literature_roles
720575941583264121,DNp04,left,,descending,descending_neuron,True,acetylcholine,acetylcholine,,DNp04,escape_takeoff,Dombrovski et al. 2023,10.1038/s41586-022-05562-8,published_cell_type_or_parent_family; exact-root behavior not measured,False,,banc_literature_roles
720575941587856951,DNg02_f,left,,descending,descending_neuron,True,acetylcholine,acetylcholine,,DNg02,flight,Namiki et al 2022,10.1016/j.cub.2022.01.008,published_cell_type_or_parent_family; exact-root behavior not measured,True,False,banc_literature_roles
720575941590381380,DNa04,left,,descending,descending_neuron,True,acetylcholine,acetylcholine,,DNa04,flight,"Brezovec et al., 2024",10.1016/j.cub.2023.12.063,published_cell_type_or_parent_family; exact-root behavior not measured,False,,banc_literature_roles
720575941591151500,DNg02_f,left,,descending,descending_neuron,True,acetylcholine,acetylcholine,,DNg02,flight,Namiki et al 2022,10.1016/j.cub.2022.01.008,published_cell_type_or_parent_family; exact-root behavior not measured,True,False,banc_literature_roles
720575941591761704,DNg02_a,left,,descending,descending_neuron,True,acetylcholine,acetylcholine,,DNg02,flight,Namiki et al 2022,10.1016/j.cub.2022.01.008,published_cell_type_or_parent_family; exact-root behavior not measured,True,False,banc_literature_roles
720575941593683051,DNp10,right,,descending,descending_neuron,True,acetylcholine,acetylcholine,,DNp10,landing,Ache et al. 2019,10.1038/s41593-019-0413-4,published_cell_type_or_parent_family; exact-root behavior not measured,True,,banc_literature_roles
720575941595193558,DNp35,right,,descending,descending_neuron,True,,acetylcholine,,DNp35,escape_takeoff,"putative, Cheong & Eichler 2023",10.1101/2023.06.07.544074,published_cell_type_or_parent_family; exact-root behavior not measured,False,,banc_literature_roles
720575941602323897,DNa04,right,,descending,descending_neuron,True,acetylcholine,acetylcholine,,DNa04,flight,"Brezovec et al., 2024",10.1016/j.cub.2023.12.063,published_cell_type_or_parent_family; exact-root behavior not measured,False,,banc_literature_roles
720575941603438777,DNg07,right,,descending,descending_neuron,True,,acetylcholine,,DNg07,flight,Namiki et al 2022,10.1016/j.cub.2022.01.008,published_cell_type_or_parent_family; exact-root behavior not measured,True,,banc_literature_roles
720575941606542701,DNg07,right,,descending,descending_neuron,True,,acetylcholine,,DNg07,flight,Namiki et al 2022,10.1016/j.cub.2022.01.008,published_cell_type_or_parent_family; exact-root behavior not measured,True,,banc_literature_roles
720575941611791590,DNp06,left,,descending,descending_neuron,True,acetylcholine,acetylcholine,,DNp06,escape_takeoff,Kim et al. 2023,10.1016/j.cub.2022.12.014,published_cell_type_or_parent_family; exact-root behavior not measured,False,,banc_literature_roles
720575941618895231,DNb01,right,,descending,descending_neuron,True,glutamate,glutamate,,DNb01,flight,Ros et al 2024,10.1016/j.cub.2023.12.047,published_cell_type_or_parent_family; exact-root behavior not measured,False,,banc_literature_roles
720575941623634122,DNg02_a,right,,descending,descending_neuron,True,acetylcholine,acetylcholine,,DNg02,flight,Namiki et al 2022,10.1016/j.cub.2022.01.008,published_cell_type_or_parent_family; exact-root behavior not measured,True,False,banc_literature_roles
720575941628167225,DNg02_b,left,,descending,descending_neuron,True,acetylcholine,acetylcholine,,DNg02,flight,Namiki et al 2022,10.1016/j.cub.2022.01.008,published_cell_type_or_parent_family; exact-root behavior not measured,True,False,banc_literature_roles
720575941632002720,DNg02_a,left,,descending,descending_neuron,True,acetylcholine,acetylcholine,,DNg02,flight,Namiki et al 2022,10.1016/j.cub.2022.01.008,published_cell_type_or_parent_family; exact-root behavior not measured,True,False,banc_literature_roles
720575941632978629,DNg02_g,right,,descending,descending_neuron,True,acetylcholine,acetylcholine,,DNg02,flight,Namiki et al 2022,10.1016/j.cub.2022.01.008,published_cell_type_or_parent_family; exact-root behavior not measured,True,False,banc_literature_roles
720575941638407199,DNa15,left,,descending,descending_neuron,True,,acetylcholine,,DNa15,flight,Ros et al 2024,10.1016/j.cub.2023.12.047,published_cell_type_or_parent_family; exact-root behavior not measured,False,,banc_literature_roles
720575941642966629,DNg07,right,,descending,descending_neuron,True,,gaba,,DNg07,flight,Namiki et al 2022,10.1016/j.cub.2022.01.008,published_cell_type_or_parent_family; exact-root behavior not measured,True,,banc_literature_roles
720575941646451361,DNp47,left,,descending,descending_neuron,True,,acetylcholine,,DNp47,landing,Liessem et al 2025,"10.1016/j.cub.2022.12.005, 10.1101/2025.12.13.693955",published_cell_type_or_parent_family; exact-root behavior not measured,False,,banc_literature_roles
720575941657879576,DNp06,right,,descending,descending_neuron,True,acetylcholine,acetylcholine,,DNp06,escape_takeoff,Kim et al. 2023,10.1016/j.cub.2022.12.014,published_cell_type_or_parent_family; exact-root behavior not measured,False,,banc_literature_roles
720575941661415224,DNg02_h,left,,descending,descending_neuron,True,acetylcholine,acetylcholine,,DNg02,flight,Namiki et al 2022,10.1016/j.cub.2022.01.008,published_cell_type_or_parent_family; exact-root behavior not measured,True,False,banc_literature_roles
720575941662495356,DNg07,right,,descending,descending_neuron,True,,acetylcholine,,DNg07,flight,Namiki et al 2022,10.1016/j.cub.2022.01.008,published_cell_type_or_parent_family; exact-root behavior not measured,True,,banc_literature_roles
720575941681032125,DNg02_d,right,,descending,descending_neuron,True,acetylcholine,acetylcholine,,DNg02,flight,Namiki et al 2022,10.1016/j.cub.2022.01.008,published_cell_type_or_parent_family; exact-root behavior not measured,True,False,banc_literature_roles
720575941688189935,DNb01,left,,descending,descending_neuron,True,glutamate,glutamate,,DNb01,flight,Ros et al 2024,10.1016/j.cub.2023.12.047,published_cell_type_or_parent_family; exact-root behavior not measured,False,,banc_literature_roles
720575941689709019,DNg07,left,,descending,descending_neuron,True,,acetylcholine,,DNg07,flight,Namiki et al 2022,10.1016/j.cub.2022.01.008,published_cell_type_or_parent_family; exact-root behavior not measured,True,,banc_literature_roles
720575941692162456,DNg02_h,left,,descending,descending_neuron,True,acetylcholine,acetylcholine,,DNg02,flight,Namiki et al 2022,10.1016/j.cub.2022.01.008,published_cell_type_or_parent_family; exact-root behavior not measured,True,False,banc_literature_roles
720575941722108218,DNg07,right,,descending,descending_neuron,True,,acetylcholine,,DNg07,flight,Namiki et al 2022,10.1016/j.cub.2022.01.008,published_cell_type_or_parent_family; exact-root behavior not measured,True,,banc_literature_roles
720575941730332715,DNg02_a,right,,descending,descending_neuron,True,acetylcholine,acetylcholine,,DNg02,flight,Namiki et al 2022,10.1016/j.cub.2022.01.008,published_cell_type_or_parent_family; exact-root behavior not measured,True,False,banc_literature_roles
