id,cellType,sourceSide,nerve,superClass,cellClass,proofread,ntVerified,ntPredicted,biologicalOutputSign,bodyPart,effectorSide,effectorSideEvidence,sourceFunction,sourceFunctionDetailed,targetMuscle,mechanism,annotationConflict,eligibleForAnatomicalMotorPool,kinematicSign,forceGain,wingbeatRatePerSpike,sourceId
720575941407469359,MNxm03,right,right_dorsal_metathoracic_nerve,motor,haltere_motor_neuron,True,,octopamine,,haltere,right,peripheral_nerve_name_prefix,haltere_motor,,,unresolved,,True,,,,banc_meta
720575941432491145,DLM1-4,left,left_posterior_dorsal_mesothoracic_nerve,motor,wing_motor_neuron,True,,gaba,,wing,left,peripheral_nerve_name_prefix,wing_power,,dorsal_longitudinal_muscle,asynchronous_wing_power,,True,,,,banc_meta
720575941434381710,hiii2 MN,left,left_first_abdominal_nerve,motor,haltere_motor_neuron,True,glutamate,gaba,,haltere,left,peripheral_nerve_name_prefix,haltere_steering,,hiii2_muscle,haltere_steering_candidate,,True,,,,banc_meta
720575941456201887,iv1,left,left_anterior_dorsal_mesothoracic_nerve,motor,wing_motor_neuron,True,,gaba,,wing,left,peripheral_nerve_name_prefix,wing_steering,phasic_wing_steering,iv1_muscle,synchronous_wing_steering,,True,,,,banc_meta
720575941458961604,iii3,right,right_mesothoracic_accessory_nerve,motor,wing_motor_neuron,True,,gaba,,wing,right,peripheral_nerve_name_prefix,wing_steering,tonic_wing_steering,iii3_muscle,synchronous_wing_steering,,True,,,,banc_meta
720575941459347411,iii4,left,left_mesothoracic_accessory_nerve,motor,wing_motor_neuron,True,,gaba,,wing,left,peripheral_nerve_name_prefix,wing_steering,phasic_wing_steering,iii4_muscle,synchronous_wing_steering,,True,,,,banc_meta
720575941463144336,DLM1-4,right,right_posterior_dorsal_mesothoracic_nerve,motor,wing_motor_neuron,True,,gaba,,wing,right,peripheral_nerve_name_prefix,wing_power,,dorsal_longitudinal_muscle,asynchronous_wing_power,,True,,,,banc_meta
720575941463979533,hi2 MN,left,left_first_abdominal_nerve,motor,haltere_motor_neuron,True,glutamate,gaba,,haltere,left,peripheral_nerve_name_prefix,haltere_steering,,hi2_muscle,haltere_steering_candidate,,True,,,,banc_meta
720575941468288375,iv3,right,right_anterior_dorsal_mesothoracic_nerve,motor,wing_motor_neuron,True,,gaba,,wing,right,peripheral_nerve_name_prefix,wing_steering,phasic_wing_steering,iv3_muscle,synchronous_wing_steering,,True,,,,banc_meta
720575941468897856,i1,right,right_anterior_dorsal_mesothoracic_nerve,motor,wing_motor_neuron,True,,gaba,,wing,right,peripheral_nerve_name_prefix,wing_steering,phasic_wing_steering,i1_muscle,synchronous_wing_steering,,True,,,,banc_meta
720575941472734048,DVM1a-c,right,right_anterior_dorsal_mesothoracic_nerve,motor,wing_motor_neuron,True,,octopamine,,wing,right,peripheral_nerve_name_prefix,wing_power,,dorsoventral_muscle,asynchronous_wing_power,,True,,,,banc_meta
720575941474483249,hi1 MN,left,left_first_abdominal_nerve,motor,haltere_motor_neuron,True,,acetylcholine,,haltere,left,peripheral_nerve_name_prefix,haltere_motor,,hi1_muscle,unresolved,,True,,,,banc_meta
720575941474504478,hi2 MN,right,right_first_abdominal_nerve,motor,haltere_motor_neuron,True,glutamate,gaba,,haltere,right,peripheral_nerve_name_prefix,haltere_steering,,hi2_muscle,haltere_steering_candidate,,True,,,,banc_meta
720575941474574132,b3,right,right_anterior_dorsal_mesothoracic_nerve,motor,wing_motor_neuron,True,,gaba,,wing,right,peripheral_nerve_name_prefix,wing_steering,tonic_wing_steering,b3_muscle,synchronous_wing_steering,,True,,,,banc_meta
720575941474595370,tpn,left,left_anterior_dorsal_mesothoracic_nerve,motor,wing_motor_neuron,True,,gaba,,wing,left,peripheral_nerve_name_prefix,wing_tension,,tpn_muscle,wing_tension_action_unresolved,,True,,,,banc_meta
720575941475745898,i2,right,right_anterior_dorsal_mesothoracic_nerve,motor,wing_motor_neuron,True,,gaba,,wing,right,peripheral_nerve_name_prefix,wing_steering,tonic_wing_steering,i2_muscle,synchronous_wing_steering,,True,,,,banc_meta
720575941476080948,tp2,left,left_anterior_dorsal_mesothoracic_nerve,motor,wing_motor_neuron,True,,gaba,,wing,left,peripheral_nerve_name_prefix,wing_tension,,tp2_muscle,wing_tension_action_unresolved,,True,,,,banc_meta
720575941479034563,DLM1-4,right,right_posterior_dorsal_mesothoracic_nerve,motor,wing_motor_neuron,True,,gaba,,wing,right,peripheral_nerve_name_prefix,wing_power,,dorsal_longitudinal_muscle,asynchronous_wing_power,,True,,,,banc_meta
720575941479658831,iv2,right,right_anterior_dorsal_mesothoracic_nerve,motor,wing_motor_neuron,True,,gaba,,wing,right,peripheral_nerve_name_prefix,wing_steering,phasic_wing_steering,iv2_muscle,synchronous_wing_steering,,True,,,,banc_meta
720575941483845954,iv3,left,left_anterior_dorsal_mesothoracic_nerve,motor,wing_motor_neuron,True,,gaba,,wing,left,peripheral_nerve_name_prefix,wing_steering,phasic_wing_steering,iv3_muscle,synchronous_wing_steering,,True,,,,banc_meta
720575941483849869,hi1 MN,right,right_first_abdominal_nerve,motor,haltere_motor_neuron,True,,gaba,,haltere,right,peripheral_nerve_name_prefix,haltere_motor,,hi1_muscle,unresolved,,True,,,,banc_meta
720575941486464066,MNhm03,left,left_first_abdominal_nerve,motor,haltere_motor_neuron,True,glutamate,glutamate,,haltere,left,peripheral_nerve_name_prefix,haltere_steering,unknown_haltere,haltere_basalare_muscle,haltere_steering_candidate,,True,,,,banc_meta
720575941487139138,DVM3a-b,right,right_posterior_dorsal_mesothoracic_nerve,motor,wing_motor_neuron,True,,gaba,,wing,right,peripheral_nerve_name_prefix,wing_power,,dorsoventral_muscle,asynchronous_wing_power,,True,,,,banc_meta
720575941488989129,hi1 MN,left,left_first_abdominal_nerve,motor,haltere_motor_neuron,True,glutamate,acetylcholine,,haltere,left,peripheral_nerve_name_prefix,haltere_steering,,hi1_muscle,haltere_steering_candidate,,True,,,,banc_meta
720575941489673420,iii1,left,left_mesothoracic_accessory_nerve,motor,wing_motor_neuron,True,,gaba,,wing,left,peripheral_nerve_name_prefix,wing_steering,phasic_wing_steering,iii1_muscle,synchronous_wing_steering,,True,,,,banc_meta
720575941498727035,MNhl88,left,left_metathoracic_leg_nerve,motor,hind_leg_motor_neuron,True,,gaba,,haltere,left,peripheral_nerve_name_prefix,leg_motor,,,unresolved,source_haltere_target_but_leg_motor_class_or_function,False,,,,banc_meta
720575941498915401,MNhm43,left,left_first_abdominal_nerve,motor,haltere_motor_neuron,True,glutamate,gaba,,haltere,left,peripheral_nerve_name_prefix,haltere_steering,unknown_haltere,haltere_basalare_muscle,haltere_steering_candidate,,True,,,,banc_meta
720575941499558369,DVM3a-b,right,right_posterior_dorsal_mesothoracic_nerve,motor,wing_motor_neuron,True,,octopamine,,wing,right,peripheral_nerve_name_prefix,wing_power,,dorsoventral_muscle,asynchronous_wing_power,,True,,,,banc_meta
720575941501027819,PS2,left,left_mesothoracic_accessory_nerve,motor,wing_motor_neuron,True,,gaba,,wing,left,peripheral_nerve_name_prefix,wing_tension,,ps2_muscle,wing_tension_action_unresolved,,True,,,,banc_meta
720575941513173763,iv4,right,right_mesothoracic_accessory_nerve,motor,wing_motor_neuron,True,,gaba,,wing,right,peripheral_nerve_name_prefix,wing_steering,tonic_wing_steering,iv4_muscle,synchronous_wing_steering,,True,,,,banc_meta
720575941516770670,iii4,right,right_mesothoracic_accessory_nerve,motor,wing_motor_neuron,True,,gaba,,wing,right,peripheral_nerve_name_prefix,wing_steering,phasic_wing_steering,iii4_muscle,synchronous_wing_steering,,True,,,,banc_meta
720575941519783640,DLM1-4,left,left_posterior_dorsal_mesothoracic_nerve,motor,wing_motor_neuron,True,,gaba,,wing,left,peripheral_nerve_name_prefix,wing_power,,dorsal_longitudinal_muscle,asynchronous_wing_power,,True,,,,banc_meta
720575941521196211,b1,left,left_anterior_dorsal_mesothoracic_nerve,motor,wing_motor_neuron,True,,gaba,,wing,left,peripheral_nerve_name_prefix,wing_steering,tonic_wing_steering,b1_muscle,synchronous_wing_steering,,True,,,,banc_meta
720575941530190027,DVM2a-b,right,right_mesothoracic_accessory_nerve,motor,wing_motor_neuron,True,,gaba,,wing,right,peripheral_nerve_name_prefix,wing_power,,dorsoventral_muscle,asynchronous_wing_power,,True,,,,banc_meta
720575941533190337,DLM1-4,right,right_posterior_dorsal_mesothoracic_nerve,motor,wing_motor_neuron,True,,gaba,,wing,right,peripheral_nerve_name_prefix,wing_power,,dorsal_longitudinal_muscle,asynchronous_wing_power,,True,,,,banc_meta
720575941535119809,MNxm03,left,left_dorsal_metathoracic_nerve,motor,haltere_motor_neuron,True,,octopamine,,haltere,left,peripheral_nerve_name_prefix,haltere_motor,,,unresolved,,True,,,,banc_meta
720575941535409178,MNhm42,left,left_first_abdominal_nerve,motor,haltere_motor_neuron,True,glutamate,gaba,,haltere,left,peripheral_nerve_name_prefix,haltere_steering,unknown_haltere,haltere_basalare_muscle,haltere_steering_candidate,,True,,,,banc_meta
720575941535457256,MNxm01,right,right_posterior_dorsal_mesothoracic_nerve,motor,wing_motor_neuron,True,,octopamine,,wing,right,peripheral_nerve_name_prefix,unknown_wing_motor,,wing_muscle,unresolved,,True,,,,banc_meta
720575941542328837,DVM2a-b,left,left_mesothoracic_accessory_nerve,motor,wing_motor_neuron,True,,acetylcholine,,wing,left,peripheral_nerve_name_prefix,wing_power,,dorsoventral_muscle,asynchronous_wing_power,,True,,,,banc_meta
720575941542412805,b3,left,left_anterior_dorsal_mesothoracic_nerve,motor,wing_motor_neuron,True,,gaba,,wing,left,peripheral_nerve_name_prefix,wing_steering,tonic_wing_steering,b3_muscle,synchronous_wing_steering,,True,,,,banc_meta
720575941544439325,PS1,left,left_mesothoracic_accessory_nerve,motor,wing_motor_neuron,True,,gaba,,wing,left,peripheral_nerve_name_prefix,wing_tension,,ps1_muscle,wing_tension_action_unresolved,,True,,,,banc_meta
720575941546998972,hDVM MN,left,left_first_abdominal_nerve,motor,haltere_motor_neuron,True,glutamate,gaba,,haltere,left,peripheral_nerve_name_prefix,haltere_power,,haltere_dorsoventral_muscle,asynchronous_haltere_power_candidate,,True,,,,banc_meta
720575941547315060,i1,left,left_anterior_dorsal_mesothoracic_nerve,motor,wing_motor_neuron,True,,gaba,,wing,left,peripheral_nerve_name_prefix,wing_steering,phasic_wing_steering,i1_muscle,synchronous_wing_steering,,True,,,,banc_meta
720575941547394081,i2,left,left_anterior_dorsal_mesothoracic_nerve,motor,wing_motor_neuron,True,,gaba,,wing,left,peripheral_nerve_name_prefix,wing_steering,tonic_wing_steering,i2_muscle,synchronous_wing_steering,,True,,,,banc_meta
720575941549397247,PSI,left,right_posterior_dorsal_mesothoracic_nerve,motor,peripheral_intrinsic_neuron,True,,acetylcholine,,wing,right,peripheral_nerve_name_prefix,,,,unresolved,source_superclass_motor_but_peripheral_intrinsic_neuron,False,,,,banc_meta
720575941549822781,b1,right,right_anterior_dorsal_mesothoracic_nerve,motor,wing_motor_neuron,True,,gaba,,wing,right,peripheral_nerve_name_prefix,wing_steering,tonic_wing_steering,b1_muscle,synchronous_wing_steering,,True,,,,banc_meta
720575941551713415,MNad29,left,left_first_abdominal_nerve,motor,haltere_motor_neuron,True,,acetylcholine,,haltere,left,peripheral_nerve_name_prefix,haltere_motor,,,unresolved,,True,,,,banc_meta
720575941553011713,MNhl59,right,right_metathoracic_leg_nerve,motor,haltere_motor_neuron,True,,acetylcholine,,haltere,right,peripheral_nerve_name_prefix,haltere_motor,unknown_leg_movement,leg_muscle,unresolved,source_haltere_target_but_leg_motor_class_or_function,False,,,,banc_meta
720575941555120612,PSn_u,right,right_mesothoracic_accessory_nerve,motor,wing_motor_neuron,True,,gaba,,wing,right,peripheral_nerve_name_prefix,wing_tension,,pleurosternal_muscle,wing_tension_action_unresolved,,True,,,,banc_meta
720575941555256833,hiii2 MN,right,right_first_abdominal_nerve,motor,haltere_motor_neuron,True,glutamate,acetylcholine,,haltere,right,peripheral_nerve_name_prefix,haltere_steering,,hiii2_muscle,haltere_steering_candidate,,True,,,,banc_meta
720575941560383347,DVM1a-c,left,left_anterior_dorsal_mesothoracic_nerve,motor,wing_motor_neuron,True,,gaba,,wing,left,peripheral_nerve_name_prefix,wing_power,,dorsoventral_muscle,asynchronous_wing_power,,True,,,,banc_meta
720575941561531181,hi1 MN,right,right_first_abdominal_nerve,motor,haltere_motor_neuron,True,glutamate,gaba,,haltere,right,peripheral_nerve_name_prefix,haltere_steering,,hi1_muscle,haltere_steering_candidate,,True,,,,banc_meta
720575941562029224,MNhl87,right,right_metathoracic_leg_nerve,motor,haltere_motor_neuron,True,,gaba,,haltere,right,peripheral_nerve_name_prefix,haltere_motor,haltere_power,,asynchronous_haltere_power_candidate,,True,,,,banc_meta
720575941562430983,MNad29,right,right_first_abdominal_nerve,motor,haltere_motor_neuron,True,,,,haltere,right,peripheral_nerve_name_prefix,haltere_motor,,,unresolved,,True,,,,banc_meta
720575941564037430,hi2 MN,left,left_third_abdominal_nerve,motor,haltere_motor_neuron,True,glutamate,gaba,,haltere,left,peripheral_nerve_name_prefix,haltere_steering,,hi2_muscle,haltere_steering_candidate,,True,,,,banc_meta
720575941565105206,DVM1a-c,left,left_anterior_dorsal_mesothoracic_nerve,motor,wing_motor_neuron,True,,acetylcholine,,wing,left,peripheral_nerve_name_prefix,wing_power,,dorsoventral_muscle,asynchronous_wing_power,,True,,,,banc_meta
720575941565378919,iii3,left,left_mesothoracic_accessory_nerve,motor,wing_motor_neuron,True,,gaba,,wing,left,peripheral_nerve_name_prefix,wing_steering,tonic_wing_steering,iii3_muscle,synchronous_wing_steering,,True,,,,banc_meta
720575941565422999,MNhm42,right,right_first_abdominal_nerve,motor,haltere_motor_neuron,True,glutamate,gaba,,haltere,right,peripheral_nerve_name_prefix,haltere_steering,unknown_haltere,haltere_basalare_muscle,haltere_steering_candidate,,True,,,,banc_meta
720575941566847847,DVM1a-c,left,left_anterior_dorsal_mesothoracic_nerve,motor,wing_motor_neuron,True,,acetylcholine,,wing,left,peripheral_nerve_name_prefix,wing_power,,dorsoventral_muscle,asynchronous_wing_power,,True,,,,banc_meta
720575941569529458,PSn_u,left,left_mesothoracic_accessory_nerve,motor,wing_motor_neuron,True,,gaba,,wing,left,peripheral_nerve_name_prefix,wing_tension,,pleurosternal_muscle,wing_tension_action_unresolved,,True,,,,banc_meta
720575941569548402,tp1,right,right_anterior_dorsal_mesothoracic_nerve,motor,wing_motor_neuron,True,,acetylcholine,,wing,right,peripheral_nerve_name_prefix,wing_tension,,tp1_muscle,wing_tension_action_unresolved,,True,,,,banc_meta
720575941572052381,hDVM MN,right,right_first_abdominal_nerve,motor,haltere_motor_neuron,True,glutamate,gaba,,haltere,right,peripheral_nerve_name_prefix,haltere_power,,haltere_dorsoventral_muscle,asynchronous_haltere_power_candidate,,True,,,,banc_meta
720575941573368719,DVM2a-b,left,left_mesothoracic_accessory_nerve,motor,wing_motor_neuron,True,,octopamine,,wing,left,peripheral_nerve_name_prefix,wing_power,,dorsoventral_muscle,asynchronous_wing_power,,True,,,,banc_meta
720575941575048040,MNhm03,right,right_first_abdominal_nerve,motor,haltere_motor_neuron,True,glutamate,gaba,,haltere,right,peripheral_nerve_name_prefix,haltere_steering,unknown_haltere,haltere_basalare_muscle,haltere_steering_candidate,,True,,,,banc_meta
720575941580669817,iv1,right,right_anterior_dorsal_mesothoracic_nerve,motor,wing_motor_neuron,True,,gaba,,wing,right,peripheral_nerve_name_prefix,wing_steering,phasic_wing_steering,iv1_muscle,synchronous_wing_steering,,True,,,,banc_meta
720575941583644382,DLM1-4,right,right_posterior_dorsal_mesothoracic_nerve,motor,wing_motor_neuron,True,,gaba,,wing,right,peripheral_nerve_name_prefix,wing_power,,dorsal_longitudinal_muscle,asynchronous_wing_power,,True,,,,banc_meta
720575941590220684,DVM3a-b,left,left_posterior_dorsal_mesothoracic_nerve,motor,wing_motor_neuron,True,,octopamine,,wing,left,peripheral_nerve_name_prefix,wing_power,,dorsoventral_muscle,asynchronous_wing_power,,True,,,,banc_meta
720575941594743921,MNxm01,left,left_posterior_dorsal_mesothoracic_nerve,motor,wing_motor_neuron,True,,acetylcholine,,wing,left,peripheral_nerve_name_prefix,unknown_wing_motor,,wing_muscle,unresolved,,True,,,,banc_meta
720575941596050112,DLM5,left,right_posterior_dorsal_mesothoracic_nerve,motor,wing_motor_neuron,True,,gaba,,wing,right,peripheral_nerve_name_prefix,wing_power,,dorsal_longitudinal_muscle,asynchronous_wing_power,,True,,,,banc_meta
720575941597267356,tpn,right,right_anterior_dorsal_mesothoracic_nerve,motor,wing_motor_neuron,True,,acetylcholine,,wing,right,peripheral_nerve_name_prefix,wing_tension,,tpn_muscle,wing_tension_action_unresolved,,True,,,,banc_meta
720575941597489344,DVM1a-c,right,right_anterior_dorsal_mesothoracic_nerve,motor,wing_motor_neuron,True,,acetylcholine,,wing,right,peripheral_nerve_name_prefix,wing_power,,dorsoventral_muscle,asynchronous_wing_power,,True,,,,banc_meta
720575941603635190,DVM1a-c,right,right_anterior_dorsal_mesothoracic_nerve,motor,wing_motor_neuron,True,,gaba,,wing,right,peripheral_nerve_name_prefix,wing_power,,dorsoventral_muscle,asynchronous_wing_power,,True,,,,banc_meta
720575941610087498,tp1,left,left_anterior_dorsal_mesothoracic_nerve,motor,wing_motor_neuron,True,,gaba,,wing,left,peripheral_nerve_name_prefix,wing_tension,,tp1_muscle,wing_tension_action_unresolved,,True,,,,banc_meta
720575941614289683,DVM3a-b,left,left_posterior_dorsal_mesothoracic_nerve,motor,wing_motor_neuron,True,,octopamine,,wing,left,peripheral_nerve_name_prefix,wing_power,,dorsoventral_muscle,asynchronous_wing_power,,True,,,,banc_meta
720575941624155644,b2,left,left_anterior_dorsal_mesothoracic_nerve,motor,wing_motor_neuron,True,,gaba,,wing,left,peripheral_nerve_name_prefix,wing_steering,phasic_wing_steering,b2_muscle,synchronous_wing_steering,,True,,,,banc_meta
720575941624985226,DVM2a-b,right,right_mesothoracic_accessory_nerve,motor,wing_motor_neuron,True,,acetylcholine,,wing,right,peripheral_nerve_name_prefix,wing_power,,dorsoventral_muscle,asynchronous_wing_power,,True,,,,banc_meta
720575941629172716,iii1,right,right_mesothoracic_accessory_nerve,motor,wing_motor_neuron,True,,gaba,,wing,right,peripheral_nerve_name_prefix,wing_steering,phasic_wing_steering,iii1_muscle,synchronous_wing_steering,,True,,,,banc_meta
720575941630940642,iv4,left,left_mesothoracic_accessory_nerve,motor,wing_motor_neuron,True,,gaba,,wing,left,peripheral_nerve_name_prefix,wing_steering,tonic_wing_steering,iv4_muscle,synchronous_wing_steering,,True,,,,banc_meta
720575941634053829,PS2,right,right_mesothoracic_accessory_nerve,motor,wing_motor_neuron,True,,gaba,,wing,right,peripheral_nerve_name_prefix,wing_tension,,ps2_muscle,wing_tension_action_unresolved,,True,,,,banc_meta
720575941638038559,MNhl87,right,right_metathoracic_leg_nerve,motor,haltere_motor_neuron,True,,,,haltere,right,peripheral_nerve_name_prefix,haltere_motor,haltere_power,,asynchronous_haltere_power_candidate,,True,,,,banc_meta
720575941640465439,DLM1-4,left,left_posterior_dorsal_mesothoracic_nerve,motor,wing_motor_neuron,True,,gaba,,wing,left,peripheral_nerve_name_prefix,wing_power,,dorsal_longitudinal_muscle,asynchronous_wing_power,,True,,,,banc_meta
720575941643100754,PS1,right,right_mesothoracic_accessory_nerve,motor,wing_motor_neuron,True,,gaba,,wing,right,peripheral_nerve_name_prefix,wing_tension,,ps1_muscle,wing_tension_action_unresolved,,True,,,,banc_meta
720575941643797624,PSI,right,left_posterior_dorsal_mesothoracic_nerve,motor,peripheral_intrinsic_neuron,True,,glutamate,,wing,left,peripheral_nerve_name_prefix,,,,unresolved,source_superclass_motor_but_peripheral_intrinsic_neuron,False,,,,banc_meta
720575941645403000,DLM1-4,left,left_posterior_dorsal_mesothoracic_nerve,motor,wing_motor_neuron,True,,gaba,,wing,left,peripheral_nerve_name_prefix,wing_power,,dorsal_longitudinal_muscle,asynchronous_wing_power,,True,,,,banc_meta
720575941650258709,MNhl59,left,left_metathoracic_leg_nerve,motor,haltere_motor_neuron,True,,gaba,,haltere,left,peripheral_nerve_name_prefix,haltere_motor,unknown_leg_movement,leg_muscle,unresolved,source_haltere_target_but_leg_motor_class_or_function,False,,,,banc_meta
720575941655597785,b2,right,right_anterior_dorsal_mesothoracic_nerve,motor,wing_motor_neuron,True,,gaba,,wing,right,peripheral_nerve_name_prefix,wing_steering,phasic_wing_steering,b2_muscle,synchronous_wing_steering,,True,,,,banc_meta
720575941665539827,MNhl88,left,left_metathoracic_leg_nerve,motor,hind_leg_motor_neuron,True,,acetylcholine,,haltere,left,peripheral_nerve_name_prefix,leg_motor,,,unresolved,source_haltere_target_but_leg_motor_class_or_function,False,,,,banc_meta
720575941669019635,tp2,right,right_anterior_dorsal_mesothoracic_nerve,motor,wing_motor_neuron,True,,octopamine,,wing,right,peripheral_nerve_name_prefix,wing_tension,,tp2_muscle,wing_tension_action_unresolved,,True,,,,banc_meta
720575941692400603,DLM5,right,left_posterior_dorsal_mesothoracic_nerve,motor,wing_motor_neuron,True,,gaba,,wing,left,peripheral_nerve_name_prefix,wing_power,,dorsal_longitudinal_muscle,asynchronous_wing_power,,True,,,,banc_meta
720575941730020395,MNhm43,right,right_first_abdominal_nerve,motor,haltere_motor_neuron,True,glutamate,gaba,,haltere,right,peripheral_nerve_name_prefix,haltere_steering,unknown_haltere,haltere_basalare_muscle,haltere_steering_candidate,,True,,,,banc_meta
720575941732789547,iv2,left,left_anterior_dorsal_mesothoracic_nerve,motor,wing_motor_neuron,True,,gaba,,wing,left,peripheral_nerve_name_prefix,wing_steering,phasic_wing_steering,iv2_muscle,synchronous_wing_steering,,True,,,,banc_meta
