id,cellType,sourceSide,nerve,superClass,cellClass,proofread,ntVerified,ntPredicted,biologicalOutputSign,evidenceScope,visualTuning
720575941431191822,VS5,right,,visual_projection,lobula_plate_tangential_cell,True,acetylcholine,acetylcholine,,source LPTC class/type; exact-root retinal motion tuning uncalibrated,
720575941432087215,VST1,right,,visual_projection,lobula_plate_tangential_cell,True,acetylcholine,acetylcholine,,source LPTC class/type; exact-root retinal motion tuning uncalibrated,
720575941433747415,HSS,left,,visual_projection,lobula_plate_tangential_cell,True,acetylcholine,acetylcholine,,source LPTC class/type; exact-root retinal motion tuning uncalibrated,
720575941446781354,HSN,right,,visual_projection,lobula_plate_tangential_cell,True,acetylcholine,acetylcholine,,source LPTC class/type; exact-root retinal motion tuning uncalibrated,
720575941448605204,VS5,right,,visual_projection,lobula_plate_tangential_cell,True,acetylcholine,acetylcholine,,source LPTC class/type; exact-root retinal motion tuning uncalibrated,
720575941457763821,VST1,right,,visual_projection,lobula_plate_tangential_cell,True,acetylcholine,acetylcholine,,source LPTC class/type; exact-root retinal motion tuning uncalibrated,
720575941458438125,VST2,left,,visual_projection,lobula_plate_tangential_cell,True,acetylcholine,acetylcholine,,source LPTC class/type; exact-root retinal motion tuning uncalibrated,
720575941461881284,VS7,right,,visual_projection,lobula_plate_tangential_cell,True,acetylcholine,acetylcholine,,source LPTC class/type; exact-root retinal motion tuning uncalibrated,
720575941468113750,VSm,right,,visual_projection,lobula_plate_tangential_cell,True,acetylcholine,acetylcholine,,source LPTC class/type; exact-root retinal motion tuning uncalibrated,
720575941473125440,VS1,right,,visual_projection,lobula_plate_tangential_cell,True,acetylcholine,acetylcholine,,source LPTC class/type; exact-root retinal motion tuning uncalibrated,
720575941475836202,VSm,right,,visual_projection,lobula_plate_tangential_cell,True,acetylcholine,acetylcholine,,source LPTC class/type; exact-root retinal motion tuning uncalibrated,
720575941476473403,VS3,right,,visual_projection,lobula_plate_tangential_cell,True,acetylcholine,acetylcholine,,source LPTC class/type; exact-root retinal motion tuning uncalibrated,
720575941477116721,VS3,right,,visual_projection,lobula_plate_tangential_cell,True,acetylcholine,acetylcholine,,source LPTC class/type; exact-root retinal motion tuning uncalibrated,
720575941478741022,VST2,left,,visual_projection,lobula_plate_tangential_cell,True,acetylcholine,acetylcholine,,source LPTC class/type; exact-root retinal motion tuning uncalibrated,
720575941482372003,VST1,left,,visual_projection,lobula_plate_tangential_cell,True,acetylcholine,acetylcholine,,source LPTC class/type; exact-root retinal motion tuning uncalibrated,
720575941484677629,VST1,right,,visual_projection,lobula_plate_tangential_cell,True,acetylcholine,acetylcholine,,source LPTC class/type; exact-root retinal motion tuning uncalibrated,
720575941486914370,VS7,left,,visual_projection,lobula_plate_tangential_cell,True,acetylcholine,acetylcholine,,source LPTC class/type; exact-root retinal motion tuning uncalibrated,
720575941488910544,VST1,left,,visual_projection,lobula_plate_tangential_cell,True,acetylcholine,acetylcholine,,source LPTC class/type; exact-root retinal motion tuning uncalibrated,
720575941489898471,VST2,right,,visual_projection,lobula_plate_tangential_cell,True,acetylcholine,acetylcholine,,source LPTC class/type; exact-root retinal motion tuning uncalibrated,
720575941491822028,VSm,left,,visual_projection,lobula_plate_tangential_cell,True,acetylcholine,acetylcholine,,source LPTC class/type; exact-root retinal motion tuning uncalibrated,
720575941494656176,VS8,left,,visual_projection,lobula_plate_tangential_cell,True,acetylcholine,acetylcholine,,source LPTC class/type; exact-root retinal motion tuning uncalibrated,
720575941501878667,HSE,right,,visual_projection,lobula_plate_tangential_cell,True,acetylcholine,acetylcholine,,source LPTC class/type; exact-root retinal motion tuning uncalibrated,
720575941508597527,VS3,left,,visual_projection,lobula_plate_tangential_cell,True,acetylcholine,acetylcholine,,source LPTC class/type; exact-root retinal motion tuning uncalibrated,
720575941515173196,HSE,left,,visual_projection,lobula_plate_tangential_cell,True,acetylcholine,acetylcholine,,source LPTC class/type; exact-root retinal motion tuning uncalibrated,
720575941520624750,VSm,left,,visual_projection,lobula_plate_tangential_cell,True,acetylcholine,acetylcholine,,source LPTC class/type; exact-root retinal motion tuning uncalibrated,
720575941528410370,VS2,left,,visual_projection,lobula_plate_tangential_cell,True,acetylcholine,acetylcholine,,source LPTC class/type; exact-root retinal motion tuning uncalibrated,
720575941530054091,VST2,right,,visual_projection,lobula_plate_tangential_cell,True,acetylcholine,acetylcholine,,source LPTC class/type; exact-root retinal motion tuning uncalibrated,
720575941535744088,VS3,left,,visual_projection,lobula_plate_tangential_cell,True,acetylcholine,acetylcholine,,source LPTC class/type; exact-root retinal motion tuning uncalibrated,
720575941554021530,VST1,right,,visual_projection,lobula_plate_tangential_cell,True,acetylcholine,acetylcholine,,source LPTC class/type; exact-root retinal motion tuning uncalibrated,
720575941561098222,HSN,left,,visual_projection,lobula_plate_tangential_cell,True,acetylcholine,acetylcholine,,source LPTC class/type; exact-root retinal motion tuning uncalibrated,
720575941566879586,VS4,left,,visual_projection,lobula_plate_tangential_cell,False,acetylcholine,acetylcholine,,source LPTC class/type; exact-root retinal motion tuning uncalibrated,
720575941574266014,VSm,right,,visual_projection,lobula_plate_tangential_cell,True,acetylcholine,acetylcholine,,source LPTC class/type; exact-root retinal motion tuning uncalibrated,
720575941574535240,HSS,right,,visual_projection,lobula_plate_tangential_cell,True,acetylcholine,acetylcholine,,source LPTC class/type; exact-root retinal motion tuning uncalibrated,
720575941579052121,VS7,left,,visual_projection,lobula_plate_tangential_cell,True,acetylcholine,acetylcholine,,source LPTC class/type; exact-root retinal motion tuning uncalibrated,
720575941615701717,VST2,right,,visual_projection,lobula_plate_tangential_cell,True,acetylcholine,acetylcholine,,source LPTC class/type; exact-root retinal motion tuning uncalibrated,
720575941629308217,VS5,right,,visual_projection,lobula_plate_tangential_cell,True,acetylcholine,acetylcholine,,source LPTC class/type; exact-root retinal motion tuning uncalibrated,
720575941640848245,VS2,left,,visual_projection,lobula_plate_tangential_cell,True,acetylcholine,acetylcholine,,source LPTC class/type; exact-root retinal motion tuning uncalibrated,
720575941643559781,VST1,right,,visual_projection,lobula_plate_tangential_cell,True,acetylcholine,acetylcholine,,source LPTC class/type; exact-root retinal motion tuning uncalibrated,
