pre_super_class,post_super_class,directed_pairs,princeton_synapses,pairs_ge_5,pairs_ge_10,pairs_ge_20
central,central,2289666,2814630,11402,596,84
optic,optic,2081173,2571648,12127,1421,126
optic,visual_projection,360091,442327,1455,48,4
visual_projection,optic,227877,258572,299,11,1
visual_projection,visual_projection,213635,266881,847,22,2
descending,central,112377,154648,1810,206,17
sensory,central,105108,246590,10921,3614,733
visual_projection,central,91555,111294,343,18,1
visual_centrifugal,optic,91106,109444,248,6,0
sensory,sensory,88985,133158,1724,487,190
central,descending,73972,91454,396,20,4
ascending,central,68651,94818,1103,163,14
sensory,optic,58885,281383,13539,6631,3319
central,visual_projection,49396,57424,131,6,0
optic,visual_centrifugal,44315,49443,29,0,0
central,sensory,31488,40231,208,5,0
descending,descending,31314,44890,600,55,6
visual_centrifugal,central,30945,39074,202,8,0
visual_centrifugal,visual_projection,28737,35615,105,2,1
optic,sensory,27305,41549,618,14,2
central,visual_centrifugal,25583,30587,75,7,1
central,ascending,24836,28785,63,4,1
ascending,descending,20055,29218,422,53,5
ascending,ascending,17149,22623,211,13,1
visual_projection,visual_centrifugal,16357,19179,46,9,4
sensory,descending,15867,42397,1946,762,198
descending,ascending,10043,12353,64,4,0
sensory,ascending,8577,14047,286,40,16
motor,central,7069,10243,133,6,0
descending,optic,6765,8097,13,0,0
visual_centrifugal,visual_centrifugal,5511,7809,100,19,4
ascending,sensory,4862,6885,95,4,0
sensory,visual_projection,4724,18216,1338,428,42
descending,visual_centrifugal,4228,5863,79,7,1
descending,visual_projection,4077,5262,44,1,0
visual_projection,descending,4050,5187,31,4,1
central,motor,3527,4724,40,1,0
descending,sensory,3055,3669,8,0,0
visual_centrifugal,descending,2535,3101,17,0,0
ascending,visual_centrifugal,2339,3455,68,8,1
endocrine,central,2193,2681,9,1,0
descending,motor,2182,3737,93,17,4
motor,descending,2158,3057,41,3,0
optic,descending,1987,2165,2,0,0
optic,central,1924,2305,15,1,0
sensory,visual_centrifugal,1738,2818,61,8,0
ascending,motor,1580,3775,189,56,8
central,endocrine,1533,1822,4,0,0
central,optic,1342,1554,3,0,0
ascending,visual_projection,1134,1396,5,0,0
visual_projection,ascending,944,1082,1,0,0
motor,motor,912,1814,58,6,0
sensory,motor,725,1944,101,35,6
endocrine,endocrine,630,1358,60,11,2
visual_centrifugal,ascending,602,720,2,0,0
ascending,optic,564,708,3,0,0
visual_centrifugal,sensory,500,639,4,0,0
motor,ascending,371,417,1,0,0
optic,ascending,345,434,2,0,0
descending,endocrine,297,400,3,0,0
ascending,endocrine,223,278,1,0,0
visual_projection,sensory,214,247,1,0,0
endocrine,descending,203,242,0,0,0
motor,visual_centrifugal,199,284,1,0,0
motor,sensory,179,219,0,0,0
endocrine,ascending,177,209,0,0,0
visual_projection,motor,80,152,3,1,0
visual_centrifugal,motor,75,85,1,0,0
sensory,endocrine,64,92,2,0,0
motor,visual_projection,60,91,2,0,0
endocrine,sensory,27,30,0,0,0
motor,endocrine,18,23,0,0,0
visual_projection,endocrine,14,19,0,0,0
endocrine,visual_projection,12,12,0,0,0
endocrine,motor,11,12,0,0,0
endocrine,visual_centrifugal,8,8,0,0,0
visual_centrifugal,endocrine,8,9,0,0,0
endocrine,optic,2,2,0,0,0
motor,optic,1,1,0,0,0
optic,motor,1,1,0,0,0
