pre_cell_class,post_cell_class,directed_pairs,princeton_synapses,pairs_ge_5,pairs_ge_10,pairs_ge_20
[unannotated],[unannotated],2049716,2494180,9397,636,70
Kenyon_Cell,Kenyon_Cell,430148,566404,3229,21,0
ME,ME,260101,313187,747,32,4
ME,ME>LO,213298,260051,713,20,1
ME>LO,ME>LO,178249,218725,611,15,0
ME>LO,ME,155745,181867,357,23,3
ME>LO,[unannotated],122782,148544,533,35,4
CX,CX,106715,143685,1545,181,36
AN,[unannotated],92328,130886,1780,280,28
[unannotated],ME>LO,85151,95207,46,1,0
mechanosensory,[unannotated],66846,197132,10761,3747,786
ME,ME>LO.LOP,63380,75966,143,5,1
ME>LO,ME>LO.LOP,56840,69152,179,3,0
DAN,Kenyon_Cell,55906,71844,332,1,0
ME,[unannotated],54219,63889,117,0,0
ME>LO.LOP,[unannotated],53346,63142,111,6,0
ME>LO.LOP,ME>LO,52728,61714,66,2,0
[unannotated],ME,52660,61558,116,2,0
Kenyon_Cell,DAN,52343,66215,181,4,0
ME>LO.LOP,ME,48974,56359,56,0,0
LO,[unannotated],46321,55264,66,0,0
ME>LO,LO,44571,54213,153,6,0
[unannotated],LO,41535,48604,84,3,0
LO,ME>LO,41391,48234,35,0,0
mechanosensory,mechanosensory,39147,52541,373,20,3
[unannotated],ME>LO.LOP,38713,44095,36,0,0
[unannotated],AN,36159,42536,119,6,0
ME>LOP,ME>LOP,35470,42184,32,0,0
LO>LOP,LO>LOP,34845,41277,42,0,0
LA>ME,ME,34469,54079,1117,304,49
olfactory,olfactory,32711,45004,284,5,0
olfactory,ALLN,31141,46168,639,84,3
ME>LO.LOP,ME>LO.LOP,28991,35317,55,0,0
ME,ME>LA,28614,34782,141,6,0
[unannotated],CX,27336,32682,110,1,0
ME>LA,ME,25262,30187,99,2,0
LA>ME,ME>LO,24481,36722,568,119,25
ME>LA,ME>LO,24010,30637,267,15,1
CX,[unannotated],22682,26250,71,8,0
LHLN,[unannotated],21454,24366,12,0,0
ALPN,[unannotated],21123,26865,249,57,8
visual,ME,21097,89713,5484,2304,730
LA>ME,LA>ME,20188,49227,2771,538,9
LO>LOP,[unannotated],19883,27532,216,2,0
ME>LO,ME>LA,19798,23564,48,0,0
ME,LA>ME,19560,23793,80,4,1
ME>LOP,[unannotated],18826,26181,178,2,0
ME>LO,LO>LOP,18456,24438,142,8,4
LO,LO,17509,21142,36,0,0
LO>LOP,ME>LO,17318,19423,10,0,0
AN,AN,17149,22623,211,13,1
ALLN,olfactory,16122,20211,50,0,0
ME,ME>LOP,15936,20761,174,10,2
ME>LO.LOP,LO,15869,18598,26,1,0
[unannotated],LHLN,15661,17566,19,0,0
LA>ME,visual,15459,25337,465,9,0
ME>LA,ME>LA,14897,20683,164,7,1
LO>LOP,ME>LOP,14147,17041,13,0,0
ME>LOP,LO>LOP,14029,16831,17,0,0
[unannotated],ME>LOP,13742,15646,18,0,0
ME>LOP,ME>LO.LOP,13495,16296,25,0,0
LOP>ME.LO,[unannotated],13223,15737,21,0,0
ME,bilateral,13038,15636,33,0,0
bilateral,ME,12995,14966,25,0,0
DAN,[unannotated],12890,16118,92,1,0
LO,ME>LO.LOP,12759,14518,13,0,0
bilateral,[unannotated],12742,15168,36,0,0
[unannotated],DAN,12712,14922,38,2,0
LO>LOP,ME>LO.LOP,12637,15193,26,0,0
visual,visual,12308,28480,964,458,187
visual,LA>ME,12205,112026,4105,2799,1978
ME>LA,LA>ME,12167,21726,639,116,6
[unannotated],LO>LOP,12082,13544,12,0,0
LA>ME,ME>LA,12070,19921,483,51,10
ME>LOP,ME,11880,13366,5,0,0
ME>LO,LO>ME,11791,13992,30,1,0
[unannotated],ALPN,11675,13889,68,2,0
LO>ME,[unannotated],11401,13590,25,1,0
LOP>ME.LO,ME>LO,11150,13461,22,0,0
[unannotated],mechanosensory,11055,14783,138,4,0
ME>LO,ME.LO,10940,14418,93,4,0
ME>LO,ME>LOP,10715,12717,34,0,0
visual,ME>LA,10703,25460,1408,176,5
LOP>LO,[unannotated],10665,13149,39,0,0
bilateral,ME>LO,10627,12156,14,0,0
ME.LO,ME>LO,10401,12587,19,0,0
MBON,Kenyon_Cell,10176,12589,25,0,0
[unannotated],LOP,10113,12561,42,3,1
ME>LO,LOP>ME.LO,10061,11959,26,0,0
[unannotated],LO>ME,9965,11786,25,0,0
[unannotated],LOP>ME.LO,9925,11818,27,1,0
ME>LO,bilateral,9903,11514,22,0,0
ME>LO.LOP,ME>LOP,9668,11258,14,0,0
ALPN,ALPN,9511,12702,112,11,0
visual,ME>LO,9269,22212,1126,332,25
LOP,[unannotated],8907,11067,39,0,0
[unannotated],bilateral,8894,10615,41,2,0
ME>LOP,LOP,8872,11525,56,1,0
ME>LOP,ME>LO,8630,9993,23,0,0
LO>LOP,LOP,8559,11366,63,0,0
ALLN,ALLN,8538,10882,54,3,0
LO>ME,ME>LO,8496,9672,8,0,0
ALLN,ALPN,8225,10770,57,1,0
ME>LO,LA>ME,8199,9486,36,3,0
ME,LOP>ME.LO,8037,10297,57,2,0
mechanosensory,AN,7988,13172,270,39,16
Kenyon_Cell,MBON,7985,11450,97,0,0
ME>LO.LOP,LO>LOP,7766,9020,8,0,0
Kenyon_Cell,[unannotated],7530,8129,3,0,0
LHCENT,[unannotated],7528,9115,16,0,0
LOP,ME>LOP,7466,8735,18,0,0
[unannotated],Kenyon_Cell,7380,8685,15,1,0
[unannotated],LOP>LO,7362,8772,14,0,0
MBON,[unannotated],7297,9135,62,3,0
olfactory,ALPN,7096,16668,755,291,50
ALPN,ALLN,6982,9586,98,7,0
LOP>ME.LO,ME>LO.LOP,6942,8380,6,0,0
LOP,LO>LOP,6702,7894,12,0,0
LHLN,LHLN,6626,7577,3,0,0
LOP>ME.LO,ME,6526,7611,7,0,0
ME>LA,visual,6501,7888,8,0,0
ME,ME>LOP.LO,6407,7306,7,0,0
ME>LO.LOP,LOP,6373,7347,5,0,0
ME>LO.LOP,LOP>ME.LO,6312,7566,11,0,0
gustatory,[unannotated],6296,8977,125,15,0
LA>ME,ME>LO.LOP,6181,8889,129,9,0
ME>LA,ME>LOP,5888,7241,35,0,0
LOP,ME>LO.LOP,5840,6852,12,0,0
[unannotated],LHCENT,5783,7005,26,2,1
ME>LOP.LO,ME,5672,6603,3,0,0
ME>LO.LOP,LO>ME,5584,6505,5,0,0
[unannotated],ME.LO,5493,6982,32,0,0
LOP>LO,ME>LOP,5470,7022,21,0,0
LOP>LO,LO>LOP,5463,6855,15,0,0
LOP>ME.LO,LO>LOP,5366,6505,8,0,0
ME>LO,ME>LOP.LO,5326,6220,6,0,0
[unannotated],MBON,5259,6481,23,2,1
[unannotated],ME>LA,5235,6555,29,4,0
ME>LOP.LO,ME>LO,5225,6127,7,0,0
LOP>ME.LO,ME>LOP,5071,6298,17,0,0
LOP>LO,ME>LO.LOP,4966,5897,8,0,0
bilateral,ME>LO.LOP,4912,5645,6,0,0
ME,ME.LO,4812,6449,62,4,1
ME.LO,[unannotated],4779,5963,24,1,0
ME>LOP,LOP>ME.LO,4757,6198,33,1,0
ME>LOP,LOP>LO,4652,6404,39,0,0
LO>LOP,LOP>LO,4604,6256,34,1,0
ME.LO,ME,4570,5772,20,0,0
LOP,LOP,4549,5589,15,0,0
ME>LO.LOP,bilateral,4548,5291,3,0,0
AN,mechanosensory,4527,6507,94,4,0
ME>LO.LOP,LOP>LO,4516,5305,5,0,0
LO>LOP,LOP>ME.LO,4502,5850,30,0,0
ME>LOP.LO,[unannotated],4475,5084,1,0,0
unknown_sensory,[unannotated],4431,9003,273,111,36
LO>ME,ME>LO.LOP,4421,4916,4,0,0
LOP>LO.ME,[unannotated],4339,5255,10,0,0
visual,[unannotated],4014,15090,1150,354,23
ME>LA,ME>LO.LOP,3994,4317,2,0,0
ME>LO.LOP,ME>LA,3768,4087,2,0,0
LA>ME,LA,3745,6154,90,0,0
LO>ME,ME,3698,4259,4,0,0
LO,LO>ME,3658,4531,15,0,0
visual,LA,3599,28395,1289,999,580
ME,LO>ME,3578,4049,3,0,0
ME>LO.LOP,ME.LO,3552,4309,7,0,0
ME.LO,ME>LO.LOP,3434,4034,2,0,0
ME>LOP,ME>LA,3364,3673,2,0,0
ME>LA,[unannotated],3305,3658,7,0,0
ALPN,LHLN,3169,4338,52,16,5
[unannotated],ME>LOP.LO,3166,3505,1,0,0
gustatory,gustatory,3157,4726,74,4,0
LO>ME,LO,3146,3761,9,0,0
LOP>ME.LO,LO,3139,3671,3,0,0
LOP>LO,LOP,3018,3766,6,0,0
[unannotated],LOP>LO.ME,2988,3542,7,0,0
LOP>LO.ME,LO>LOP,2939,3851,20,0,0
LOP>LO,ME>LO,2834,3249,3,0,0
LO,LO>LOP,2819,3602,10,0,0
LOP>LO.ME,ME>LOP,2804,3648,12,0,0
DAN,DAN,2799,3413,7,0,0
LA>ME,[unannotated],2715,3412,25,1,0
LOP,LOP>LO,2668,3207,6,0,0
[unannotated],mAL,2664,2999,2,0,0
ME,visual,2646,3394,21,5,2
ALPN,olfactory,2614,3285,5,0,0
LOP,LOP>ME.LO,2558,3051,5,0,0
ALIN,[unannotated],2512,3139,11,0,0
LA,LA>ME,2443,4893,202,20,0
ME>LOP,LOP>LO.ME,2418,3374,22,0,0
LO>LOP,LOP>LO.ME,2409,3336,18,0,0
mAL,[unannotated],2322,2561,2,0,0
LHLN,ALPN,2307,2641,0,0,0
Kenyon_Cell,ALPN,2236,2361,0,0,0
ALPN,Kenyon_Cell,2198,2391,1,1,0
LOP>LO.ME,ME>LO.LOP,2195,2559,1,0,0
LO,LOP>ME.LO,2191,2542,2,0,0
LOP>ME.LO,LOP>ME.LO,2155,2641,4,0,0
LA,visual,2106,4239,122,0,0
LOP>ME.LO,LOP,2093,2499,4,0,0
ME>LO,LOP>LO,2089,2321,1,0,0
LO>ME,LO>ME,2069,2508,2,0,0
LOP>LO,LOP>ME.LO,2012,2495,10,0,0
LOP>LO.ME,ME>LO,1980,2256,1,0,0
[unannotated],ALIN,1949,2333,8,0,0
LOP>ME.LO,LOP>LO,1922,2359,5,0,0
bilateral,bilateral,1858,2529,23,2,0
LOP>LO,LO,1813,2060,1,0,0
TuBu,[unannotated],1813,2181,8,0,0
ocellar,[unannotated],1764,2528,42,4,2
ME>LO.LOP,LA>ME,1760,1899,1,0,0
[unannotated],LA>ME,1755,2105,18,1,0
ME>LA,LA,1739,2705,33,1,0
ME>LOP.LO,ME>LO.LOP,1723,2113,4,0,0
LOP>LO,LOP>LO,1716,2078,3,0,0
LA>ME,bilateral,1662,2105,3,0,0
ME>LO.LOP,LOP>LO.ME,1655,1881,2,0,0
LO>LOP,LO,1557,1842,2,0,0
LO,ME.LO,1555,1901,3,0,0
[unannotated],ALLN,1555,2710,77,15,0
bilateral,LO,1542,1829,5,0,0
ME>LO.LOP,ME>LOP.LO,1518,1776,3,0,0
[unannotated],gustatory,1508,1731,1,0,0
LOP>ME.LO,LO>ME,1489,1749,4,0,0
visual,ocellar,1469,4544,240,89,20
bilateral,ME>LA,1467,1698,7,0,0
ME.LO,LO,1440,1829,7,0,0
LO,bilateral,1428,1683,6,0,0
LO>ME,LOP>ME.LO,1337,1477,0,0,0
bilateral,ME>LOP,1322,1467,1,0,0
LOP>LO.ME,LOP,1316,1652,6,0,0
LO,LOP>LO,1256,1413,2,0,0
pars_intercerebralis,[unannotated],1240,1526,5,1,0
[unannotated],ocellar,1211,1539,11,3,1
bilateral,LOP>ME.LO,1201,1458,5,0,0
[unannotated],TuBu,1192,1453,3,0,0
visual,ME>LO.LOP,1187,1947,59,5,0
LOP,LOP>LO.ME,1161,1440,1,0,0
ME.LO,ME>LA,1157,1345,0,0,0
hygrosensory,ALLN,1134,2857,112,55,19
LA,ME>LA,1116,3129,212,75,7
olfactory,[unannotated],1098,1303,1,0,0
DAN,CX,1082,1289,2,0,0
ME>LO,LOP>LO.ME,1067,1174,0,0,0
[unannotated],pars_intercerebralis,1064,1299,3,0,0
MBIN,Kenyon_Cell,1062,3615,265,18,0
bilateral,LO>LOP,1060,1194,1,0,0
ME>LOP.LO,LO,1033,1213,0,0,0
LOP>ME.LO,bilateral,1032,1208,3,0,0
LO,ME>LOP.LO,1023,1161,1,0,0
[unannotated],unknown_sensory,1005,1168,4,0,0
ME.LO,LOP>ME.LO,984,1298,6,0,0
LOP>LO,LO>ME,976,1157,1,0,0
ME>LA,ME.LO,974,1272,12,0,0
mechanosensory,ALIN,973,2085,105,25,1
pars_lateralis,[unannotated],949,1143,4,0,0
MBON,DAN,943,1242,11,0,0
[unannotated],olfactory,934,1003,0,0,0
LOP>LO.ME,LOP>LO,907,1046,0,0,0
ME>LOP,LO>ME,904,1058,0,0,0
LOP>LO,LOP>LO.ME,889,1063,1,0,0
ALLN,[unannotated],870,1114,8,0,0
LO>LOP,LO>ME,846,936,0,0,0
CX,DAN,842,945,2,0,0
LHCENT,Kenyon_Cell,837,1044,2,0,0
LOP>LO.ME,LOP>ME.LO,826,986,2,0,0
visual,bilateral,812,1545,51,8,1
LA>ME,ME>LOP.LO,809,1495,51,3,0
LOP>ME.LO,ME.LO,795,1001,1,0,0
LO>ME,ME.LO,788,1019,4,0,0
LOP>LO.ME,ME,780,873,1,0,0
LO>ME,LOP,767,922,2,0,0
LOP>ME.LO,ME>LA,762,934,1,0,0
LA,LA,761,1128,10,0,0
ME.LO,LO>ME,743,991,4,0,0
LOP>ME.LO,LOP>LO.ME,741,866,2,0,0
ME>LA,bilateral,740,772,0,0,0
DAN,MBON,723,949,6,0,0
ME,LOP>LO,681,719,0,0,0
[unannotated],pars_lateralis,657,800,4,0,0
ME,LOP>LO.ME,652,713,1,0,0
olfactory,ALIN,651,800,2,0,0
LO>ME,LOP>LO,649,766,0,0,0
Kenyon_Cell,LHCENT,645,718,0,0,0
ME>LOP,bilateral,632,822,5,0,0
bilateral,LO>ME,627,729,1,0,0
LO>ME,LO>LOP,596,637,0,0,0
LO>ME,bilateral,595,673,0,0,0
bilateral,LA>ME,593,645,0,0,0
LO>LOP,bilateral,589,774,1,0,0
bilateral,LOP,580,840,14,0,0
LO>ME,ME>LOP,576,607,0,0,0
LOP,LO>ME,559,662,2,0,0
TuBu,TuBu,557,647,1,0,0
unknown_sensory,unknown_sensory,551,920,18,0,0
MBON,CX,538,687,3,0,0
LO>ME,ME>LA,534,594,0,0,0
ME,LO,531,599,2,0,0
ALIN,olfactory,513,742,12,1,0
LOP>LO,ME,506,559,0,0,0
olfactory,ALON,503,790,17,1,0
ALIN,ALLN,502,613,0,0,0
LHCENT,LHLN,501,588,0,0,0
ME>LA,LOP>ME.LO,497,534,0,0,0
hygrosensory,ALPN,495,2497,64,44,27
ALIN,ALPN,487,593,0,0,0
ALLN,ALIN,484,605,1,0,0
LO.LOP,[unannotated],481,592,2,0,0
ocellar,ocellar,479,916,36,5,0
LOP>LO.ME,LO,474,520,0,0,0
ME.LO,bilateral,470,570,2,0,0
ME>LA,LO>ME,469,510,0,0,0
bilateral,LOP>LO,464,622,9,0,0
LO>ME,LOP>LO.ME,454,504,0,0,0
ALON,[unannotated],446,547,1,0,0
thermosensory,ALLN,446,1075,34,12,6
ME.LO,ME.LO,436,567,4,0,0
ALPN,ALIN,425,542,1,0,0
LHLN,LHCENT,420,483,0,0,0
bilateral,ME.LO,420,501,1,0,0
ME>LOP.LO,ME>LA,418,467,0,0,0
pars_intercerebralis,pars_intercerebralis,408,904,44,7,0
LOP>LO.ME,LO>ME,406,478,0,0,0
gustatory,AN,406,617,12,1,0
MBON,MBON,398,576,8,0,0
ME>LOP.LO,LOP>ME.LO,393,533,4,0,0
ALLN,hygrosensory,377,495,5,0,0
ocellar,visual,377,509,3,0,0
LOP>LO,bilateral,365,413,0,0,0
ME>LO,visual,362,401,1,0,0
[unannotated],LO.LOP,358,408,0,0,0
[unannotated],ALON,343,446,2,1,0
ME.LO,LO>LOP,342,389,0,0,0
LOP,ME>LO,340,367,0,0,0
LHCENT,ALPN,339,408,0,0,0
CX,MBON,333,382,0,0,0
ALPN,LHCENT,314,439,4,3,1
ME>LOP.LO,ME>LOP.LO,311,395,1,0,0
mAL,mAL,302,362,0,0,0
ALON,ALPN,301,435,5,1,0
AN,ALPN,301,362,0,0,0
CX,TuBu,301,437,7,0,0
LO,LOP>LO.ME,301,342,2,0,0
ME>LO,LOP,301,339,0,0,0
[unannotated],visual,301,364,1,0,0
LOP>LO.ME,LOP>LO.ME,299,345,1,0,0
LOP>LO.ME,bilateral,295,339,0,0,0
hygrosensory,hygrosensory,291,492,4,0,0
Kenyon_Cell,CX,287,304,0,0,0
DAN,ALPN,280,359,2,0,0
ALON,ALLN,279,362,4,0,0
AN,mAL,279,340,3,0,0
ALLN,ALON,277,356,0,0,0
AN,CX,277,351,1,0,0
ME>LA,ME>LOP.LO,274,295,0,0,0
LO.LOP,ME>LO,273,300,0,0,0
ALPN,ALON,269,387,6,1,0
DAN,MBIN,267,551,15,1,0
gustatory,mAL,267,311,0,0,0
ME>LOP,ME.LO,266,304,0,0,0
bilateral,LOP>LO.ME,262,328,0,0,0
visual,ME>LOP.LO,257,337,3,1,0
MBIN,DAN,255,523,14,1,0
ALPN,DAN,250,297,2,0,0
MBIN,[unannotated],250,302,1,0,0
bilateral,ME>LOP.LO,248,280,0,0,0
AN,ME>LO,245,330,2,0,0
ME.LO,ME>LOP,242,274,0,0,0
TuBu,CX,237,497,13,7,5
thermosensory,ALPN,232,600,22,9,4
LOP>ME.LO,ME>LOP.LO,230,293,0,0,0
AN,ALIN,225,297,1,0,0
[unannotated],MBIN,225,335,5,3,0
LO.LOP,ME>LO.LOP,223,254,0,0,0
LOP,bilateral,223,267,0,0,0
ME>LO,LO.LOP,221,252,0,0,0
LO>LOP,ME.LO,214,228,0,0,0
ME>LOP.LO,LO>ME,214,238,1,0,0
ME>LOP.LO,bilateral,213,237,1,0,0
AN,gustatory,210,233,0,0,0
DAN,LHLN,209,287,0,0,0
ALPN,CX,208,238,0,0,0
ME.LO.LOP,[unannotated],208,254,0,0,0
ME>LO,ME.LO.LOP,204,238,0,0,0
LOP>LO.ME,ME.LO,201,258,0,0,0
ME>LO.LOP,LO.LOP,201,228,0,0,0
ALPN,AN,193,288,6,1,1
ME>LOP.LO,ME.LO,190,222,0,0,0
LO,ME,188,203,0,0,0
CX,Kenyon_Cell,181,197,0,0,0
ME.LO.LOP,ME>LO,180,215,0,0,0
LOP>LO,ME.LO,176,221,1,0,0
ME>LOP,ME>LOP.LO,176,206,0,0,0
LHCENT,DAN,167,189,0,0,0
ME,ME.LO.LOP,160,206,3,0,0
ME.LO,LOP>LO.ME,156,182,0,0,0
ME>LOP.LO,ME>LOP,154,173,0,0,0
LO>LOP,ME>LOP.LO,153,158,0,0,0
[unannotated],ME.LO.LOP,152,167,0,0,0
ME>LOP.LO,LOP>LO,148,164,0,0,0
LHCENT,CX,147,173,0,0,0
unknown_sensory,AN,147,216,4,0,0
DAN,LHCENT,140,175,1,0,0
gustatory,ALPN,140,203,2,0,0
ME.LO.LOP,ME,138,160,0,0,0
ALLN,thermosensory,134,153,0,0,0
ME>LOP,LO,134,159,0,0,0
ME>LO,AN,129,172,1,0,0
MBON,LHCENT,128,190,3,0,0
LO.LOP,LO,126,162,0,0,0
TPN,[unannotated],126,158,1,0,0
optic_lobes,ME,126,199,5,1,0
ME.LO,LOP>LO,125,133,0,0,0
LO,LO.LOP,123,148,1,0,0
LOP>LO,ME>LOP.LO,120,144,0,0,0
gustatory,mechanosensory,119,121,0,0,0
ALPN,MBON,118,143,0,0,0
ME,LOP,117,132,0,0,0
optic_lobes,[unannotated],116,169,3,0,0
CX,AN,115,127,0,0,0
ME>LO.LOP,ME.LO.LOP,114,138,0,0,0
CX,LHCENT,112,131,0,0,0
LHCENT,MBON,112,142,1,0,0
ME>LOP.LO,LO>LOP,111,119,0,0,0
pars_lateralis,pars_lateralis,107,283,12,3,2
mechanosensory,ocellar,105,244,12,1,0
AN,pars_lateralis,103,132,1,0,0
LO>ME,ME>LOP.LO,102,105,0,0,0
[unannotated],TPN,102,120,0,0,0
LOP,ME,101,126,0,0,0
bilateral,AN,101,123,0,0,0
gustatory,unknown_sensory,98,132,2,0,0
ME.LO.LOP,ME>LO.LOP,96,119,0,0,0
ME>LOP.LO,LA>ME,96,98,0,0,0
LHLN,DAN,94,112,0,0,0
LO,ME>LOP,94,104,0,0,0
unknown_sensory,gustatory,93,107,0,0,0
ALIN,mechanosensory,92,102,0,0,0
ALPN,hygrosensory,91,103,1,0,0
MBON,ALPN,90,100,0,0,0
ME.LO,ME>LOP.LO,90,94,0,0,0
AN,unknown_sensory,88,105,1,0,0
ME>LOP.LO,LOP,86,96,0,0,0
pars_intercerebralis,AN,86,104,0,0,0
mechanosensory,gustatory,84,94,0,0,0
mechanosensory,unknown_sensory,84,105,0,0,0
unknown_sensory,mechanosensory,82,116,4,0,0
ALIN,AN,80,96,2,0,0
[unannotated],hygrosensory,78,117,0,0,0
AN,bilateral,76,88,0,0,0
LA,ME>LO,76,87,0,0,0
optic_lobes,ME>LO,76,113,1,1,0
AN,pars_intercerebralis,75,86,0,0,0
AN,ME>LOP,72,91,0,0,0
LA,ME,72,86,0,0,0
ALIN,DAN,71,85,0,0,0
AN,ocellar,71,92,1,0,0
LOP>LO.ME,ME>LA,71,72,0,0,0
[unannotated],optic_lobes,71,99,1,0,0
CX,ALPN,69,72,0,0,0
AN,DAN,68,91,0,0,0
LHCENT,LHCENT,66,88,0,0,0
ME,optic_lobes,66,77,0,0,0
ALPN,thermosensory,64,77,1,0,0
LOP,ME>LOP.LO,64,79,1,0,0
ME>LOP,LOP>ME,64,81,1,0,0
ME>LA,LOP>LO,63,70,0,0,0
LA>ME,ME.LO,62,109,4,0,0
bilateral,Kenyon_Cell,61,64,0,0,0
hygrosensory,[unannotated],60,244,8,4,4
AN,ME,59,68,0,0,0
ME>LA,LOP>LO.ME,57,61,0,0,0
bilateral,visual,57,60,0,0,0
mAL,AN,57,60,0,0,0
LO>LOP,LOP>ME,55,75,0,0,0
ALON,olfactory,54,57,0,0,0
ME>LOP.LO,LOP>LO.ME,54,64,0,0,0
LA>ME,LOP>LO,52,53,0,0,0
LOP>ME,[unannotated],52,59,0,0,0
ME>LO.LOP,visual,52,67,1,0,0
LO,mAL,51,129,8,1,0
ME.LO.LOP,ME>LOP,51,58,0,0,0
LO.LOP,LOP>LO,50,53,0,0,0
olfactory,hygrosensory,50,56,0,0,0
AN,MBON,49,63,1,0,0
LOP>ME,ME>LO,49,57,0,0,0
ALIN,MBON,47,59,0,0,0
Kenyon_Cell,bilateral,47,51,0,0,0
ocellar,CX,47,54,0,0,0
pars_lateralis,AN,47,57,0,0,0
thermosensory,[unannotated],47,83,2,1,0
unknown_sensory,pars_intercerebralis,46,72,2,0,0
ME.LO.LOP,LO>LOP,45,59,0,0,0
ME>LOP,ME.LO.LOP,45,49,0,0,0
ALIN,CX,44,49,0,0,0
LO>LOP,ME.LO.LOP,44,49,0,0,0
LOP>LO,ME>LA,44,48,0,0,0
DAN,AN,43,53,0,0,0
AN,LHCENT,42,52,0,0,0
[unannotated],LOP>ME,42,55,0,0,0
ALIN,ALIN,40,65,3,0,0
LHCENT,mAL,40,47,0,0,0
LO,ME.LO.LOP,40,49,0,0,0
ME.LO.LOP,LO,40,58,1,0,0
ME>LA,LO,40,41,0,0,0
ME>LA,LO>LOP,40,45,0,0,0
ME>LO.LOP,LOP>ME,40,46,0,0,0
olfactory,mAL,40,44,0,0,0
MBON,LHLN,39,45,0,0,0
ME.LOP,ME,39,47,0,0,0
AN,ALON,38,41,0,0,0
LA>ME,optic_lobes,38,71,2,0,0
ME,AN,38,43,0,0,0
mAL,DAN,38,39,0,0,0
AN,ME>LO.LOP,37,44,0,0,0
AN,olfactory,37,40,0,0,0
Kenyon_Cell,mAL,37,37,0,0,0
LO>LOP,ME>LA,37,42,0,0,0
ME>LA,LOP,37,47,0,0,0
ALON,AN,36,42,0,0,0
LOP>ME,ME>LO.LOP,36,44,0,0,0
ME.LO.LOP,LOP>ME.LO,36,44,0,0,0
gustatory,ALON,36,41,0,0,0
DAN,mAL,35,43,1,0,0
ME>LO.LOP,AN,35,44,1,0,0
LA>ME,LO,34,39,0,0,0
ME>LO,ME.LOP,34,44,0,0,0
ME>LO,optic_lobes,34,41,0,0,0
mAL,gustatory,34,34,0,0,0
gustatory,ALLN,33,80,5,1,0
ME.LOP,[unannotated],32,39,0,0,0
hygrosensory,olfactory,32,40,0,0,0
ocellar,bilateral,32,40,0,0,0
LOP,LOP>ME,31,40,0,0,0
ME.LOP,ME>LO,31,37,0,0,0
[unannotated],thermosensory,31,40,0,0,0
mAL,LHCENT,31,41,0,0,0
optic_lobes,ME>LO.LOP,31,52,3,0,0
pars_lateralis,pars_intercerebralis,31,37,0,0,0
DAN,ALIN,30,35,0,0,0
LHLN,mAL,30,32,0,0,0
LOP,LO,30,34,0,0,0
LOP>ME,LOP,30,34,0,0,0
MBON,ALIN,30,40,0,0,0
MBON,mAL,30,40,0,0,0
ME,LO>LOP,30,44,2,0,0
ocellar,AN,30,39,1,0,0
olfactory,AN,30,36,0,0,0
optic_lobes,LA>ME,30,72,3,1,1
ALIN,LHCENT,29,41,0,0,0
ALPN,mAL,29,30,0,0,0
AN,ALLN,29,34,0,0,0
LOP>LO.ME,ME>LOP.LO,29,29,0,0,0
LOP>ME.LO,LOP>ME,29,30,0,0,0
TuBu,Kenyon_Cell,29,31,0,0,0
mAL,LHLN,29,34,0,0,0
LOP>ME,ME,28,33,0,0,0
LOP>ME,ME>LOP,28,31,0,0,0
LOP>ME.LO,LO.LOP,27,34,0,0,0
ME,ME.LOP,27,29,0,0,0
ALIN,ALON,26,31,0,0,0
LO>LOP,ME,26,29,0,0,0
ME>LOP,AN,26,34,0,0,0
bilateral,ocellar,26,43,2,0,0
CX,ocellar,25,29,0,0,0
LHCENT,ALIN,25,33,0,0,0
ME.LOP,ME>LO.LOP,25,28,0,0,0
AN,LO>LOP,24,25,0,0,0
LO,ME>LA,24,28,0,0,0
LO.LOP,bilateral,24,28,0,0,0
MBIN,ALPN,24,38,1,0,0
mechanosensory,ALPN,24,36,1,0,0
mechanosensory,olfactory,24,28,0,0,0
thermosensory,thermosensory,24,44,1,0,0
visual,ME.LO,24,44,1,0,0
AN,LO>ME,23,25,0,0,0
LOP>ME.LO,ME.LO.LOP,23,26,0,0,0
ME>LO,olfactory,23,24,0,0,0
[unannotated],ME.LOP,23,32,0,0,0
bilateral,CX,22,29,0,0,0
pars_intercerebralis,pars_lateralis,22,24,0,0,0
ALPN,MBIN,21,27,0,0,0
LO.LOP,LO>ME,21,31,0,0,0
LO.LOP,LOP>ME.LO,21,28,0,0,0
LOP>LO,LO.LOP,21,25,0,0,0
MBIN,MBON,21,38,1,0,0
bilateral,LO.LOP,21,27,0,0,0
LOP,ME.LO,20,22,0,0,0
ME,LA,20,29,1,0,0
ME>LA,optic_lobes,20,23,0,0,0
hygrosensory,ALON,20,68,5,0,0
AN,LHLN,19,21,0,0,0
AN,ME.LO,19,22,0,0,0
Kenyon_Cell,TuBu,19,22,0,0,0
LO,AN,19,20,0,0,0
LO>ME,ME.LO.LOP,19,23,0,0,0
LOP>ME,LO>LOP,19,20,0,0,0
ME,LOP>ME,19,23,0,0,0
ME.LO.LOP,LO>ME,19,22,0,0,0
ME.LO.LOP,ME.LO,19,25,0,0,0
ME>LOP.LO,visual,19,19,0,0,0
TPN,CX,19,23,0,0,0
bilateral,ME.LO.LOP,19,19,0,0,0
mAL,Kenyon_Cell,19,20,0,0,0
visual,optic_lobes,19,29,1,0,0
CX,mAL,18,21,0,0,0
MBON,MBIN,18,37,1,1,0
ME>LO.LOP,ME.LOP,18,22,0,0,0
ME>LOP,LO.LOP,18,19,0,0,0
bilateral,optic_lobes,18,29,1,0,0
gustatory,olfactory,18,19,0,0,0
mechanosensory,ALON,18,18,0,0,0
optic_lobes,bilateral,18,36,3,0,0
thermosensory,hygrosensory,18,20,0,0,0
ALLN,AN,17,40,3,1,0
AN,ME>LA,17,21,0,0,0
LHCENT,AN,17,20,0,0,0
LO.LOP,LOP>LO.ME,17,19,0,0,0
LO>LOP,LO.LOP,17,20,0,0,0
ME.LO,LA>ME,17,45,2,2,0
ME.LO.LOP,ME>LA,17,24,1,0,0
ME.LOP,ME>LOP,17,20,0,0,0
ME>LA,AN,17,19,0,0,0
optic_lobes,ME>LA,17,23,0,0,0
pars_lateralis,CX,17,19,0,0,0
AN,LO,16,17,0,0,0
LHLN,ALIN,16,16,0,0,0
LO,LOP,16,21,0,0,0
ME.LO,ME.LO.LOP,16,17,0,0,0
ME.LO.LOP,LOP,16,20,0,0,0
ME.LOP,LOP,16,18,0,0,0
ME>LA,ME.LO.LOP,16,21,0,0,0
hygrosensory,thermosensory,16,23,0,0,0
MBIN,CX,15,17,0,0,0
ME.LO,LOP,15,16,0,0,0
optic_lobes,visual,15,20,0,0,0
pars_intercerebralis,unknown_sensory,15,18,0,0,0
ALON,ALON,14,19,1,0,0
ALPN,gustatory,14,14,0,0,0
AN,LOP,14,19,0,0,0
LOP,ME.LO.LOP,14,17,0,0,0
LOP>ME,LOP>ME.LO,14,15,0,0,0
MBON,AN,14,16,0,0,0
ME>LOP,ME.LOP,14,19,0,0,0
mAL,MBON,14,16,0,0,0
ALIN,LHLN,13,13,0,0,0
CX,MBIN,13,14,0,0,0
Kenyon_Cell,MBIN,13,25,1,0,0
LA,ME>LO.LOP,13,16,0,0,0
LA>ME,ME.LO.LOP,13,17,0,0,0
LO,olfactory,13,13,0,0,0
LOP,LO.LOP,13,16,0,0,0
LOP,ME>LA,13,15,0,0,0
LOP>LO.ME,LO.LOP,13,18,0,0,0
ME.LO.LOP,bilateral,13,15,0,0,0
mAL,ALPN,13,14,0,0,0
pars_lateralis,ALPN,13,15,0,0,0
thermosensory,olfactory,13,14,0,0,0
ALIN,Kenyon_Cell,12,12,0,0,0
ALLN,gustatory,12,18,0,0,0
ALON,ALIN,12,13,0,0,0
ALPN,pars_lateralis,12,16,0,0,0
LHLN,MBON,12,14,0,0,0
LO.LOP,ME.LO,12,14,0,0,0
LO.LOP,ME>LOP.LO,12,13,0,0,0
LO>ME,LO.LOP,12,21,0,0,0
LOP>LO,LOP>ME,12,13,0,0,0
ME>LO,LOP>ME,12,13,0,0,0
bilateral,TuBu,12,18,0,0,0
optic_lobes,ME>LOP,12,55,5,1,0
pars_intercerebralis,CX,12,13,0,0,0
ALIN,mAL,11,11,0,0,0
ALON,mechanosensory,11,14,0,0,0
AN,LOP>ME.LO,11,13,0,0,0
CX,olfactory,11,12,0,0,0
LHLN,Kenyon_Cell,11,13,0,0,0
LOP>LO,ME.LO.LOP,11,14,0,0,0
LOP>ME,LOP>LO,11,16,1,0,0
ME>LOP.LO,LO.LOP,11,11,0,0,0
mAL,CX,11,14,0,0,0
CX,pars_lateralis,10,10,0,0,0
Kenyon_Cell,LHLN,10,11,0,0,0
LO>LOP,AN,10,10,0,0,0
LO>ME,AN,10,11,0,0,0
LOP,ME.LOP,10,10,0,0,0
ME.LO.LOP,LOP>LO,10,11,0,0,0
olfactory,ME>LO,10,10,0,0,0
olfactory,thermosensory,10,13,0,0,0
optic_lobes,ME.LO,10,17,0,0,0
thermosensory,ALIN,10,15,0,0,0
LA>ME,LOP,9,11,0,0,0
LO>LOP,ME.LOP,9,12,0,0,0
ME.LO,AN,9,9,0,0,0
ME.LOP,LOP>LO,9,12,0,0,0
TuBu,bilateral,9,10,0,0,0
gustatory,ALIN,9,10,0,0,0
hygrosensory,ALIN,9,9,0,0,0
olfactory,LO,9,10,0,0,0
visual,LOP>LO,9,12,0,0,0
ALON,CX,8,8,0,0,0
AN,TPN,8,10,0,0,0
CX,pars_intercerebralis,8,9,0,0,0
LA,[unannotated],8,9,0,0,0
LA>ME,ME>LOP,8,11,0,0,0
LO.LOP,LO>LOP,8,9,0,0,0
LOP>LO,ME.LOP,8,12,0,0,0
LOP>LO.ME,ME.LO.LOP,8,11,0,0,0
LOP>ME.LO,AN,8,8,0,0,0
MBON,olfactory,8,9,0,0,0
ME.LOP,LOP>ME.LO,8,8,0,0,0
ME>LO.LOP,LA,8,8,0,0,0
thermosensory,ALON,8,12,0,0,0
ALLN,mAL,7,8,0,0,0
ALON,gustatory,7,7,0,0,0
ALON,mAL,7,7,0,0,0
AN,LA>ME,7,7,0,0,0
CX,ALIN,7,7,0,0,0
LO,LA>ME,7,7,0,0,0
LOP>LO.ME,LOP>ME,7,7,0,0,0
LOP>ME,LO>ME,7,7,0,0,0
ME>LO,LA,7,8,0,0,0
olfactory,mechanosensory,7,7,0,0,0
optic_lobes,LOP>ME.LO,7,11,0,0,0
unknown_sensory,ALPN,7,8,0,0,0
AN,TuBu,6,7,0,0,0
CX,TPN,6,6,0,0,0
LA>ME,AN,6,6,0,0,0
LHCENT,MBIN,6,7,0,0,0
LO.LOP,ME>LOP,6,6,0,0,0
LOP,AN,6,11,0,0,0
LOP>ME,LOP>LO.ME,6,6,0,0,0
LOP>ME,ME.LO,6,6,0,0,0
LOP>ME.LO,ME.LOP,6,9,0,0,0
ME.LO.LOP,ME>LOP.LO,6,8,0,0,0
ME.LOP,bilateral,6,6,0,0,0
ME>LOP.LO,ME.LO.LOP,6,9,0,0,0
bilateral,LOP>ME,6,6,0,0,0
mAL,LO,6,6,0,0,0
ocellar,Kenyon_Cell,6,8,0,0,0
olfactory,CX,6,6,0,0,0
olfactory,gustatory,6,6,0,0,0
pars_intercerebralis,MBON,6,8,0,0,0
visual,LO,6,9,0,0,0
ALIN,hygrosensory,5,5,0,0,0
ALLN,CX,5,5,0,0,0
CX,ALON,5,5,0,0,0
LHLN,AN,5,5,0,0,0
LO,ALPN,5,5,0,0,0
LO.LOP,LOP,5,5,0,0,0
MBON,ALLN,5,5,0,0,0
ME.LO,LO.LOP,5,5,0,0,0
ME.LO.LOP,LOP>LO.ME,5,6,0,0,0
ME>LO.LOP,optic_lobes,5,5,0,0,0
TPN,olfactory,5,7,0,0,0
mAL,olfactory,5,5,0,0,0
mechanosensory,mAL,5,5,0,0,0
optic_lobes,LO,5,8,0,0,0
optic_lobes,LO>ME,5,5,0,0,0
pars_lateralis,Kenyon_Cell,5,5,0,0,0
ALIN,gustatory,4,4,0,0,0
ALPN,mechanosensory,4,4,0,0,0
CX,bilateral,4,4,0,0,0
LA,optic_lobes,4,9,1,0,0
LHLN,ME>LO,4,4,0,0,0
LOP>LO,LA>ME,4,4,0,0,0
LOP>ME,ME>LA,4,6,0,0,0
MBIN,LHCENT,4,5,0,0,0
ME.LO.LOP,LA>ME,4,8,0,0,0
ME.LOP,LO>LOP,4,5,0,0,0
ME>LA,ME.LOP,4,7,0,0,0
bilateral,LHLN,4,4,0,0,0
mechanosensory,pars_lateralis,4,6,0,0,0
olfactory,MBON,4,4,0,0,0
optic_lobes,LO>LOP,4,5,0,0,0
pars_lateralis,mechanosensory,4,4,0,0,0
unknown_sensory,pars_lateralis,4,4,0,0,0
visual,ME.LO.LOP,4,5,0,0,0
ALON,DAN,3,3,0,0,0
AN,Kenyon_Cell,3,3,0,0,0
CX,ALLN,3,4,0,0,0
DAN,bilateral,3,3,0,0,0
DAN,olfactory,3,3,0,0,0
Kenyon_Cell,ME>LO,3,3,0,0,0
LA,ME>LOP.LO,3,3,0,0,0
LHLN,ME>LA,3,3,0,0,0
LOP,visual,3,3,0,0,0
LOP>ME,ME>LOP.LO,3,5,0,0,0
MBIN,TuBu,3,3,0,0,0
ME>LA,LOP>ME,3,3,0,0,0
ME>LO,ALPN,3,8,1,0,0
ME>LO,Kenyon_Cell,3,3,0,0,0
ME>LOP,LA>ME,3,4,0,0,0
[unannotated],LA,3,4,0,0,0
bilateral,DAN,3,3,0,0,0
gustatory,pars_intercerebralis,3,3,0,0,0
ocellar,DAN,3,4,0,0,0
ocellar,pars_lateralis,3,3,0,0,0
pars_intercerebralis,gustatory,3,3,0,0,0
unknown_sensory,ALIN,3,4,0,0,0
unknown_sensory,ALLN,3,3,0,0,0
unknown_sensory,ALON,3,4,0,0,0
ALIN,thermosensory,2,3,0,0,0
ALLN,MBON,2,2,0,0,0
ALON,unknown_sensory,2,3,0,0,0
AN,ME>LOP.LO,2,3,0,0,0
DAN,LO>ME,2,2,0,0,0
Kenyon_Cell,ALIN,2,2,0,0,0
Kenyon_Cell,AN,2,2,0,0,0
Kenyon_Cell,LO,2,2,0,0,0
LHCENT,bilateral,2,2,0,0,0
LHLN,CX,2,2,0,0,0
LHLN,bilateral,2,2,0,0,0
LO,CX,2,2,0,0,0
LO,LOP>ME,2,2,0,0,0
LO>ME,LOP>ME,2,2,0,0,0
LOP,LA>ME,2,2,0,0,0
LOP>LO,visual,2,2,0,0,0
LOP>ME,bilateral,2,2,0,0,0
LOP>ME.LO,optic_lobes,2,3,0,0,0
MBIN,LHLN,2,4,0,0,0
MBIN,MBIN,2,4,0,0,0
MBON,ME>LO,2,2,0,0,0
ME,LHLN,2,2,0,0,0
ME.LO,ME.LOP,2,2,0,0,0
ME.LO,optic_lobes,2,3,0,0,0
ME.LO,visual,2,2,0,0,0
ME.LOP,LO>ME,2,2,0,0,0
ME.LOP,ME>LA,2,2,0,0,0
ME>LO,ALLN,2,2,0,0,0
ME>LOP,optic_lobes,2,2,0,0,0
TPN,AN,2,2,0,0,0
TPN,DAN,2,2,0,0,0
TPN,pars_intercerebralis,2,2,0,0,0
TuBu,ALPN,2,2,0,0,0
TuBu,MBON,2,2,0,0,0
bilateral,MBIN,2,2,0,0,0
bilateral,ME.LOP,2,2,0,0,0
mAL,ALON,2,2,0,0,0
mechanosensory,ALLN,2,2,0,0,0
mechanosensory,bilateral,2,2,0,0,0
ocellar,LO,2,4,0,0,0
ocellar,LO>ME,2,3,0,0,0
ocellar,ME>LO,2,2,0,0,0
olfactory,DAN,2,2,0,0,0
optic_lobes,LOP,2,2,0,0,0
optic_lobes,ME>LOP.LO,2,3,0,0,0
optic_lobes,optic_lobes,2,18,1,1,0
pars_intercerebralis,ALIN,2,3,0,0,0
pars_intercerebralis,ALPN,2,3,0,0,0
pars_intercerebralis,ocellar,2,2,0,0,0
pars_lateralis,LHLN,2,2,0,0,0
pars_lateralis,unknown_sensory,2,2,0,0,0
unknown_sensory,mAL,2,2,0,0,0
visual,AN,2,2,0,0,0
visual,ME.LOP,2,2,0,0,0
ALLN,mechanosensory,1,2,0,0,0
ALLN,unknown_sensory,1,1,0,0,0
ALON,LHCENT,1,1,0,0,0
ALON,MBON,1,1,0,0,0
ALON,hygrosensory,1,1,0,0,0
ALPN,LO,1,1,0,0,0
ALPN,ME>LO,1,1,0,0,0
ALPN,bilateral,1,1,0,0,0
ALPN,pars_intercerebralis,1,1,0,0,0
AN,LOP>LO,1,1,0,0,0
AN,LOP>LO.ME,1,1,0,0,0
AN,ME.LO.LOP,1,5,1,0,0
CX,LHLN,1,1,0,0,0
CX,LO,1,1,0,0,0
DAN,ALON,1,1,0,0,0
DAN,LO,1,1,0,0,0
DAN,ME.LO,1,1,0,0,0
DAN,ocellar,1,1,0,0,0
DAN,pars_lateralis,1,1,0,0,0
Kenyon_Cell,ALON,1,1,0,0,0
Kenyon_Cell,pars_lateralis,1,1,0,0,0
LA,LOP>LO,1,1,0,0,0
LA>ME,LOP>ME,1,1,0,0,0
LA>ME,LOP>ME.LO,1,1,0,0,0
LHCENT,ALON,1,1,0,0,0
LHCENT,LO,1,1,0,0,0
LHCENT,ME.LO,1,3,0,0,0
LHCENT,ME>LA,1,3,0,0,0
LHCENT,pars_lateralis,1,1,0,0,0
LO,DAN,1,1,0,0,0
LO,Kenyon_Cell,1,1,0,0,0
LO,LHLN,1,1,0,0,0
LO,MBIN,1,3,0,0,0
LO,MBON,1,1,0,0,0
LO.LOP,ME>LA,1,1,0,0,0
LO>LOP,optic_lobes,1,1,0,0,0
LO>ME,LHCENT,1,1,0,0,0
LO>ME,ME.LOP,1,1,0,0,0
LOP,ocellar,1,1,0,0,0
LOP>LO,AN,1,1,0,0,0
LOP>LO.ME,ME.LOP,1,1,0,0,0
LOP>ME,LOP>ME,1,1,0,0,0
LOP>ME.LO,LA>ME,1,1,0,0,0
MBIN,bilateral,1,1,0,0,0
MBIN,mAL,1,1,0,0,0
MBON,ALON,1,1,0,0,0
MBON,LO,1,1,0,0,0
MBON,bilateral,1,1,0,0,0
ME,LO.LOP,1,1,0,0,0
ME.LO,LOP>ME,1,1,0,0,0
ME.LO.LOP,AN,1,2,0,0,0
ME.LO.LOP,LO.LOP,1,1,0,0,0
ME.LO.LOP,ME.LO.LOP,1,1,0,0,0
ME.LO.LOP,visual,1,2,0,0,0
ME.LOP,LA>ME,1,1,0,0,0
ME.LOP,LOP>LO.ME,1,1,0,0,0
ME>LOP,visual,1,1,0,0,0
ME>LOP.LO,LA,1,1,0,0,0
ME>LOP.LO,ME.LOP,1,1,0,0,0
TPN,TPN,1,2,0,0,0
TPN,pars_lateralis,1,3,0,0,0
TuBu,AN,1,2,0,0,0
TuBu,MBIN,1,1,0,0,0
bilateral,ALPN,1,1,0,0,0
bilateral,LHCENT,1,1,0,0,0
bilateral,MBON,1,1,0,0,0
bilateral,mechanosensory,1,1,0,0,0
gustatory,CX,1,1,0,0,0
hygrosensory,AN,1,1,0,0,0
hygrosensory,MBON,1,1,0,0,0
mAL,ALIN,1,1,0,0,0
mAL,mechanosensory,1,1,0,0,0
mAL,unknown_sensory,1,1,0,0,0
mechanosensory,pars_intercerebralis,1,1,0,0,0
mechanosensory,thermosensory,1,1,0,0,0
ocellar,ALIN,1,1,0,0,0
ocellar,mechanosensory,1,1,0,0,0
ocellar,pars_intercerebralis,1,1,0,0,0
olfactory,LHCENT,1,1,0,0,0
optic_lobes,LOP>LO,1,1,0,0,0
pars_intercerebralis,ME>LO,1,1,0,0,0
pars_intercerebralis,TPN,1,1,0,0,0
pars_intercerebralis,mAL,1,1,0,0,0
pars_lateralis,bilateral,1,1,0,0,0
pars_lateralis,ocellar,1,1,0,0,0
thermosensory,AN,1,1,0,0,0
thermosensory,mechanosensory,1,1,0,0,0
visual,LO>ME,1,2,0,0,0
visual,LOP,1,5,1,0,0
