neuropil,princeton_only_directed_pair_region_keys,princeton_synapses,keys_ge_5,keys_on_pairs_ge_10
ME_L,893571,1142925,9000,2425
ME_R,829908,1037640,7242,2322
LO_L,432849,506749,707,12
LO_R,418512,493123,1086,71
GNG,322781,441341,4957,1303
LOP_L,208284,258984,866,11
LOP_R,195163,233518,463,12
MB_ML_L,164958,198053,322,35
MB_ML_R,161034,193073,289,23
AVLP_R,157273,184787,398,155
AVLP_L,141402,168052,479,289
SMP_R,120296,137272,185,38
SMP_L,118783,136751,256,49
SLP_L,107211,120043,110,50
SLP_R,104204,115444,79,34
SAD,93723,158948,4895,3139
PLP_L,93315,106950,130,52
PVLP_L,92476,113026,288,43
PLP_R,84161,96582,145,61
LH_L,82976,95335,213,73
CRE_L,82892,94568,111,37
CRE_R,82835,93203,46,15
FB,78245,96817,453,50
LH_R,71465,80519,143,46
SPS_R,69952,80716,128,54
AL_R,68940,98745,1215,288
AL_L,68287,96537,1143,380
PVLP_R,63921,77662,187,33
LA_R,62503,184752,6597,3256
SPS_L,57780,66405,114,59
IPS_L,52642,62357,245,165
IPS_R,43842,50676,123,69
MB_VL_R,42610,52097,174,10
ICL_R,42393,47507,49,40
ICL_L,42186,47271,51,43
SCL_R,39393,44476,60,50
SIP_L,39385,43999,37,29
LA_L,38684,109304,3639,1831
SCL_L,37974,42213,38,50
MB_PED_R,35731,45192,161,28
MB_PED_L,33902,44454,239,39
LAL_L,33454,39772,122,26
MB_VL_L,32991,39390,85,17
SIP_R,30476,33662,22,18
PRW,30110,35447,97,52
LAL_R,29092,34644,136,32
MB_CA_L,26893,29009,19,14
AMMC_L,25691,57616,2687,1838
WED_R,24653,27857,43,50
MB_CA_R,24312,26106,9,10
AMMC_R,23457,46987,1881,1074
IB_R,23300,26368,40,22
IB_L,22580,25808,34,22
VES_L,22139,25389,30,24
VES_R,21137,24018,38,28
WED_L,19492,22952,111,249
AOTU_L,19115,23823,61,8
UNASGD,18542,21232,48,190
AOTU_R,17609,21202,34,1
EB,15818,25359,574,111
FLA_R,14528,16197,9,13
FLA_L,12789,14354,11,8
GOR_L,9501,10887,32,21
NO,8656,11441,131,57
GOR_R,8514,9512,7,11
PB,8305,11857,196,23
ATL_L,6378,7039,10,7
EPA_L,6291,6991,14,12
ATL_R,5710,6380,8,3
EPA_R,4646,5168,11,8
OCG,2427,6060,277,94
AME_R,2231,2508,9,10
CAN_R,1956,2135,2,7
AME_L,1937,2235,7,13
CAN_L,1612,1842,9,17
GA_L,1408,1841,17,7
GA_R,683,784,3,4
BU_R,675,826,7,7
BU_L,566,851,15,7
