pre_root_id,post_root_id,original_synapse_count,original_neuropil_count,pre_cell_type,pre_cell_class,post_cell_type,post_cell_class
720575940620464321,720575940607155890,21,2,,MBON,,MBON
720575940630496374,720575940630500293,12,2,,MBON,,DAN
720575940628635497,720575940634616546,11,1,Tm2,ME>LO,L2,LA>ME
720575940620008758,720575940659799937,10,1,,LOP,VS4,
720575940628783363,720575940613583001,10,4,,MBON,,MBIN
720575940630496374,720575940622979277,10,3,,MBON,,MBON
720575940614026193,720575940625934094,9,2,,MBON,,MBIN
720575940617514550,720575940605899692,9,1,,,LT1d,
720575940618987600,720575940620107585,9,2,,,AN_AVLP_PVLP_3,AN
720575940626979621,720575940632129295,9,1,,ME>LO,Mi1,ME
720575940606953858,720575940613583001,8,1,,MBON,,MBIN
720575940608343620,720575940632189900,8,1,,,,
720575940609184523,720575940634612194,8,1,,LOP,LPi21,LOP
720575940609959637,720575940621828443,8,2,,MBON,,MBON
720575940613583001,720575940643966743,8,1,,MBIN,WED038b,
720575940613693842,720575940605899692,8,1,,,LT1d,
720575940625014535,720575940626246525,8,1,,,,
720575940626767612,720575940605899692,8,1,CB3830,LO,LT1d,
720575940627171870,720575940619227072,8,1,Tm2,ME>LO,L2,LA>ME
720575940627764497,720575940605899692,8,1,,,LT1d,
720575940628200551,720575940627981929,8,2,,,CB1340,
720575940628908548,720575940617355521,8,1,,ME>LO,Mi1,ME
720575940628908548,720575940644156872,8,1,,ME>LO,Tm1,ME>LO
720575940628908548,720575940650668153,8,1,,ME>LO,Mi1,ME
720575940629759787,720575940623073427,8,1,Tm1,ME>LO,L2,LA>ME
720575940606433410,720575940615868054,7,3,,,,
720575940609314825,720575940628075524,7,1,Mi10,ME,Mi4,ME
720575940611499673,720575940609258850,7,2,CB1920,,,
720575940613583001,720575940627015354,7,1,,MBIN,WED041a,
720575940613944994,720575940659437185,7,1,,,,
720575940618396609,720575940610256370,7,3,CB1236,,CB1236,
720575940619071646,720575940624973831,7,1,,,LT1d,
720575940619071646,720575940629933354,7,2,,,,
720575940619148829,720575940610739918,7,1,,,LT82a,
720575940620023686,720575940624955367,7,1,LT1a,,,
720575940620725926,720575940635565920,7,1,Tm2,ME>LO,L2,LA>ME
720575940622632831,720575940629488902,7,2,CB3843,ME,OA-AL2i3,
720575940622745853,720575940605899692,7,1,,,LT1d,
720575940624080920,720575940619967355,7,1,Pm2,ME,Pm1,ME
720575940624694503,720575940616312949,7,2,,MBON,,DAN
720575940626979621,720575940621643132,7,1,,ME>LO,Mi1,ME
720575940627913237,720575940636377207,7,1,Mi9,ME,T4b,ME>LOP
720575940628019906,720575940627736326,7,1,Mi9,ME,T4b,ME>LOP
720575940628120744,720575940622364854,7,1,LT82a,,LT1b,
720575940628618824,720575940618987600,7,1,,,,
720575940628742662,720575940620786342,7,1,L2,LA>ME,C3,ME>LA
720575940628908548,720575940604427552,7,1,,ME>LO,Mi1,ME
720575940628908548,720575940622209868,7,1,,ME>LO,Mi1,ME
720575940628908548,720575940624413001,7,1,,ME>LO,Tm1,ME>LO
720575940628908548,720575940625004981,7,1,,ME>LO,Mi1,ME
720575940628908548,720575940640674293,7,1,,ME>LO,Mi1,ME
720575940630075703,720575940628757547,7,2,,MBON,,MBON
720575940634612194,720575940613091290,7,1,LPi21,LOP,,bilateral
720575940634676916,720575940634894943,7,1,CB0766,,,
720575940635423386,720575940620390127,7,1,Mi9,ME,C3,ME>LA
720575940637394851,720575940605899692,7,1,,,LT1d,
720575940605899692,720575940618460857,6,1,LT1d,,CB3824,ME.LO
720575940605899692,720575940622066666,6,1,LT1d,,CB3830,LO
720575940608126338,720575940618159650,6,1,OCC01a,ocellar,ocellar retinula cell,visual
720575940611262357,720575940629839888,6,1,Tm2,ME>LO,L2,LA>ME
720575940611505102,720575940612863138,6,1,,,,
720575940612917362,720575940625522667,6,1,Mi9,ME,C3,ME>LA
720575940613583001,720575940609414468,6,1,,MBIN,,DAN
720575940614032690,720575940630380625,6,3,,,CB0747,
720575940614435178,720575940635684762,6,1,,,cL21,
720575940614609831,720575940631143724,6,1,Mi9,ME,C3,ME>LA
720575940614913698,720575940614390703,6,1,ocellar retinula cell,visual,ocellar retinula cell,visual
720575940616798779,720575940622702576,6,3,,,,
720575940616853365,720575940622331830,6,1,Tm5Y,ME>LO,CB3841,ME
720575940617316326,720575940626246525,6,1,,,,
720575940618517185,720575940608559964,6,1,Tm2,ME>LO,L2,LA>ME
720575940618835995,720575940613126835,6,1,LPT27,,VS2,
720575940620003451,720575940613818902,6,1,TmY14,,CB3818,ME.LO
720575940620023686,720575940627643691,6,1,LT1a,,,
720575940620625172,720575940635320986,6,1,Tm2,ME>LO,T1,ME>LA
720575940621010598,720575940631973187,6,1,Tm1,ME>LO,L2,LA>ME
720575940621060705,720575940613825650,6,1,,,,
720575940621064277,720575940640032163,6,1,C3,ME>LA,Mi4,ME
720575940621135275,720575940618554041,6,1,CB3817,ME,,ME
720575940621335899,720575940637550990,6,1,Mi9,ME,Dm12,ME
720575940621558762,720575940606648608,6,4,CB1675,,,
720575940622111073,720575940629460524,6,3,CB3792,,CB2821,
720575940622312965,720575940640703477,6,1,,,TmY20,LOP>LO
720575940622838154,720575940626013958,6,2,DNp01,,CB2327,
720575940622999688,720575940620464321,6,3,,,,MBON
720575940624381966,720575940633537823,6,1,,CX,CB.FB8D1,CX
720575940624437956,720575940606052012,6,1,Dm12,ME,Dm12,ME
720575940624590316,720575940623696647,6,2,,MBON,CB2730,DAN
720575940624694503,720575940634551959,6,1,,MBON,,DAN
720575940625474279,720575940620968021,6,1,CB3850,ME,CB3818,ME.LO
720575940625704752,720575940617572820,6,1,Mi9,ME,T4b,ME>LOP
720575940625870640,720575940628194647,6,1,DNg15,,BM_Ant,mechanosensory
720575940625972238,720575940618451129,6,1,Pm2,ME,Pm2,ME
720575940626000056,720575940620840175,6,1,aMe17a2,,Dm21,ME
720575940626242890,720575940634630240,6,1,Tm1,ME>LO,T1,ME>LA
720575940626365740,720575940626023568,6,1,Tm2,ME>LO,L2,LA>ME
720575940626979621,720575940613416744,6,1,,ME>LO,Mi1,ME
720575940626979621,720575940624532459,6,1,,ME>LO,C3,ME>LA
720575940626979621,720575940626575653,6,1,,ME>LO,C3,ME>LA
720575940626979621,720575940632238675,6,1,,ME>LO,Mi1,ME
720575940626979621,720575940632787816,6,1,,ME>LO,Mi1,ME
720575940626979621,720575940632932143,6,1,,ME>LO,Mi1,ME
720575940626979621,720575940643706784,6,1,,ME>LO,C3,ME>LA
720575940627053861,720575940629930690,6,1,Pm13,ME,,ME>LO
720575940627146283,720575940626909457,6,1,L4,LA>ME,Mi13,ME
720575940628113513,720575940628908548,6,1,TmY15,ME>LO.LOP,,ME>LO
720575940628165991,720575940636240247,6,1,Tm1,ME>LO,L2,LA>ME
720575940628734376,720575940631117586,6,1,,MBON,,DAN
720575940628813415,720575940628402258,6,1,Tm1,ME>LO,L2,LA>ME
720575940628875688,720575940613800470,6,1,Dm12,ME,Dm12,ME
720575940628908548,720575940605687729,6,1,,ME>LO,Mi1,ME
720575940628908548,720575940613152493,6,1,,ME>LO,Mi1,ME
720575940628908548,720575940614871215,6,1,,ME>LO,Mi1,ME
720575940628908548,720575940615991362,6,1,,ME>LO,Mi1,ME
720575940628908548,720575940616077930,6,1,,ME>LO,Mi1,ME
720575940628908548,720575940616404191,6,1,,ME>LO,C3,ME>LA
720575940628908548,720575940617916811,6,1,,ME>LO,Mi1,ME
720575940628908548,720575940618769969,6,1,,ME>LO,Mi1,ME
720575940628908548,720575940620375686,6,1,,ME>LO,C3,ME>LA
720575940628908548,720575940621613761,6,1,,ME>LO,C3,ME>LA
720575940628908548,720575940625249072,6,1,,ME>LO,Mi1,ME
720575940628908548,720575940626231068,6,1,,ME>LO,Mi1,ME
720575940628908548,720575940628573994,6,1,,ME>LO,Mi1,ME
720575940628908548,720575940629330882,6,1,,ME>LO,Mi1,ME
720575940628908548,720575940641947336,6,1,,ME>LO,Mi1,ME
720575940629046858,720575940644208840,6,1,Tm1,ME>LO,L2,LA>ME
720575940629209930,720575940629875499,6,1,TmY16,ME>LO.LOP,CB3818,ME.LO
720575940629597647,720575940613560994,6,1,,CX,,CX
720575940630038743,720575940632749794,6,4,CL070a,,CB2344,
720575940630751031,720575940625503527,6,1,OCG01d,ocellar,ocellar retinula cell,visual
720575940630775511,720575940622173790,6,1,Tm2,ME>LO,L2,LA>ME
720575940630810306,720575940625537061,6,1,LPi12,LOP,,LOP>LO.ME
720575940630964551,720575940620911837,6,1,Mi1,ME,Tm1,ME>LO
720575940631615545,720575940628307026,6,1,VSm,,Am1,LOP>ME.LO
720575940631838994,720575940628813415,6,1,Pm4,ME,Tm1,ME>LO
720575940632305036,720575940617982438,6,1,L5,LA>ME,Tm1,ME>LO
720575940632499757,720575940631312428,6,2,DNp01,,,
720575940632499757,720575940636539102,6,1,DNp01,,,
720575940632499757,720575940647358243,6,2,DNp01,,,
720575940633124252,720575940626979621,6,1,Tm2,ME>LO,,ME>LO
720575940633437176,720575940620014356,6,1,,CX,,CX
720575940633692823,720575940647882548,6,3,,,CB1958,
720575940633793325,720575940606471345,6,1,L1,LA>ME,R7,visual
720575940634499320,720575940624973831,6,1,,,LT1d,
720575940636972400,720575940629148007,6,1,VS8,,,
720575940637478207,720575940628910956,6,1,CB0624,,,
720575940638764403,720575940611344078,6,3,,,,MBON
720575940638900713,720575940638668878,6,2,,,CB1819,
720575940639654205,720575940620743046,6,1,Tm2,ME>LO,L2,LA>ME
720575940639663669,720575940627375375,6,1,L5,LA>ME,Tm1,ME>LO
720575940640338485,720575940623463756,6,1,CB3818,ME.LO,CB3856,ME
720575940604307936,720575940619121713,5,1,C3,ME>LA,Mi1,ME
720575940605180337,720575940639697827,5,2,KCab,Kenyon_Cell,,MBON
720575940605333169,720575940625556668,5,1,TmY14,,,
720575940605899692,720575940611886554,5,1,LT1d,,,
720575940607091979,720575940607512533,5,1,SLP162a,,SLP162b,
720575940607791113,720575940615421499,5,1,MeMe_e01,bilateral,MeTu1,
720575940609148937,720575940622516852,5,1,Dm20,ME,OA-AL2i1,
720575940609258850,720575940637250661,5,1,,,,
720575940609381897,720575940618830676,5,1,aMe17a1,,cM10,
720575940609390684,720575940631180599,5,1,CB3854,ME,OA-AL2i1,
720575940609667538,720575940635160218,5,1,CB3830,LO,CB3831,LO
720575940609826168,720575940623413173,5,2,CB3452,,CB1831,
720575940610422467,720575940612534641,5,1,Dm12,ME,Dm12,ME
720575940610962069,720575940628192220,5,1,AVLP435b,,CB3528,
720575940611062734,720575940628842472,5,2,TmY5a,ME>LO.LOP,T2,ME>LO
720575940611507057,720575940614278696,5,1,Pm2,ME,Pm2,ME
720575940612104290,720575940621183727,5,1,C3,ME>LA,Mi4,ME
720575940612379634,720575940627177491,5,1,Tm1,ME>LO,Mi1,ME
720575940612498346,720575940643980488,5,1,,,SLP288b,
720575940612646826,720575940627709775,5,1,Tm9,ME>LO,Tm2,ME>LO
720575940612683816,720575940618990689,5,1,C3,ME>LA,Mi4,ME
720575940612780657,720575940619655444,5,1,Pm2,ME,Pm1,ME
720575940613016538,720575940632740911,5,1,CB3830,LO,CB3830,LO
720575940613062106,720575940612506482,5,1,C3,ME>LA,Mi1,ME
720575940613074394,720575940617876953,5,1,Dm12,ME,Dm12,ME
720575940613253799,720575940640134077,5,1,Tm1,ME>LO,L2,LA>ME
720575940613411606,720575940632765288,5,1,L4,LA>ME,Dm12,ME
720575940613455057,720575940624859399,5,1,Tm2,ME>LO,L2,LA>ME
720575940613493733,720575940618922565,5,1,MeMe_e11,bilateral,Dm20,ME
720575940613508210,720575940614404970,5,1,Mi1,ME,TmY5a,ME>LO.LOP
720575940613686698,720575940618877012,5,1,,ME,CB3825,ME
720575940613818902,720575940622587980,5,1,CB3818,ME.LO,T2a,ME>LO
720575940614032690,720575940617065501,5,1,,,CB0747,
720575940614416746,720575940622292257,5,1,,,,
720575940614638759,720575940606846338,5,2,CB3846,LOP>ME.LO,Tlp4,LOP>LO
720575940614710509,720575940632465962,5,2,cML01,,CB3834,LO>ME
720575940615351995,720575940618310356,5,1,Pm1,ME,Pm2,ME
720575940615391638,720575940611711461,5,1,LT82a,,LC10a,
720575940615391638,720575940626983524,5,1,LT82a,,,LO
720575940615457698,720575940632176012,5,1,Tm1,ME>LO,C3,ME>LA
720575940615871238,720575940609792451,5,1,R1-6,visual,T1,ME>LA
720575940615933919,720575940638886628,5,1,,,T5a,LO>LOP
720575940616097093,720575940621595888,5,1,,CX,"CB.FB3,4A9",CX
720575940616159026,720575940605899692,5,1,CB3830,LO,LT1d,
720575940616171882,720575940625550823,5,1,,,CB3841,ME
720575940616201695,720575940613783277,5,1,,,,
720575940616300171,720575940650935673,5,1,CB3821,LO>ME,,LO
720575940616437021,720575940636481204,5,1,Mi9,ME,C3,ME>LA
720575940616551029,720575940626438738,5,2,,,,
720575940616629058,720575940626041240,5,3,,,,
720575940616877510,720575940633335597,5,1,CB3823,LO,,
720575940617194653,720575940629513222,5,1,Li2,LO,Am1,LOP>ME.LO
720575940617246097,720575940628504337,5,1,Tm2,ME>LO,T1,ME>LA
720575940617470681,720575940626997541,5,1,Tm2,ME>LO,T1,ME>LA
720575940617552340,720575940635356316,5,2,,MBON,,DAN
720575940618055508,720575940608343938,5,1,TmY18,ME>LO.LOP,Dm10,ME
720575940618082516,720575940620718040,5,1,,,LT1c,
720575940618237953,720575940619148829,5,1,,,,
720575940618342401,720575940612452978,5,1,Dm20,ME,L3,LA>ME
720575940618368185,720575940610311619,5,1,Dm12,ME,Dm12,ME
720575940618377521,720575940623265123,5,1,Tm1,ME>LO,T1,ME>LA
720575940618522433,720575940628579066,5,3,,,PVLP123c,
720575940618844465,720575940632535756,5,2,KCab,Kenyon_Cell,,MBON
720575940618858304,720575940635114394,5,1,Tm2,ME>LO,T1,ME>LA
720575940619071005,720575940626976522,5,1,,ALPN,,olfactory
720575940619209637,720575940620023686,5,1,,,LT1a,
720575940619231341,720575940613373667,5,1,Mi9,ME,C3,ME>LA
720575940619246677,720575940613139778,5,1,,,,
720575940619349077,720575940627343868,5,1,,,,
720575940619654053,720575940643439816,5,1,,,CB0414,
720575940619779444,720575940625728714,5,4,,,,
720575940619864047,720575940617318301,5,2,,,CB2197,
720575940619878961,720575940634230241,5,1,VS1,,CB3826,LOP
720575940619962417,720575940626248250,5,2,MeMe_e06,bilateral,,
720575940619991862,720575940625369884,5,1,LPi21,LOP,,
720575940620014356,720575940612734066,5,1,,CX,CB.FBTF0,CX
720575940620022174,720575940615188626,5,1,Dm4,ME,Dm12,ME
720575940620023686,720575940613627619,5,1,LT1a,,T2a,ME>LO
720575940620023686,720575940620435621,5,1,LT1a,,T2a,ME>LO
720575940620429648,720575940634612194,5,1,,LOP,LPi21,LOP
720575940620715224,720575940621617286,5,1,,MBON,,DAN
720575940620718040,720575940611886554,5,2,LT1c,,,
720575940621070430,720575940618455791,5,1,,,,
720575940621150061,720575940615596178,5,2,Tm5Y,ME>LO,Tm12,ME>LO
720575940621164720,720575940621216982,5,2,,MBON,,DAN
720575940621164720,720575940643700640,5,1,,MBON,,MBON
720575940621371045,720575940622696319,5,1,,,CB3840,LO
720575940621499270,720575940626729776,5,1,Pm2,ME,Pm1,ME
720575940621712500,720575940605899692,5,1,,,LT1d,
720575940621801819,720575940621646945,5,1,CB3827,ME,CB3847,ME
720575940622056624,720575940624234534,5,1,Tm2,ME>LO,TmY15,ME>LO.LOP
720575940622279629,720575940631295336,5,1,L5,LA>ME,Tm2,ME>LO
720575940622292257,720575940636922999,5,1,,,,
720575940622321953,720575940633829145,5,1,Mi9,ME,C3,ME>LA
720575940622591626,720575940626530953,5,1,CL128c,,CL128b,
720575940622614260,720575940624805378,5,2,R7,visual,Mi15,ME
720575940622624937,720575940623509173,5,1,,,CB3857,LOP
720575940622727901,720575940631867211,5,1,T5a,LO>LOP,Tm9,ME>LO
720575940622745853,720575940620718040,5,1,,,LT1c,
720575940622754053,720575940608468233,5,1,Pm1,ME,Pm4,ME
720575940622762677,720575940625550823,5,1,Tm5Y,ME>LO,CB3841,ME
720575940622838154,720575940625700739,5,1,DNp01,,,
720575940622983901,720575940624874388,5,1,Dm11,ME,Dm8,ME
720575940623178751,720575940620806336,5,1,T5c,LO>LOP,T5d,LO>LOP
720575940623271894,720575940622331830,5,1,,,CB3841,ME
720575940623425267,720575940610182724,5,1,L2,LA>ME,Mi4,ME
720575940623448004,720575940637448926,5,1,Mi9,ME,C3,ME>LA
720575940623509577,720575940618366843,5,1,CB1112,,,
720575940623573907,720575940612102618,5,1,Mi9,ME,T4b,ME>LOP
720575940623828371,720575940627107514,5,1,Tm1,ME>LO,T1,ME>LA
720575940623831271,720575940628110357,5,1,CB3857,LOP,Tlp6,LOP>LO
720575940624043817,720575940622050687,5,1,,ME,,ME
720575940624049147,720575940622955525,5,1,Tm2,ME>LO,L2,LA>ME
720575940624059332,720575940640282173,5,1,,ME,,ME
720575940624080920,720575940627279874,5,1,Pm2,ME,Pm1,ME
720575940624209288,720575940633268575,5,1,AOTUv3B_P02,,AOTUv3B_P01,
720575940624338056,720575940616583490,5,1,Dm17,ME,Dm6,ME
720575940624423677,720575940646494755,5,1,L5,LA>ME,Tm1,ME>LO
720575940624496740,720575940627171496,5,2,,,,
720575940624539284,720575940628400439,5,2,,MBON,KCab,Kenyon_Cell
720575940624547622,720575940609414468,5,2,,MBIN,,DAN
720575940624547622,720575940619893419,5,1,,MBIN,,DAN
720575940624578539,720575940620855431,5,1,Tm2,ME>LO,T1,ME>LA
720575940624590316,720575940633816857,5,1,,MBON,,DAN
720575940624590316,720575940636355685,5,1,,MBON,,DAN
720575940624859367,720575940619839056,5,1,Mi9,ME,T4d,ME>LOP
720575940625049781,720575940616293259,5,1,cL21,,CB3830,LO
720575940625157117,720575940612083240,5,4,,,,
720575940625458064,720575940631441145,5,2,LTe42b,,,
720575940625500734,720575940645885219,5,1,Pm2,ME,Pm1,ME
720575940625532659,720575940628200551,5,1,CB0813,,,
720575940625536696,720575940653566198,5,1,Pm1,ME,Pm2,ME
720575940626170149,720575940655837857,5,1,L3,LA>ME,R8,visual
720575940626246525,720575940603077600,5,1,,,,
720575940626246525,720575940624020624,5,1,,,,
720575940626284034,720575940632454969,5,1,Tm2,ME>LO,L2,LA>ME
720575940626310417,720575940644749984,5,1,Mi4,ME,Mi4,ME
720575940626415034,720575940634567393,5,1,T1,ME>LA,Tm1,ME>LO
720575940626511132,720575940625745808,5,1,Mi9,ME,C3,ME>LA
720575940626548234,720575940624206728,5,2,,Kenyon_Cell,,DAN
720575940626704228,720575940614606742,5,1,C3,ME>LA,Mi1,ME
720575940626725257,720575940635552111,5,1,Dm6,ME,Tm4,ME>LO
720575940626872932,720575940624989111,5,1,cM17,,CB3853,ME
720575940626979621,720575940607202057,5,1,,ME>LO,C3,ME>LA
720575940626979621,720575940610740394,5,1,,ME>LO,Mi1,ME
720575940626979621,720575940611361378,5,1,,ME>LO,Mi1,ME
720575940626979621,720575940619139382,5,1,,ME>LO,Tm1,ME>LO
720575940626979621,720575940623604149,5,1,,ME>LO,Mi1,ME
720575940626979621,720575940624177900,5,1,,ME>LO,Mi1,ME
720575940626979621,720575940625547909,5,1,,ME>LO,Mi1,ME
720575940626979621,720575940626049575,5,1,,ME>LO,C3,ME>LA
720575940626979621,720575940627174262,5,1,,ME>LO,Mi9,ME
720575940626979621,720575940632811112,5,1,,ME>LO,Mi1,ME
720575940626979621,720575940636293739,5,1,,ME>LO,Mi1,ME
720575940626979621,720575940637161013,5,1,,ME>LO,Mi1,ME
720575940626979621,720575940638023024,5,1,,ME>LO,C3,ME>LA
720575940626979621,720575940640562749,5,1,,ME>LO,Mi1,ME
720575940626979621,720575940643559972,5,1,,ME>LO,Tm1,ME>LO
720575940627291273,720575940623746771,5,1,Tm9,ME>LO,Tm2,ME>LO
720575940627307522,720575940626237370,5,1,Dm6,ME,Tm4,ME>LO
720575940627352638,720575940640422990,5,1,Pm2,ME,Pm1,ME
720575940627354255,720575940619154998,5,2,Y3,LOP>ME.LO,TmY20,LOP>LO
720575940627384709,720575940607458226,5,1,L3,LA>ME,CB3864,ME>LO
720575940627519619,720575940630716716,5,1,CB3831,LO,,
720575940627557202,720575940634581473,5,1,L3,LA>ME,R8,visual
720575940627586920,720575940635104151,5,1,Tm2,ME>LO,T1,ME>LA
720575940627741799,720575940610964946,5,2,,DAN,,MBON
720575940627972485,720575940619116096,5,1,OCG01d,ocellar,ocellar retinula cell,visual
720575940628038808,720575940614649139,5,1,cM15,,CB3847,ME
720575940628038808,720575940631408604,5,1,cM15,,MTe54,
720575940628125715,720575940638907108,5,1,DNg87,,AN_GNG_89,AN
720575940628179196,720575940650177145,5,1,L3,LA>ME,Mi4,ME
720575940628200551,720575940623219453,5,1,,,,
720575940628368489,720575940618041408,5,1,CB3850,ME,CB3850,ME
720575940628414407,720575940629742608,5,1,Mi10,ME,Dm20,ME
720575940628619202,720575940623200136,5,1,Dm10,ME,Lawf1,ME>LA
720575940628771436,720575940603235500,5,3,CB3599,,CB1122,
720575940628842236,720575940622357253,5,1,CB3844,ME,cM08b,
720575940628865644,720575940637320567,5,3,,,,
720575940628875688,720575940623770760,5,1,Dm12,ME,Dm4,ME
720575940628908548,720575940607154818,5,1,,ME>LO,Tm2,ME>LO
720575940628908548,720575940610315749,5,1,,ME>LO,Mi1,ME
720575940628908548,720575940610337234,5,1,,ME>LO,Mi1,ME
720575940628908548,720575940612779690,5,1,,ME>LO,Mi1,ME
720575940628908548,720575940613079932,5,1,,ME>LO,Mi1,ME
720575940628908548,720575940616072821,5,1,,ME>LO,Mi1,ME
720575940628908548,720575940616713778,5,1,,ME>LO,Mi1,ME
720575940628908548,720575940617476353,5,1,,ME>LO,Tm1,ME>LO
720575940628908548,720575940620044481,5,1,,ME>LO,Mi1,ME
720575940628908548,720575940622516504,5,1,,ME>LO,Mi1,ME
720575940628908548,720575940622620184,5,1,,ME>LO,Tm1,ME>LO
720575940628908548,720575940623110750,5,1,,ME>LO,Mi1,ME
720575940628908548,720575940623263501,5,1,,ME>LO,Mi1,ME
720575940628908548,720575940624595179,5,1,,ME>LO,Mi1,ME
720575940628908548,720575940624812808,5,1,,ME>LO,Mi1,ME
720575940628908548,720575940624872887,5,1,,ME>LO,Mi1,ME
720575940628908548,720575940624984368,5,1,,ME>LO,Mi1,ME
720575940628908548,720575940625807972,5,1,,ME>LO,Mi1,ME
720575940628908548,720575940626322647,5,1,,ME>LO,Mi1,ME
720575940628908548,720575940626328535,5,1,,ME>LO,Mi1,ME
720575940628908548,720575940628622844,5,1,,ME>LO,C3,ME>LA
720575940628908548,720575940629721130,5,1,,ME>LO,Mi1,ME
720575940628908548,720575940629959900,5,1,,ME>LO,Mi1,ME
720575940628908548,720575940631228613,5,1,,ME>LO,Tm1,ME>LO
720575940628908548,720575940631455995,5,1,,ME>LO,Tm2,ME>LO
720575940628908548,720575940632007992,5,1,,ME>LO,Tm2,ME>LO
720575940628908548,720575940633410335,5,1,,ME>LO,Mi1,ME
720575940628908548,720575940637535589,5,1,,ME>LO,Mi1,ME
720575940628908548,720575940637889139,5,1,,ME>LO,Mi1,ME
720575940628908548,720575940638789454,5,1,,ME>LO,Mi1,ME
720575940628908548,720575940642527707,5,1,,ME>LO,Mi1,ME
720575940628908548,720575940643881632,5,1,,ME>LO,Tm2,ME>LO
720575940628908548,720575940644645024,5,1,,ME>LO,C3,ME>LA
720575940628908548,720575940645965847,5,1,,ME>LO,Mi1,ME
720575940628908548,720575940647959172,5,1,,ME>LO,Mi1,ME
720575940629311452,720575940624931888,5,1,,,LT1b,
720575940629513222,720575940616085151,5,1,Am1,LOP>ME.LO,Tlp4,LOP>LO
720575940629672442,720575940629847707,5,1,Tm2,ME>LO,,LO
720575940629922245,720575940644762272,5,1,Tm2,ME>LO,L2,LA>ME
720575940629933354,720575940624973831,5,1,,,LT1d,
720575940629954872,720575940622732253,5,2,CB0877,,CB0902,
720575940629984155,720575940625065656,5,1,CB3817,ME,Mi10,ME
720575940630183163,720575940629403639,5,1,CB3857,LOP,CB3846,LOP>ME.LO
720575940630258380,720575940618947329,5,1,Pm1,ME,Pm2,ME
720575940630315514,720575940617219515,5,1,Pm2,ME,Pm2,ME
720575940630318533,720575940622996579,5,2,,,DNg40,
720575940630496374,720575940614991221,5,1,,MBON,,DAN
720575940630518743,720575940616943922,5,1,Pm4,ME,Pm1,ME
720575940630545367,720575940632436072,5,1,L3,LA>ME,Mi4,ME
720575940630657271,720575940640486488,5,5,,,DNge127,
720575940630753787,720575940615872780,5,1,Tm2,ME>LO,L2,LA>ME
720575940630852439,720575940625712688,5,2,,,,
720575940630881989,720575940617749538,5,1,KCab,Kenyon_Cell,,MBON
720575940630982139,720575940636870757,5,1,Tm1,ME>LO,T1,ME>LA
720575940631190016,720575940620949925,5,1,cM15,,Tm9,ME>LO
720575940631225083,720575940637518960,5,1,Tm1,ME>LO,L2,LA>ME
720575940631342551,720575940630919895,5,1,Pm2,ME,Pm2,ME
720575940631359668,720575940618180957,5,2,CB3846,LOP>ME.LO,Tlp4,LOP>LO
720575940631466783,720575940626128386,5,2,CB1566,,CB3610,
720575940631469610,720575940634691508,5,1,CB1231,,CB3865,
720575940631489398,720575940623504764,5,1,Tm2,ME>LO,L2,LA>ME
720575940631528566,720575940617238907,5,2,,,,
720575940631622393,720575940618159650,5,1,OCG01b,ocellar,ocellar retinula cell,visual
720575940631693610,720575940628579066,5,2,,,PVLP123c,
720575940631693610,720575940633483444,5,2,,,CB1538,
720575940631706105,720575940625550823,5,1,MTe32,,CB3841,ME
720575940631723973,720575940608545219,5,1,MTe13,,,
720575940631800120,720575940613118760,5,1,Mi9,ME,T4a,ME>LOP
720575940631840587,720575940610958290,5,1,Mi9,ME,C3,ME>LA
720575940632106959,720575940622357744,5,1,CB3850,ME,CB3847,ME
720575940632168760,720575940626702128,5,1,Mi9,ME,C2,ME>LA
720575940632437561,720575940621782911,5,1,CB3839,LO,CB3829,LO
720575940632459234,720575940627903484,5,1,,,,
720575940632525610,720575940620804289,5,1,Dm20,ME,CB3816,ME>LOP.LO
720575940632956589,720575940620587691,5,1,Mi9,ME,C3,ME>LA
720575940633860653,720575940613951016,5,1,CB3833,ME>LO,CB3849,ME
720575940634679191,720575940617689561,5,1,Tm9,ME>LO,T5d,LO>LOP
720575940634807708,720575940629040625,5,1,OCC01b,ocellar,ocellar retinula cell,visual
720575940635684762,720575940627249707,5,1,cL21,,CB3830,LO
720575940635834975,720575940619295983,5,1,Mi9,ME,T4d,ME>LOP
720575940635967118,720575940627796298,5,3,,,,
720575940636510053,720575940608317362,5,1,T4b,ME>LOP,T4c,ME>LOP
720575940637078106,720575940639182424,5,1,CB0007,,,
720575940637169015,720575940627704719,5,1,LPT45_dCal1,bilateral,T5a,LO>LOP
720575940637169015,720575940629370118,5,1,LPT45_dCal1,bilateral,,LOP
720575940638139364,720575940628284426,5,1,Tm1,ME>LO,L2,LA>ME
720575940638197070,720575940624973831,5,1,,,LT1d,
720575940638526278,720575940623905719,5,2,,MBON,,MBON
720575940638804345,720575940613855346,5,1,Tm2,ME>LO,L2,LA>ME
720575940639080164,720575940631530148,5,1,,,SLPpm3_S01,
720575940639149033,720575940653663905,5,1,CB3856,ME,Y3,LOP>ME.LO
720575940639579206,720575940622500592,5,1,L1,LA>ME,R7,visual
720575940640063805,720575940614504342,5,1,R7,visual,L1,LA>ME
720575940640158909,720575940626858698,5,1,Tm2,ME>LO,T1,ME>LA
720575940640175731,720575940623605981,5,1,CB3824,ME.LO,Pm2,ME
720575940641812699,720575940636950505,5,1,VS3,,,
720575940641947336,720575940650190713,5,1,Mi1,ME,Mi2,ME
720575940642523099,720575940617030329,5,1,CB3818,ME.LO,Pm1a,ME
720575940642889613,720575940624041924,5,1,Mi9,ME,C3,ME>LA
720575940643118733,720575940610075346,5,3,,,,
720575940643231117,720575940613302169,5,1,CB3822,LO>ME,LPT57,
720575940643283872,720575940627221071,5,2,,,CB1750,
720575940645402734,720575940632427603,5,1,,LOP,,
720575940645693988,720575940618609112,5,2,cMLLP01,,,
720575940647182371,720575940627247802,5,2,MeMe_e07,bilateral,,
720575940659599233,720575940605438398,5,2,Tm9,ME>LO,Tm2,ME>LO
