comparison_class,neuropil,directed_pair_region_keys,original_synapses,princeton_synapses,detector_count_delta
both_different_count,ME_R,1218774,6429893,8846552,2416659
both_different_count,ME_L,1177776,5658551,8261689,2603138
both_different_count,LO_L,599818,2495115,3342517,847402
both_different_count,LO_R,597012,2552490,3372552,820062
both_different_count,GNG,307368,2306263,3389758,1083495
both_different_count,LOP_R,296438,1359865,1862244,502379
both_different_count,LOP_L,224323,847719,1298062,450343
both_different_count,AVLP_R,214717,1565165,2011084,445919
both_different_count,AVLP_L,176826,1179770,1571829,392059
both_different_count,PVLP_L,128645,661343,910229,248886
both_different_count,SMP_R,120466,595095,747395,152300
both_different_count,SMP_L,113524,538536,686082,147546
both_different_count,FB,111341,681777,881034,199257
both_different_count,PLP_L,103563,505857,657016,151159
both_different_count,SLP_R,101428,416188,508983,92795
both_different_count,PVLP_R,99157,500602,659046,158444
both_different_count,SPS_R,90117,546198,712580,166382
both_different_count,PLP_R,89442,438161,551831,113670
both_different_count,SLP_L,86619,308241,404007,95766
both_different_count,AL_R,84529,627942,959636,331694
both_different_count,SAD,84475,382675,553222,170547
both_different_count,AL_L,83207,657608,966833,309225
both_different_count,LH_R,82706,444203,560808,116605
both_different_count,LH_L,79573,412787,537317,124530
both_different_count,SPS_L,73304,423679,564828,141149
both_different_count,MB_ML_L,63333,192870,277530,84660
both_different_count,IPS_L,60820,389148,531092,141944
both_different_count,IPS_R,56002,369828,488659,118831
both_different_count,MB_ML_R,52227,142381,215334,72953
both_different_count,CRE_L,50775,204140,273003,68863
both_different_count,ICL_R,50291,229991,287462,57471
both_different_count,CRE_R,50276,216822,281919,65097
both_different_count,LA_R,49276,237236,696149,458913
both_different_count,ICL_L,47887,209117,269229,60112
both_different_count,LAL_L,43843,348696,452628,103932
both_different_count,SCL_R,42141,155258,191786,36528
both_different_count,PRW,41646,268698,349982,81284
both_different_count,LAL_R,39987,347749,424642,76893
both_different_count,SCL_L,38262,137406,174775,37369
both_different_count,WED_R,33528,177051,221414,44363
both_different_count,SIP_L,32722,116212,154054,37842
both_different_count,SIP_R,32389,134443,161959,27516
both_different_count,MB_PED_L,30893,80098,115533,35435
both_different_count,VES_R,30534,217089,273103,56014
both_different_count,EB,30062,245030,339748,94718
both_different_count,VES_L,29997,201005,260316,59311
both_different_count,LA_L,28294,151897,501356,349459
both_different_count,MB_PED_R,27968,70858,99461,28603
both_different_count,WED_L,27700,139211,185712,46501
both_different_count,AOTU_R,26225,169057,219148,50091
both_different_count,AOTU_L,25409,145578,209390,63812
both_different_count,IB_R,24789,102148,140130,37982
both_different_count,MB_CA_L,23547,208170,254512,46342
both_different_count,IB_L,23520,91793,129076,37283
both_different_count,MB_VL_R,23004,70822,98562,27740
both_different_count,MB_CA_R,22834,181039,226813,45774
both_different_count,MB_VL_L,19679,54919,77148,22229
both_different_count,AMMC_R,18675,78468,134690,56222
both_different_count,FLA_R,18212,86410,110693,24283
both_different_count,AMMC_L,17639,74973,128900,53927
both_different_count,FLA_L,14970,64659,84635,19976
both_different_count,GOR_L,12040,47086,62025,14939
both_different_count,GOR_R,11916,46794,59811,13017
both_different_count,NO,11425,87845,128792,40947
both_different_count,PB,9760,54616,105489,50873
both_different_count,EPA_L,9277,35150,46250,11100
both_different_count,EPA_R,7517,29612,37632,8020
both_different_count,ATL_L,6369,22354,30474,8120
both_different_count,ATL_R,5631,20087,27820,7733
both_different_count,CAN_R,2684,9158,11949,2791
both_different_count,CAN_L,2189,8349,10915,2566
both_different_count,OCG,2027,9010,25506,16496
both_different_count,GA_L,1851,12238,15651,3413
both_different_count,AME_L,1543,7268,9520,2252
both_different_count,AME_R,1497,8627,10602,1975
both_different_count,GA_R,1070,7757,9001,1244
both_different_count,BU_R,950,8286,10094,1808
both_different_count,UNASGD,874,1561,2664,1103
both_different_count,BU_L,576,2924,4895,1971
both_same_count,ME_R,1082876,2071673,2071673,0
both_same_count,ME_L,960814,1744172,1744172,0
both_same_count,LO_R,638293,1175914,1175914,0
both_same_count,LO_L,622338,1128728,1128728,0
both_same_count,LOP_R,254836,473719,473719,0
both_same_count,AVLP_R,196492,392345,392345,0
both_same_count,GNG,193607,360976,360976,0
both_same_count,LOP_L,175460,291212,291212,0
both_same_count,SLP_R,157739,267360,267360,0
both_same_count,AVLP_L,153456,289700,289700,0
both_same_count,SMP_R,148684,265118,265118,0
both_same_count,SMP_L,137937,239090,239090,0
both_same_count,SLP_L,125452,196011,196011,0
both_same_count,PLP_L,119664,209314,209314,0
both_same_count,PLP_R,111758,198011,198011,0
both_same_count,PVLP_L,110955,200494,200494,0
both_same_count,LH_R,106938,192150,192150,0
both_same_count,LH_L,96244,165260,165260,0
both_same_count,PVLP_R,95302,178145,178145,0
both_same_count,FB,92405,191598,191598,0
both_same_count,SPS_R,87631,164966,164966,0
both_same_count,MB_ML_L,78516,104598,104598,0
both_same_count,SAD,73065,129718,129718,0
both_same_count,SPS_L,70699,130119,130119,0
both_same_count,CRE_R,67466,108538,108538,0
both_same_count,MB_ML_R,66479,85729,85729,0
both_same_count,SCL_R,65607,108520,108520,0
both_same_count,ICL_R,64697,114382,114382,0
both_same_count,CRE_L,63926,99246,99246,0
both_same_count,ICL_L,59214,102859,102859,0
both_same_count,SCL_L,57427,92076,92076,0
both_same_count,IPS_L,54473,99757,99757,0
both_same_count,IPS_R,52655,99146,99146,0
both_same_count,SIP_R,49148,83697,83697,0
both_same_count,AL_L,49055,94672,94672,0
both_same_count,AL_R,48248,91215,91215,0
both_same_count,SIP_L,43806,67433,67433,0
both_same_count,PRW,38100,76119,76119,0
both_same_count,LAL_L,37385,73778,73778,0
both_same_count,WED_R,36441,68690,68690,0
both_same_count,LAL_R,36387,80583,80583,0
both_same_count,MB_PED_R,30320,45683,45683,0
both_same_count,IB_R,30211,50308,50308,0
both_same_count,MB_PED_L,29210,44742,44742,0
both_same_count,VES_R,28966,57372,57372,0
both_same_count,VES_L,28403,54982,54982,0
both_same_count,IB_L,28207,45441,45441,0
both_same_count,WED_L,27911,50904,50904,0
both_same_count,MB_VL_R,24075,35049,35049,0
both_same_count,MB_VL_L,22032,31482,31482,0
both_same_count,FLA_R,21475,38904,38904,0
both_same_count,AOTU_R,21215,42506,42506,0
both_same_count,MB_CA_L,18573,48537,48537,0
both_same_count,FLA_L,18012,31819,31819,0
both_same_count,MB_CA_R,17779,44426,44426,0
both_same_count,LA_R,17514,32151,32151,0
both_same_count,AOTU_L,17174,32230,32230,0
both_same_count,GOR_R,15579,26622,26622,0
both_same_count,GOR_L,15034,25436,25436,0
both_same_count,EB,12564,35076,35076,0
both_same_count,EPA_L,12126,20299,20299,0
both_same_count,AMMC_L,11893,20601,20601,0
both_same_count,AMMC_R,11815,20989,20989,0
both_same_count,EPA_R,9387,15829,15829,0
both_same_count,LA_L,8858,14632,14632,0
both_same_count,ATL_L,8659,13334,13334,0
both_same_count,NO,8223,14009,14009,0
both_same_count,ATL_R,7767,11942,11942,0
both_same_count,PB,4775,7938,7938,0
both_same_count,CAN_R,3539,5797,5797,0
both_same_count,CAN_L,2672,4554,4554,0
both_same_count,AME_R,1822,3284,3284,0
both_same_count,AME_L,1806,3100,3100,0
both_same_count,GA_L,1750,3345,3345,0
both_same_count,GA_R,1170,2275,2275,0
both_same_count,UNASGD,1116,1313,1313,0
both_same_count,BU_R,843,1531,1531,0
both_same_count,BU_L,654,1045,1045,0
both_same_count,OCG,371,619,619,0
original_only,ME_R,297240,319974,0,-319974
original_only,ME_L,288223,309680,0,-309680
original_only,LO_L,158588,169043,0,-169043
original_only,LO_R,140567,148907,0,-148907
original_only,LOP_R,62608,67525,0,-67525
original_only,LOP_L,47622,50758,0,-50758
original_only,GNG,43533,45974,0,-45974
original_only,AVLP_R,41027,43347,0,-43347
original_only,SLP_L,38725,40701,0,-40701
original_only,AVLP_L,38443,40551,0,-40551
original_only,SLP_R,37550,39480,0,-39480
original_only,SMP_L,36560,38954,0,-38954
original_only,SMP_R,35902,38120,0,-38120
original_only,PVLP_L,31266,33778,0,-33778
original_only,PLP_L,29518,31152,0,-31152
original_only,PLP_R,27102,28614,0,-28614
original_only,LH_R,26913,28300,0,-28300
original_only,MB_ML_L,26248,27953,0,-27953
original_only,PVLP_R,23943,25852,0,-25852
original_only,LH_L,23398,24426,0,-24426
original_only,FB,22565,24391,0,-24391
original_only,MB_ML_R,21102,22312,0,-22312
original_only,SPS_R,19541,20713,0,-20713
original_only,CRE_L,17834,18851,0,-18851
original_only,CRE_R,16257,17075,0,-17075
original_only,SCL_R,16093,16965,0,-16965
original_only,ICL_R,15605,16567,0,-16567
original_only,ICL_L,15051,15951,0,-15951
original_only,SCL_L,14881,15675,0,-15675
original_only,SPS_L,14655,15453,0,-15453
original_only,SAD,14246,15015,0,-15015
original_only,SIP_L,12691,13395,0,-13395
original_only,IPS_L,11209,11791,0,-11791
original_only,IPS_R,10730,11287,0,-11287
original_only,SIP_R,10638,11148,0,-11148
original_only,LAL_L,9246,9822,0,-9822
original_only,LAL_R,8722,9310,0,-9310
original_only,WED_R,8418,8939,0,-8939
original_only,MB_PED_L,8046,8674,0,-8674
original_only,AL_R,7835,8294,0,-8294
original_only,AL_L,7784,8262,0,-8262
original_only,MB_VL_R,7559,8096,0,-8096
original_only,VES_L,7294,7778,0,-7778
original_only,MB_PED_R,7244,7765,0,-7765
original_only,VES_R,7208,7706,0,-7706
original_only,MB_VL_L,7137,7650,0,-7650
original_only,PRW,7128,7516,0,-7516
original_only,MB_CA_L,6318,6514,0,-6514
original_only,WED_L,5693,5976,0,-5976
original_only,IB_R,5487,5759,0,-5759
original_only,IB_L,4733,4932,0,-4932
original_only,MB_CA_R,4718,4914,0,-4914
original_only,AOTU_L,4341,4671,0,-4671
original_only,LA_R,4043,4345,0,-4345
original_only,AOTU_R,3832,4040,0,-4040
original_only,FLA_R,3698,3839,0,-3839
original_only,GOR_L,3531,3736,0,-3736
original_only,GOR_R,3256,3464,0,-3464
original_only,FLA_L,2975,3099,0,-3099
original_only,EPA_L,2641,2775,0,-2775
original_only,LA_L,2422,2641,0,-2641
original_only,EB,2404,2608,0,-2608
original_only,AMMC_L,2310,2437,0,-2437
original_only,AMMC_R,2199,2336,0,-2336
original_only,EPA_R,2144,2257,0,-2257
original_only,ATL_L,1933,2038,0,-2038
original_only,NO,1928,2050,0,-2050
original_only,ATL_R,1636,1718,0,-1718
original_only,UNASGD,1203,1311,0,-1311
original_only,PB,726,752,0,-752
original_only,AME_L,593,633,0,-633
original_only,AME_R,562,613,0,-613
original_only,CAN_R,551,585,0,-585
original_only,CAN_L,442,465,0,-465
original_only,OCG,292,401,0,-401
original_only,GA_L,268,280,0,-280
original_only,GA_R,236,251,0,-251
original_only,BU_R,196,212,0,-212
original_only,BU_L,116,128,0,-128
princeton_only,ME_L,909716,0,1166139,1166139
princeton_only,ME_R,845784,0,1059413,1059413
princeton_only,LO_L,454123,0,532865,532865
princeton_only,LO_R,440993,0,520806,520806
princeton_only,GNG,346017,0,476007,476007
princeton_only,LOP_L,222398,0,276597,276597
princeton_only,LOP_R,208352,0,249465,249465
princeton_only,MB_ML_L,184649,0,224394,224394
princeton_only,MB_ML_R,179838,0,218256,218256
princeton_only,AVLP_R,176401,0,209582,209582
princeton_only,AVLP_L,158781,0,191488,191488
princeton_only,SMP_R,137960,0,159328,159328
princeton_only,SMP_L,136213,0,158845,158845
princeton_only,SLP_L,121084,0,137115,137115
princeton_only,SLP_R,117502,0,131492,131492
princeton_only,SAD,117433,0,196949,196949
princeton_only,PLP_L,115702,0,135249,135249
princeton_only,PVLP_L,112547,0,139029,139029
princeton_only,PLP_R,103887,0,121311,121311
princeton_only,CRE_L,102376,0,119773,119773
princeton_only,CRE_R,99756,0,114603,114603
princeton_only,LH_L,91561,0,105797,105797
princeton_only,SPS_R,87153,0,103099,103099
princeton_only,FB,81112,0,100618,100618
princeton_only,PVLP_R,80100,0,98047,98047
princeton_only,LH_R,79363,0,90061,90061
princeton_only,SPS_L,73146,0,86613,86613
princeton_only,AL_R,72733,0,104003,104003
princeton_only,AL_L,71435,0,101055,101055
princeton_only,LA_R,70762,0,222150,222150
princeton_only,IPS_L,63309,0,77051,77051
princeton_only,ICL_R,55876,0,64120,64120
princeton_only,ICL_L,55869,0,64241,64241
princeton_only,SCL_R,54946,0,63444,63444
princeton_only,MB_VL_R,54116,0,67029,67029
princeton_only,SIP_L,53832,0,61668,61668
princeton_only,IPS_R,53818,0,63961,63961
princeton_only,SCL_L,52160,0,59590,59590
princeton_only,MB_PED_R,45921,0,59018,59018
princeton_only,MB_VL_L,45523,0,55752,55752
princeton_only,MB_PED_L,44321,0,59043,59043
princeton_only,LA_L,42933,0,123992,123992
princeton_only,LAL_L,41434,0,50121,50121
princeton_only,SIP_R,41038,0,46296,46296
princeton_only,PRW,37266,0,45384,45384
princeton_only,LAL_R,35384,0,42789,42789
princeton_only,WED_R,32750,0,38083,38083
princeton_only,MB_CA_L,31411,0,34371,34371
princeton_only,IB_R,31181,0,36514,36514
princeton_only,AMMC_L,30933,0,67512,67512
princeton_only,IB_L,30778,0,36415,36415
princeton_only,VES_L,29541,0,35062,35062
princeton_only,VES_R,28758,0,33733,33733
princeton_only,AMMC_R,28441,0,56138,56138
princeton_only,MB_CA_R,28076,0,30566,30566
princeton_only,WED_L,27810,0,33992,33992
princeton_only,UNASGD,22800,0,26651,26651
princeton_only,AOTU_L,21117,0,26506,26506
princeton_only,FLA_R,19865,0,22874,22874
princeton_only,AOTU_R,19527,0,23648,23648
princeton_only,EB,17862,0,28257,28257
princeton_only,FLA_L,17720,0,20574,20574
princeton_only,GOR_L,13959,0,16565,16565
princeton_only,GOR_R,13009,0,15068,15068
princeton_only,NO,10541,0,14332,14332
princeton_only,EPA_L,10128,0,11756,11756
princeton_only,PB,9626,0,13451,13451
princeton_only,ATL_L,9251,0,10688,10688
princeton_only,ATL_R,8332,0,9729,9729
princeton_only,EPA_R,7548,0,8765,8765
princeton_only,CAN_R,3191,0,3620,3620
princeton_only,AME_R,2917,0,3297,3297
princeton_only,AME_L,2611,0,3075,3075
princeton_only,CAN_L,2503,0,2957,2957
princeton_only,OCG,2456,0,6108,6108
princeton_only,GA_L,2064,0,2798,2798
princeton_only,BU_R,1118,0,1435,1435
princeton_only,GA_R,1060,0,1264,1264
princeton_only,BU_L,941,0,1343,1343
