source,literal_neuropil,pair_region_rows,synapse_count
original,AL_L,140046,760542
original,AL_R,140612,727451
original,AME_L,3942,11001
original,AME_R,3881,12524
original,AMMC_L,31842,98011
original,AMMC_R,32689,101793
original,AOTU_L,46924,182479
original,AOTU_R,51272,215603
original,ATL_L,16961,37726
original,ATL_R,15034,33747
original,AVLP_L,368725,1510021
original,AVLP_R,452236,2000857
original,BU_L,1346,4097
original,BU_R,1989,10029
original,CAN_L,5303,13368
original,CAN_R,6774,15540
original,CRE_L,132535,322237
original,CRE_R,133999,342435
original,EB,45030,282714
original,EPA_L,24044,58224
original,EPA_R,19048,47698
original,FB,226311,897766
original,FLA_L,35957,99577
original,FLA_R,43385,129153
original,GA_L,3869,15863
original,GA_R,2476,10283
original,GNG,544508,2713213
original,GOR_L,30605,76258
original,GOR_R,30751,76880
original,IB_L,56460,142166
original,IB_R,60487,158215
original,ICL_L,122152,327927
original,ICL_R,130593,360940
original,IPS_L,126502,500696
original,IPS_R,119387,480261
original,LAL_L,90474,432296
original,LAL_R,85096,437642
original,LA_L,39574,169170
original,LA_R,70833,273732
original,LH_L,199215,602473
original,LH_R,216557,664653
original,LOP_L,447405,1189689
original,LOP_R,613882,1901109
original,LO_L,1380744,3792886
original,LO_R,1375872,3877311
original,MB_CA_L,48438,263221
original,MB_CA_R,45331,230379
original,MB_ML_L,168097,325421
original,MB_ML_R,139808,250422
original,MB_PED_L,68149,133514
original,MB_PED_R,65532,124306
original,MB_VL_L,48848,94051
original,MB_VL_R,54638,113967
original,ME_L,2426813,7712403
original,ME_R,2598890,8821540
original,NO,21576,103904
original,OCG,2690,10030
original,PB,15261,63306
original,PLP_L,252745,746323
original,PLP_R,228302,664786
original,PRW,86874,352333
original,PVLP_L,270866,895615
original,PVLP_R,218402,704599
original,SAD,171786,527408
original,SCL_L,110570,245157
original,SCL_R,123841,280743
original,SIP_L,89219,197040
original,SIP_R,92175,229288
original,SLP_L,250796,544953
original,SLP_R,296717,723028
original,SMP_L,288021,816580
original,SMP_R,305052,898333
original,SPS_L,158658,569251
original,SPS_R,197289,731877
original,UNASGD,3193,4185
original,VES_L,65694,263765
original,VES_R,66708,282167
original,WED_L,61304,196091
original,WED_R,78387,254680
princeton,AL_L,203697,1162560
princeton,AL_R,205510,1154854
princeton,AME_L,5960,15695
princeton,AME_R,6236,17183
princeton,AMMC_L,60465,217013
princeton,AMMC_R,58931,211817
princeton,AOTU_L,63700,268126
princeton,AOTU_R,66967,285302
princeton,ATL_L,24279,54496
princeton,ATL_R,21730,49491
princeton,AVLP_L,489063,2053017
princeton,AVLP_R,587610,2613011
princeton,BU_L,2171,7283
princeton,BU_R,2911,13060
princeton,CAN_L,7364,18426
princeton,CAN_R,9414,21366
princeton,CRE_L,217077,492022
princeton,CRE_R,217498,505060
princeton,EB,60488,403081
princeton,EPA_L,31531,78305
princeton,EPA_R,24452,62226
princeton,FB,284858,1173250
princeton,FLA_L,50702,137028
princeton,FLA_R,59552,172471
princeton,GA_L,5665,21794
princeton,GA_R,3300,12540
princeton,GNG,846992,4226741
princeton,GOR_L,41033,104026
princeton,GOR_R,40504,101501
princeton,IB_L,82505,210932
princeton,IB_R,86181,226952
princeton,ICL_L,162970,436329
princeton,ICL_R,170864,465964
princeton,IPS_L,178602,707900
princeton,IPS_R,162475,651766
princeton,LAL_L,122662,576527
princeton,LAL_R,111758,548014
princeton,LA_L,80085,639980
princeton,LA_R,137552,950450
princeton,LH_L,267378,808374
princeton,LH_R,269007,843019
princeton,LOP_L,622181,1865871
princeton,LOP_R,759626,2585428
princeton,LO_L,1676279,5004110
princeton,LO_R,1676298,5069272
princeton,MB_CA_L,73531,337420
princeton,MB_CA_R,68689,301805
princeton,MB_ML_L,326498,606522
princeton,MB_ML_R,298544,519319
princeton,MB_PED_L,104424,219318
princeton,MB_PED_R,104209,204162
princeton,MB_VL_L,87234,164382
princeton,MB_VL_R,101195,200640
princeton,ME_L,3048306,11172000
princeton,ME_R,3147434,11977638
princeton,NO,30189,157133
princeton,OCG,4854,32233
princeton,PB,24161,126878
princeton,PLP_L,338929,1001579
princeton,PLP_R,305087,871153
princeton,PRW,117012,471485
princeton,PVLP_L,352147,1249752
princeton,PVLP_R,274559,935238
princeton,SAD,274973,879889
princeton,SCL_L,147849,326441
princeton,SCL_R,162694,363750
princeton,SIP_L,130360,283155
princeton,SIP_R,122575,291952
princeton,SLP_L,333155,737133
princeton,SLP_R,376669,907835
princeton,SMP_L,387674,1084017
princeton,SMP_R,407110,1171841
princeton,SPS_L,217149,781560
princeton,SPS_R,264901,980645
princeton,UNASGD,24790,30628
princeton,VES_L,87941,350360
princeton,VES_R,88258,364208
princeton,WED_L,83421,270608
princeton,WED_R,102719,328187
