pre_cell_type,post_cell_type,directed_pairs,princeton_synapses,pairs_ge_5,pairs_ge_10,pairs_ge_20
R1-6,L3,1513,24037,1264,1025,524
R1-6,Am,3514,28271,1287,999,580
[unannotated],[unannotated],1172700,1487384,8347,926,182
R1-6,L2,1300,39972,797,790,790
R7,Dm8,3724,23527,1749,718,183
R1-6,L1,829,26332,660,657,649
R8,Mi4,843,10634,497,406,276
R8,R7,378,6939,325,306,170
R7,MeTu3,1536,8718,766,272,20
JO-A,[unannotated],1542,8311,458,250,95
R8,Mi15,773,5764,391,216,70
L1,L2,756,4797,473,184,2
R7,Dm11,963,5101,427,174,10
R8,L1,685,4805,498,171,3
R8,Dm2,619,4179,315,168,30
R1-6,T1,3883,15272,1274,167,5
R7,R8,453,3627,341,138,17
L3,Dm4,170,2220,160,128,20
JO-B,CB1078,551,3676,280,123,35
L2,L1,676,3777,366,115,2
R8,Mi1,289,2167,180,112,4
L2,L4,1794,8815,960,98,1
R7,[unannotated],2688,6828,357,95,18
L4,L2,713,3657,370,94,0
R7,Dm9,778,4182,227,93,54
R8,[unannotated],1357,4066,260,81,5
JO-E,[unannotated],1621,4680,283,80,10
JO-B,[unannotated],1605,4609,288,80,6
T1,L2,236,1617,127,76,6
Am,T1,425,2329,211,75,7
R8,Dm9,659,4030,191,74,39
R8,Tm20,269,1759,143,72,10
R7,CB3852,487,2208,179,68,2
R7,L3,658,3553,379,67,0
R8,Tm5c,963,3457,249,59,3
JO-B,CB2556,226,1548,94,58,23
JO-B,CB1542,277,1699,146,57,7
R8,Mi9,639,2934,243,56,9
R7,Dm2,810,3075,260,52,5
R8,Dm11,793,2723,144,46,12
R7,Tm5a,359,1561,107,45,8
R8,L3,824,3631,353,43,0
JO-B,CB3719,134,963,81,42,2
L3,Dm12,472,1674,110,39,5
JO-EVM,CB1622,109,912,65,36,9
JO-EVM,[unannotated],476,1723,121,35,4
JO-E,CB1231,473,1601,111,32,3
L3,Tm5c,316,1175,79,30,4
JO-A,CB0307,46,829,40,30,15
R7,Tm20,441,1257,77,29,0
L1-3,L1-3,314,1369,119,28,0
JO-C,[unannotated],261,946,58,28,5
JO-A,CB0591,60,818,41,28,15
R7,Mi15,781,2398,151,27,5
JO-B,CB2162,160,799,69,27,1
JO-A,DNg29,53,762,32,27,13
JO-A,CB1538,110,681,51,27,4
JO-B,CB1075,189,942,72,26,5
JO-A,DNg24,71,770,38,26,13
JO-EV,[unannotated],318,1093,78,25,0
JO-B,CB1076,238,1030,78,25,3
JO-E,CB0980,231,977,70,25,3
JO-EVM,CB1394,148,753,63,25,2
JO-A,CB0956,90,707,55,25,6
L3,Dm3,1960,3942,159,24,0
R8,CB3833,740,2420,174,24,0
JO-E,CB1125,198,871,52,24,5
JO-A,DNge130,41,716,30,24,14
JO-A,CB1817b,43,950,31,23,16
JO-E,CB1038,149,663,36,22,7
T1,L3,859,2954,226,21,0
L2,Tm4,640,1546,73,21,3
JO-mz,[unannotated],404,1169,69,21,1
JO-B,CB1425,137,750,62,21,4
JO-B,CB2034,163,740,57,21,4
JO-EVL,CB1125,73,552,33,21,10
JO-B,CB1136,98,534,43,21,2
JO-EVM,CB2664,60,416,33,21,2
JO-B,CB2664,196,821,70,20,0
JO-A,CB1231,153,656,46,20,4
JO-A,CB0104,74,649,49,20,6
JO-B,CB0478,85,555,40,20,5
JO-A,CB2364,87,549,40,20,4
R7,Mi4,699,1768,59,19,11
JO-B,CB1427,251,993,83,19,0
JO-A,CB1817a,50,798,30,19,13
JO-E,CB1622,173,764,55,19,5
JO-E,CB1394,163,753,58,19,2
L2,Dm6,92,529,45,19,2
Am,L3,355,1537,149,18,0
JO-EVL,[unannotated],216,724,53,18,1
JO-B,CB2153,150,623,41,18,4
JO-B,CB1280,109,607,50,18,4
JO-EVM,CB0980,133,592,46,18,1
JO-E,DNg29,44,374,28,18,4
ocellar retinula cell,[unannotated],266,978,70,17,1
L2,Dm19,247,918,74,17,0
JO-B,CB1038,161,706,52,17,4
JO-B,DNge145,127,622,41,17,4
JO-E,CB0404,41,364,22,17,7
R1-6,L1-3,147,471,22,16,4
JO-A,DNp01,23,457,17,16,13
L3,C3,243,868,70,15,0
JO-E,DNge091,136,551,36,15,4
JO-F,CB1231,159,508,32,15,0
JO-E,CB3437,100,455,35,15,1
JO-E,CB0478,46,399,21,15,7
L3,Tm20,507,1144,27,14,6
s-LNv_a,[unannotated],350,797,32,14,1
JO-E,CB3275,190,752,62,14,1
JO-A,AN_multi_33,61,624,25,14,13
JO-A,DNg09,76,429,36,14,1
JO-E,CB3746,67,409,39,14,1
JO-E,DNbe001,59,370,28,14,4
ocellar retinula cell,OCG01b,34,355,18,14,8
R7,Mi9,692,1915,107,13,1
JO-FDA,[unannotated],169,516,30,13,1
JO-EVM,CB3275,67,394,32,13,1
ocellar retinula cell,OCG01f,46,305,26,13,2
JO-B,CB0517,37,282,16,13,4
R1-6,R1-6,9748,15628,262,12,0
T1,Tm20,649,2238,177,12,0
L3,T1,632,2162,174,12,0
R7,MeTu2,197,719,56,12,1
JO-EDM,[unannotated],227,630,36,12,1
JO-CM,[unannotated],155,512,30,12,1
JO-A,CB2824,57,362,20,12,5
JO-B,CB2521,80,344,20,12,0
JO-mz,DNge091,64,335,22,12,3
JO-A,PVLP123a,59,318,33,12,0
Lat,Lat,33,300,20,12,3
JO-EVL,CB0980,48,295,27,12,1
ocellar retinula cell,OCG01a,38,284,19,12,3
JO-E,CB0451,43,274,15,12,4
JO-E,CB2067,49,229,17,12,2
[unannotated],lLN2X04,1151,1773,31,11,0
L3,Mi9,787,1623,36,11,7
R7,L1,690,1444,59,11,0
JO-E,CB1076,94,445,31,11,1
JO-CA,[unannotated],99,406,28,11,2
ocellar retinula cell,OCG02b,74,342,27,11,0
JO-B,DNg29,56,333,21,11,4
JO-E,CB0091,50,304,15,11,5
L3,Tm9,255,548,15,10,6
R1-6,L5,233,548,23,10,4
JO-B,CB1455,117,489,40,10,3
JO-B,CB2380,121,459,36,10,0
JO-E,CB3320,82,430,28,10,5
JO-B,DNp01,75,385,25,10,3
JO-mz,CB1231,79,378,29,10,0
JO-A,CB3105,70,363,16,10,5
JO-E,CB3200,87,336,24,10,0
JO-A,CB1143,60,258,15,10,2
ocellar retinula cell,OCG01e,28,247,15,10,4
JO-E,DNp73,20,235,12,10,6
JO-CA,CB3673,13,166,12,10,1
T2a,[unannotated],9453,12283,91,9,0
JO-E,DNg106,335,893,52,9,0
JO-E,CB0958,264,749,51,9,0
[unannotated],v2LN40_2,179,496,34,9,0
JO-A,CB0264,65,362,38,9,0
JO-A,CB0255,36,338,14,9,3
JO-A,DNp55,34,286,13,9,6
JO-EVM,CB3533,38,240,22,9,1
JO-B,CB0758,59,236,19,9,0
BM_Taste,DNg37,25,223,12,9,2
JO-EVM,CB0404,15,214,15,9,4
JO-EV,CB1076,29,204,13,9,2
JO-B,JO-B,1194,1999,35,8,3
R8,CB3852,195,545,35,8,0
JO-E,DNg07,156,490,36,8,0
JO-A,CB0261,69,412,30,8,2
JO-A,CB0443,30,389,12,8,7
JO-E,DNg08_a,121,367,24,8,0
ocellar retinula cell,OCG02a,84,353,24,8,0
JO-EVM,CB3200,46,278,25,8,1
R8,Dm8,72,259,15,8,1
JO-EVM,CB0451,21,223,15,8,4
JO-E,CB0344,45,219,11,8,2
JO-CA,CB2380,29,216,18,8,1
JO-A,CB3364,25,211,14,8,3
BM_Taste,CB3680,29,194,16,8,2
JO-mz,DNg29,13,193,10,8,5
JO-EVM,CB0478,15,181,10,8,4
JO-A,CB3640,23,167,12,8,1
BM_Taste,DNg54,27,163,12,8,0
DNc02,[unannotated],1167,1843,45,7,0
PI,PI,408,904,44,7,0
"CB.FB3,4I0",[unannotated],387,711,23,7,0
L3,Tm5a,184,442,21,7,0
CB1638,[unannotated],207,413,12,7,1
L3,Mi1,150,401,20,7,3
L3,Dm9,127,392,12,7,5
JO-EVM,CB1231,103,344,22,7,1
JO-A,CB2664,66,295,23,7,2
JO-B,CB0090,66,295,20,7,2
CB1078,CB2449,33,276,9,7,4
JO-A,CB2556,20,267,11,7,5
JO-A,CB1476,44,216,21,7,0
JO-EV,DNge091,33,204,12,7,2
JO-B,CB0033,28,203,8,7,4
JO-FDA,CB1231,38,200,17,7,0
JO-A,DNg40,38,193,15,7,0
JO-E,DNge084,40,189,11,7,2
JO-mz,CB1125,41,185,9,7,2
BM_Taste,CB0516,18,184,13,7,2
JO-A,CB3384,24,174,12,7,1
JO-E,DNg06_a,31,172,15,7,0
JO-EDC,CB1038,27,168,14,7,1
JO-A,CB2144,29,159,11,7,1
JO-EVM,CB3673,29,159,12,7,0
JO-D,CB0916,17,153,12,7,1
JO-EVM,DNbe001,29,153,14,7,0
JO-A,CB1692,31,150,11,7,0
SA_DMT_ADMN_11,CB0091,12,142,11,7,1
JO-EVP,CB3533,21,138,12,7,1
JO-DA,DNp33,8,108,8,7,1
T2,[unannotated],8556,12443,159,6,0
Lawf1,L3,926,2210,131,6,0
L1,Tm3,978,1747,40,6,0
R7,Tm5c,548,1059,31,6,1
L1,C2,622,878,10,6,4
R7,Mi1,342,601,18,6,0
JO-EDC,[unannotated],159,444,25,6,1
JO-EVM,CB1978,98,336,26,6,0
JO-B,DNge113,88,305,21,6,0
[unannotated],CB0918,102,293,18,6,0
JO-B,DNge091,96,259,13,6,0
JO-B,CB1702,53,249,18,6,2
JO-B,CB3207,59,247,19,6,1
JO-E,CB1075,46,219,16,6,1
[unannotated],CB0916,65,201,11,6,0
JO-CA,CB1076,26,187,19,6,1
JO-B,CB3692,44,181,12,6,0
BM_Taste,DNge056,30,166,13,6,0
JO-EV,DNg99,9,147,6,6,5
JO-mz,DNg07,38,141,9,6,0
BM_Taste,CB0047,14,140,8,6,3
JO-E,DNp33,16,136,7,6,3
T2a,LT1b,10,135,8,6,2
T2a,LT1a,8,120,7,6,2
SA_DMT_ADMN_7,CB2162,12,113,11,6,0
JO-C,CB2789,8,98,8,6,0
[unannotated],KCapbp-m,6961,9613,83,5,0
R1-6,L4,3094,3898,11,5,3
L4,Tm4,1121,1991,38,5,0
Mi1,Pm1,1260,1569,15,5,1
L4,TmY3,605,1358,48,5,0
R7,CB3851,382,747,26,5,0
JO-F,[unannotated],242,535,21,5,1
L2,[unannotated],308,453,10,5,0
L1,C3,186,444,10,5,3
L2,Tm20,142,352,21,5,1
L2,Dm17,120,350,22,5,0
JO-B,CB1138,83,288,24,5,0
JO-EVM,DNg106,78,267,18,5,0
[unannotated],CB2353,123,264,9,5,3
JO-A,CB3245,76,263,24,5,0
Mi1,Pm2,109,257,12,5,1
JO-E,CB2322,83,245,16,5,0
JO-EVM,CB3746,43,234,23,5,1
[unannotated],M_lv2PN9t49a,117,226,8,5,1
[unannotated],CB0753,30,212,5,5,4
JO-F,DNg84,42,208,12,5,3
BM_Taste,CB0733,13,164,8,5,2
BM_Taste,CB0762,27,145,11,5,1
JO-A,PVLP123c,30,145,10,5,1
JO-EDC,CB1231,29,144,15,5,0
JO-D,DNg99,18,139,10,5,1
JO-E,CB1702,15,132,7,5,3
JO-EVL,DNp73,8,128,6,5,3
JO-D,DNg51,22,125,7,5,0
JO-EV,DNg29,10,124,7,5,3
JO-mz,DNg24,15,115,9,5,1
JO-A,CB3544,21,109,8,5,0
JO-EVL,CB3588,20,107,8,5,0
JO-EV,DNp33,10,104,6,5,2
JO-EVM,CB0432,16,100,6,5,1
JO-FDA,DNge054,7,99,6,5,2
JO-F,DNge132,16,97,5,5,1
JO-EV,DNg51,16,93,5,5,1
JO-EVL,CB0344,9,93,8,5,1
SA_DMT_ADMN_11,CB2162,9,92,6,5,1
JO-EV,CB0404,7,91,5,5,2
JO-CA,CB1702,9,87,7,5,0
SA_DMT_ADMN_11,CB0214,7,84,7,5,1
KCapbp-ap1,KCapbp-ap1,14011,24280,343,4,0
[unannotated],KCapbp-ap2,6557,8796,57,4,0
L2,R1-6,3671,8032,292,4,0
[unannotated],lLN1_bc,2178,2800,24,4,0
DNc01,[unannotated],1491,2153,32,4,0
R7,Dm4,816,1920,98,4,0
Mi1,T4b,660,1236,38,4,0
Mi1,T4a,671,1162,37,4,0
R7,TmY18,509,1056,46,4,0
Mi1,C3,696,985,13,4,0
CB0580,[unannotated],543,868,20,4,0
C2,T1,246,695,40,4,0
JO-E,CB1094,196,493,29,4,0
JO-D,[unannotated],187,475,28,4,0
L2,Tm1,262,472,5,4,2
L2,T1,190,418,8,4,3
PVLP123a,[unannotated],248,356,5,4,1
JO-A,CB1638,85,348,32,4,0
L2,L5,154,345,13,4,3
Dm9,Mi4,168,322,13,4,0
JO-CL,[unannotated],113,319,20,4,1
JO-E,CB1978,114,316,22,4,0
C2,L3,98,282,18,4,0
JO-B,CB1125,78,270,18,4,1
JO-E,CB2558,88,239,15,4,0
CB1280,[unannotated],112,236,7,4,1
JO-EVP,CB1394,68,230,17,4,0
JO-EVM,CB0987,48,225,20,4,0
JO-B,CB3743,76,223,12,4,0
JO-B,DNp73,45,218,15,4,3
[unannotated],CB0231,88,218,14,4,0
JO-A,CB3024,58,217,20,4,0
CB1542,CB2449,6,208,4,4,4
CB0066,[unannotated],97,207,9,4,0
JO-B,CB2789,49,203,15,4,2
JO-EVP,CB1231,40,194,17,4,1
JO-EVP,DNg106,59,188,10,4,0
JO-B,DNp12,46,182,11,4,0
BM_Taste,CB0786,19,161,11,4,3
JO-A,DNp73,4,158,4,4,4
JO-EVP,CB3275,30,154,14,4,0
JO-FDA,DNg84,8,144,4,4,4
BM_Taste,CB0917,38,142,8,4,2
JO-EDM,CB1125,43,141,8,4,0
JO-A,CB0478,12,135,5,4,4
JO-mz,CB1542,24,135,10,4,1
JO-E,CB2521,28,133,12,4,1
JO-A,CB2086,18,132,7,4,2
JO-B,CB1474,32,130,10,4,0
JO-EVP,CB0478,5,130,5,4,3
JO-A,CB0010,27,126,5,4,3
JO-E,CB0435,24,125,8,4,1
BM_Taste,CB0798,31,120,7,4,1
JO-CM,CB1138,21,120,10,4,0
JO-C,CB1076,26,119,7,4,0
Lat,5-HT-IR Tan,23,118,7,4,0
JO-A,cM05,27,115,7,4,0
JO-E,CB0432,26,115,10,4,0
R7,MeMe_e10,21,115,7,4,1
[unannotated],CB1579,32,113,6,4,1
JO-mz,DNp33,8,106,5,4,2
JO-D,DNge091,19,105,9,4,0
JO-B,CB3105,37,104,5,4,0
JO-mz,CB0533,17,101,8,4,0
JO-CM,DNp33,6,100,5,4,3
JO-EDC,DNge091,15,98,7,4,1
JO-A,CB1066,18,97,7,4,0
CB1078,CB3245,16,96,5,4,1
[unannotated],CB1303,18,92,4,4,1
JO-C,CB1038,10,87,7,4,2
JO-DA,DNge091,11,84,5,4,1
JO-CA,CB3719,11,77,4,4,1
JO-EDP,DNge091,13,70,6,4,0
JO-EVP,CB0404,4,64,4,4,1
KCab,KCab,122149,161983,764,3,0
[unannotated],KCab,24552,30210,104,3,0
KCapbp-m,KCapbp-m,18292,29828,380,3,0
KCapbp-ap2,KCapbp-ap2,12645,21612,358,3,0
[unannotated],KCapbp-ap1,6786,9264,75,3,0
KCapbp-ap1,[unannotated],6165,8201,46,3,0
L3,Dm20,1416,2836,92,3,0
LB3,LB3,1122,1697,30,3,0
CB.FBTF0,[unannotated],931,1371,18,3,0
cL14,[unannotated],806,1332,29,3,0
L3,CB3816,551,1192,51,3,0
L2,TmY3,607,1115,33,3,0
JO-A,JO-A,509,1074,45,3,0
T2a,CB3824,694,1022,12,3,0
L2,C3,318,874,53,3,0
CB1078,CB1078,276,729,48,3,0
L2,Dm15,361,716,29,3,0
Mi1,T2a,360,655,16,3,1
Dm9,R7,394,646,10,3,1
Dm13,TmY3,277,570,14,3,1
L4,Tm2,260,493,16,3,0
R8,MTe50,179,457,25,3,0
L5,L2,211,452,16,3,0
Mi13,Tm1,266,436,10,3,0
CB1758,[unannotated],293,432,5,3,1
JO-E,CB1826,174,399,16,3,0
CB1547,[unannotated],162,350,16,3,2
C2,L1,231,327,4,3,0
[unannotated],CB3847,225,307,4,3,0
Tm2,Dm13,138,304,12,3,0
[unannotated],CB2242,167,299,4,3,1
Tm2,CB3850,131,295,12,3,0
L1,Mi1,114,294,3,3,2
Tm2,Li2,126,290,13,3,0
R7,Dm21,140,261,9,3,0
JO-E,ALIN5,91,259,20,3,0
JO-E,CB0987,66,244,20,3,0
JO-E,CB0978,100,237,11,3,1
[unannotated],CB1484,139,232,5,3,1
L5,Dm1,83,217,14,3,0
Tm1,L5,126,206,5,3,0
[unannotated],CB2962,102,194,5,3,0
AN_GNG_53,[unannotated],73,193,11,3,0
C3,Tm1,128,191,3,3,1
JO-A,CB2153,39,188,9,3,3
JO-EVL,CB0986,55,187,13,3,0
JO-D,CB0977,55,177,11,3,0
JO-A,CB2576,43,175,14,3,0
JO-DP,[unannotated],61,175,9,3,0
BM_Taste,CB0896,22,174,6,3,3
AN_GNG_IPS_11,[unannotated],75,173,9,3,0
JO-E,CB0598,36,172,8,3,2
JO-EDP,[unannotated],68,170,10,3,0
[unannotated],CB0835,65,163,10,3,0
CB1078,CB2108,31,160,6,3,3
BM_Taste,CB0752,25,159,7,3,3
JO-EV,DNg07,41,158,15,3,1
JO-E,ALIN6,49,156,10,3,1
JO-B,CB0104,51,155,11,3,0
JO-A,CB2566,23,154,15,3,1
JO-EV,CB2440,36,154,11,3,1
JO-A,CB1869,43,149,9,3,0
JO-mz,CB2440,41,143,9,3,0
ocellar retinula cell,OCG01c,30,140,10,3,2
JO-EV,CB1038,26,133,10,3,1
JO-B,DNg24,38,132,8,3,2
LB3,CB0008,42,132,7,3,0
JO-B,CB3640,30,130,9,3,0
JO-D,CB1038,28,130,12,3,0
L3,Dm8,25,130,7,3,1
JO-D,CB2162,27,127,10,3,0
JO-B,CB2475,26,124,7,3,1
JO-EVM,CB3437,19,123,10,3,0
JO-E,DNpe017,27,119,10,3,0
JO-B,CB3046,30,118,7,3,1
JO-E,CB0749,26,118,9,3,1
JO-E,DNg99,30,117,7,3,0
JO-A,CB3201,32,111,9,3,0
JO-E,CB0607,25,111,7,3,1
BM_Taste,CB3615,34,108,5,3,0
JO-E,CB0131,32,107,6,3,0
BM_Taste,CB0737,20,106,4,3,2
JO-DP,CB1038,18,105,9,3,1
Dm4,Mi4,42,104,3,3,1
BM_Taste,CB2039,23,102,9,3,0
JO-E,CB3673,22,101,6,3,1
BM_Taste,CB0903,19,100,11,3,0
JO-E,CB3739,34,100,7,3,0
JO-EDM,DNg07,34,100,5,3,0
[unannotated],CB1470,45,99,4,3,0
JO-EDM,CB2440,23,98,5,3,1
JO-C,CB1138,27,97,8,3,0
JO-E,CB1455,20,97,6,3,0
JO-DP,CB2067,18,95,5,3,1
JO-EDM,CB1231,29,94,5,3,0
JO-FDA,CB0591,12,92,5,3,2
JO-EDM,CB3320,21,91,3,3,2
JO-EV,CB1075,18,89,8,3,0
JO-F,DNg29,25,89,4,3,0
BM_Taste,CB2191,24,87,5,3,0
JO-A,CB0659,20,87,7,3,0
JO-C,CB0758,13,87,9,3,0
JO-A,CB0496,6,85,3,3,2
JO-EVL,CB0749,11,85,8,3,0
JO-F,DNge054,23,85,5,3,1
BM_Taste,DNge057,20,84,6,3,0
JO-B,CB1484,24,84,5,3,0
JO-E,CB0810,13,84,7,3,1
JO-E,DNge014,23,83,5,3,0
JO-EV,CB1138,16,82,7,3,1
CB1078,CB3064,11,81,5,3,1
JO-A,CB2327,16,80,5,3,0
JO-FDA,CB0810,8,80,5,3,1
JO-mz,CB1425,13,80,5,3,1
BM_vOcci_vPoOr,CB1475,24,79,5,3,0
JO-D,DNp33,11,79,6,3,0
JO-A,DNge113,20,76,5,3,0
JO-EVM,CB2153,17,75,4,3,0
SA_DMT_ADMN_11,CB3715,7,75,3,3,2
JO-F,AN_multi_106,20,74,5,3,0
JO-B,CB1908,20,73,4,3,0
JO-C,DNp33,6,71,5,3,1
JO-EDC,CB3320,11,71,3,3,1
JO-EV,CB0958,17,71,5,3,0
JO-F,CB0591,23,70,3,3,1
JO-CL,DNg51,10,68,6,3,0
DNc01,AN_multi_124,9,67,5,3,0
JO-EV,CB2521,9,66,4,3,0
JO-C,DNg99,7,65,4,3,1
JO-EDP,CB1038,14,65,3,3,0
JO-FDA,DNg15,9,65,6,3,0
JO-CA,CB3692,7,64,6,3,0
JO-CM,CB0533,6,64,5,3,1
JO-EVP,CB0451,6,64,3,3,1
JO-FDA,DNge132,7,61,5,3,0
JO-B,CB0533,12,59,4,3,0
JO-EV,CB0810,10,59,3,3,0
BM_Taste,DNge036,3,55,3,3,1
JO-CM,DNg29,4,55,4,3,0
JO-EVM,DNge016,7,55,3,3,0
5-HT-IR Tan,5-HT-IR Tan,4,53,3,3,1
JO-CL,DNg99,5,51,4,3,0
JO-EDC,CB2205,5,51,4,3,0
JO-E,CB2940,7,48,3,3,0
AN_GNG_199,CB0899,3,47,3,3,1
JO-C,WED163c,9,47,5,3,0
Tm6,[unannotated],7248,9398,72,2,0
TmY3,[unannotated],5260,6656,43,2,0
L4,L1,1910,3943,106,2,0
Tm1,Dm3,2228,2999,25,2,0
OA-VUMa3,[unannotated],1694,2859,67,2,0
L1-3,R1-6,1333,2544,73,2,0
Tm1,[unannotated],2177,2539,11,2,0
L2,L3,737,2204,157,2,0
Am,L2,1073,2037,46,2,0
[unannotated],lLN2X02,1144,1726,22,2,0
R8,C2,755,1618,47,2,0
L3,[unannotated],981,1511,23,2,0
Pm2,Tm1,574,1231,46,2,0
T1,L5,590,1205,25,2,0
Tm1,T5d,871,1155,6,2,0
L5,C3,815,1152,9,2,0
Mi1,Tm3,634,1031,22,2,0
[unannotated],lLN2X05,773,1021,9,2,0
L1,Dm8,691,959,9,2,0
cL12,[unannotated],602,913,14,2,0
R8,Mi10,472,902,33,2,0
L1,Dm9,518,834,13,2,0
L1,[unannotated],668,811,6,2,1
Tm4,T3,488,747,11,2,0
L3,Mi4,398,723,15,2,1
LAL120b,[unannotated],391,715,21,2,0
L5,T2,399,700,24,2,0
[unannotated],PVLP122b,460,665,14,2,0
Mi9,Pm1,524,600,2,2,1
Dm9,R8,330,592,10,2,1
[unannotated],OA-VUMa8,428,586,5,2,1
[unannotated],CB3856,457,572,4,2,0
ocellar retinula cell,ocellar retinula cell,251,560,33,2,0
JO-EVP,[unannotated],271,525,19,2,0
L2,Tm2,324,505,5,2,2
[unannotated],CB2569,207,504,32,2,0
CB1498,[unannotated],360,501,5,2,0
[unannotated],CB1266,324,500,7,2,0
Dm13,Tm2,210,480,20,2,0
[unannotated],CB0580,369,472,7,2,0
LNd_a,[unannotated],259,470,16,2,0
[unannotated],CB0683,295,441,4,2,0
CB2664,[unannotated],252,429,11,2,0
CB0802,[unannotated],291,426,7,2,0
[unannotated],LHAV2b2a,334,420,4,2,0
[unannotated],DNpe021,299,405,4,2,1
CB1078,[unannotated],222,361,9,2,1
TmY3,TmY14,230,360,5,2,0
ORN_VM6v,[unannotated],192,340,10,2,0
[unannotated],CB1231,210,339,7,2,0
L5,Dm18,140,338,19,2,0
[unannotated],DNg10,163,327,13,2,0
Pm2,CB3818,176,313,14,2,0
L4,Mi4,240,303,3,2,0
SA_DMT_ADMN_11,[unannotated],154,292,12,2,0
[unannotated],CB0519,186,284,4,2,1
[unannotated],CB1143,187,282,3,2,1
[unannotated],CB2494,211,261,2,2,0
[unannotated],CB2580,209,253,2,2,0
AN_GNG_AMMC_1,JO-A,54,244,26,2,0
JO-DA,[unannotated],97,243,14,2,0
[unannotated],CB0894,188,238,2,2,0
JO-E,CB0979,88,237,15,2,0
JO-EDM,CB0958,104,235,12,2,0
JO-DA,CB1078,64,231,18,2,0
R7,Tm3,189,230,2,2,0
AN_multi_69,[unannotated],111,216,6,2,0
[unannotated],AVLP044b,156,208,3,2,0
JO-E,CB3588,70,207,15,2,0
[unannotated],CB0417,65,203,4,2,2
JO-B,DNg09,95,201,8,2,0
[unannotated],CB0415,97,201,8,2,0
[unannotated],CB2419,140,201,2,2,1
[unannotated],CB0402,86,200,9,2,0
[unannotated],CB3827,124,198,2,2,1
Mi9,Tm1,128,190,5,2,0
[unannotated],DNg98,120,190,3,2,0
VM6_adPN,[unannotated],129,188,4,2,0
JO-EV,DNg106,67,182,8,2,0
DNp73,[unannotated],90,179,9,2,0
[unannotated],CB3869,113,177,4,2,1
Tm1,Pm4,63,168,4,2,2
[unannotated],L2,88,161,3,2,2
JO-E,CB0104,43,151,12,2,0
JO-E,CB1425,36,150,14,2,0
[unannotated],M_l2PN10t19b,83,147,4,2,0
JO-EVM,CB3796,45,146,10,2,0
Tm2,CB3847,59,145,8,2,0
L1,L1,85,144,7,2,0
CB2153,[unannotated],82,143,5,2,1
JO-EVP,DNg08_a,54,140,7,2,0
JO-A,CB3184,41,135,13,2,0
[unannotated],CB2548,59,134,3,2,2
JO-F,DNg15,43,133,8,2,0
[unannotated],CB0478,73,132,3,2,0
[unannotated],CB1167,85,132,2,2,1
[unannotated],CB0823,57,130,3,2,1
R8,MeTu2,42,128,10,2,0
JO-A,CB1948,38,126,10,2,0
JO-E,DNge016,33,124,9,2,0
[unannotated],CB3105,58,122,3,2,1
AN_GNG_22,[unannotated],38,118,8,2,0
JO-A,CB1065,40,118,7,2,1
JO-EDM,CB1094,47,116,9,2,0
[unannotated],CB0587,45,116,3,2,1
JO-E,CB0742,37,115,9,2,0
[unannotated],DNge037,57,115,2,2,1
C2,L2,50,114,4,2,0
BM_Taste,CB0792,14,112,5,2,2
JO-EVL,CB1076,27,112,9,2,0
Mi9,Dm4,52,112,3,2,0
CB1342,[unannotated],48,109,5,2,0
JO-E,CB2380,28,107,7,2,0
JO-E,CB0033,24,106,9,2,0
JO-E,CB3745,43,106,7,2,0
JO-EVM,DNg08_a,37,106,7,2,0
[unannotated],CB0844,52,104,5,2,0
JO-EDC,CB1826,40,102,5,2,0
AN_GNG_81,[unannotated],34,101,3,2,1
BM_Taste,CB0860,26,101,9,2,0
JO-E,CB0397,35,101,6,2,0
JO-E,DNp12,26,101,8,2,0
JO-EVM,CB0397,23,99,10,2,0
[unannotated],DNg12_a,30,98,4,2,1
[unannotated],CB0774,24,97,4,2,1
JO-EVP,CB0987,24,94,8,2,0
JO-mz,CB0591,19,94,5,2,1
SA_VTV_4,SA_VTV_4,19,93,11,2,0
JO-E,DNg51,26,92,4,2,1
JO-EVM,ALIN5,27,92,6,2,0
[unannotated],CB2134,33,92,2,2,1
JO-EDC,CB0478,8,91,5,2,1
JO-EVL,CB2521,12,91,9,2,0
JO-FDA,CB0496,18,90,8,2,0
JO-EDM,DNge091,28,89,6,2,0
JO-A,CB1455,19,87,7,2,0
JO-DA,DNg51,18,87,8,2,0
JO-EV,CB1125,27,87,4,2,0
JO-mz,CB1138,24,86,6,2,0
JO-B,CB1065,22,85,6,2,0
JO-B,DNg99,27,85,5,2,0
JO-CM,CB3320,12,85,7,2,1
JO-EVM,CB2322,14,85,8,2,0
JO-A,CB3552,32,84,4,2,0
JO-E,CB0533,25,83,4,2,1
SA_DMT_ADMN_11,PS117a,21,83,8,2,0
JO-D,DNge107,16,82,7,2,0
[unannotated],CB0671,40,81,2,2,1
JO-A,DNge145,19,80,7,2,0
JO-DA,DNg99,11,80,8,2,0
[unannotated],CB2647,39,80,3,2,0
BM_Taste,DNge002,26,79,3,2,0
JO-EV,CB1542,17,78,6,2,0
JO-DA,CB3715,11,77,8,2,0
JO-B,DNp33,18,75,4,2,0
JO-EVL,ALIN6,19,75,7,2,0
JO-EDC,CB0978,21,73,5,2,0
JO-EV,CB3588,17,73,6,2,0
JO-DA,DNge107,17,72,6,2,0
[unannotated],CB0779,23,72,3,2,1
JO-D,CB2789,17,71,5,2,0
JO-EV,CB0033,12,71,5,2,1
JO-EV,CB1427,15,71,6,2,0
JO-FDA,DNg35,11,70,4,2,2
JO-mz,DNp12,12,70,4,2,1
JO-A,CB0758,11,69,6,2,0
JO-D,CB3739,13,68,7,2,0
JO-DP,CB1078,22,68,5,2,0
BM_Taste,CB3812,19,67,3,2,0
JO-A,DNge091,15,67,5,2,0
AN_GNG_IPS_10,[unannotated],30,66,3,2,0
JO-CL,CB1076,13,66,5,2,0
JO-EDM,DNge111,19,66,5,2,0
TPMN,CB0618,8,65,2,2,2
[unannotated],CB0713,19,65,3,2,1
BM_Taste,CB0867,7,64,2,2,2
BM_vOcci_vPoOr,CB3126,12,64,2,2,1
JO-DP,DNg99,9,64,5,2,1
JO-EVL,CB0958,25,64,3,2,0
JO-EV,CB0104,11,63,6,2,0
[unannotated],CB0708,22,63,3,2,1
JO-EVM,DNpe017,13,62,4,2,0
JO-EVP,CB2322,9,62,4,2,1
TPMN,CB0717,26,62,2,2,0
[unannotated],CB0357,32,62,2,2,0
BM_Taste,CB0152,21,61,5,2,0
BM_Taste,CB0254,14,61,6,2,0
CB1078,CB1484,16,61,4,2,0
JO-CA,CB0432,6,61,4,2,1
JO-EDC,CB0404,8,61,4,2,1
[unannotated],CB3533,34,61,2,2,0
JO-mz,CB1075,16,60,4,2,0
JO-DP,CB0916,10,59,5,2,0
JO-mz,CB0104,15,59,5,2,0
JO-A,DNp12,12,58,2,2,1
JO-C,DNp12,6,58,4,2,1
[unannotated],DNg72,15,58,3,2,1
BM_Taste,DNg48,9,57,3,2,1
JO-CM,CB0540,8,56,4,2,1
JO-DP,CB0838,6,56,4,2,0
BM_vOcci_vPoOr,DNge104,17,54,3,2,0
JO-A,cML01,12,54,5,2,0
JO-FDP,[unannotated],27,54,2,2,0
[unannotated],CB0328,15,54,2,2,1
BM_Taste,CB3126,15,53,3,2,0
JO-C,CB1542,9,52,6,2,0
[unannotated],DNge096,7,52,2,2,1
SA_DMT_DMetaN_12,CB0916,12,51,3,2,0
SA_DMT_DMetaN_8,CB0918,6,51,3,2,1
[unannotated],CB0479,22,51,2,2,0
AN_AVLP_45,AN_AVLP_45,8,50,5,2,0
CB1078,CB2545,8,50,3,2,1
JO-B,CB0264,16,50,3,2,0
JO-EV,CB3105,4,50,4,2,1
JO-B,CB3588,15,49,2,2,0
JO-CM,CB1542,10,49,4,2,0
JO-D,CB2556,7,49,4,2,0
JO-FDA,CB0305,7,49,5,2,0
CB1542,CB3245,12,48,3,2,0
JO-C,CB1075,10,48,2,2,0
JO-mz,CB1074,9,48,5,2,0
JO-B,CB1143,10,47,4,2,0
JO-C,CB0344,6,47,4,2,0
JO-E,CB2566,10,47,2,2,0
JO-EDC,CB0091,6,47,5,2,0
JO-EV,CB0478,8,47,3,2,1
JO-B,CB2067,10,46,3,2,0
R8,MeMe_e10,7,46,3,2,0
SA_DMT_ADMN_7,CB0091,9,46,4,2,0
TPMN,CB0400,12,46,3,2,0
BM_Taste,DNge001,10,45,4,2,0
JO-CL,DNp73,5,45,5,2,0
JO-DA,DNg29,7,45,3,2,0
JO-C,CB0033,7,44,4,2,0
JO-mz,CB0305,7,44,4,2,0
JO-C,CB0540,5,43,3,2,0
JO-mz,CB3245,6,43,4,2,0
JO-A,WED092e,6,42,3,2,0
JO-CL,CB1075,5,41,4,2,0
JO-EDC,DNge084,6,41,3,2,0
JO-EDM,CB1075,7,41,4,2,0
SA_DMT_ADMN_11,CB1098,13,41,2,2,0
AN_GNG_199,CB0918,7,40,4,2,0
JO-C,CB3715,6,40,4,2,0
JO-EV,CB1425,4,40,3,2,0
SA_DMT_ADMN_7,CB3715,4,40,3,2,0
SA_DMT_ADMN_7,DNge107,6,39,4,2,0
CB1542,CB3064,4,38,3,2,0
JO-EVM,DNg06_a,7,38,2,2,0
LB1b,CB0963,10,38,3,2,0
[unannotated],CB2191,14,38,2,2,0
JO-F,CB0104,8,37,2,2,0
JO-FDA,CB0104,5,36,3,2,0
VS1,LPi12,2,36,2,2,1
VS1,OCC02a,3,36,3,2,1
CB0918,CB0706,3,35,2,2,0
CB1547,cL22c,2,35,2,2,0
JO-C,CB1455,10,35,2,2,0
TPMN,DNg54,4,35,4,2,0
CB1542,CB1484,4,34,2,2,1
JO-EVP,DNg05_a,8,34,3,2,0
AN_GNG_53,CB0544,2,33,2,2,0
DNg75,cL18,3,33,3,2,0
JO-EDC,CB3801,7,33,2,2,0
JO-EVL,CB2940,5,33,3,2,0
JO-FDA,CB0307,7,33,3,2,0
AN_GNG_10,CB0918,2,32,2,2,0
DNc02,DNg40,2,32,2,2,0
JO-CL,CB0540,5,32,3,2,0
JO-EVP,CB0432,6,32,2,2,0
AN_GNG_179,DNg56,5,31,3,2,0
AN_GNG_SAD_20,AN_GNG_SAD_20,2,31,2,2,0
SA_DMT_ADMN_6,CB2162,2,31,2,2,0
[unannotated],CB3680,5,31,3,2,0
JO-EV,CB1702,3,30,3,2,0
JO-EV,DNg06_a,4,29,3,2,0
VS1,CB0990,3,29,2,2,0
JO-C,DNge145,4,28,2,2,0
JO-EVL,CB1433,4,27,2,2,0
SA_DMT_ADMN_11,CB0122,3,27,2,2,0
BM_Hau,DNge055,4,26,2,2,0
JO-CM,CB2963,4,26,2,2,0
DNg22,OA-VUMx1,2,23,2,2,0
CB3818,L2,2,22,2,2,0
CB1136,CB3400,2,20,2,2,0
Tm5Y,[unannotated],10545,12858,28,1,0
Tm4,[unannotated],8605,10746,46,1,0
TmY18,[unannotated],8450,10459,30,1,0
Tm12,[unannotated],6126,7366,26,1,0
[unannotated],T2a,6471,7263,3,1,0
T5d,[unannotated],5234,7241,52,1,0
T5a,[unannotated],4738,6556,55,1,0
T4b,[unannotated],4649,6394,32,1,0
TmYem1,[unannotated],4789,5631,9,1,0
Mi15,[unannotated],4134,5047,11,1,0
[unannotated],T5d,3886,4853,14,1,0
[unannotated],T5a,3830,4757,17,1,1
[unannotated],T5c,3685,4246,8,1,1
CB3824,[unannotated],3280,4094,14,1,0
CB3822,[unannotated],3412,3976,3,1,0
[unannotated],lLN2X12,2777,3853,29,1,0
[unannotated],T4a,3092,3718,12,1,0
[unannotated],T3,3119,3438,3,1,0
[unannotated],LC10d,2811,3329,9,1,0
L1,R1-6,2080,3121,45,1,0
Mi9,[unannotated],2269,2891,15,1,0
Tm9,Dm3,2146,2795,4,1,0
T2,T3,1778,2137,2,1,0
OA-VUMa4,[unannotated],1489,2045,14,1,0
LC10a,LC10a,1256,1852,13,1,0
Mi1,C2,1048,1836,43,1,0
Pm2,Pm2,1101,1691,19,1,0
R1-6,C3,1156,1685,20,1,0
Mi9,Pm2,1313,1675,6,1,0
[unannotated],mAL,1377,1646,10,1,0
T1,Am,872,1455,24,1,0
L1,T1,743,1404,31,1,0
Mi1,T4d,798,1357,35,1,1
Mi1,T4c,845,1347,31,1,1
L2,C2,652,1321,38,1,0
Tm4,T5d,938,1308,6,1,0
L5,C2,776,1298,19,1,0
DNp62,[unannotated],892,1270,11,1,0
Mi1,Tm6,731,1262,31,1,0
[unannotated],LC14a1,1018,1244,3,1,0
R7,CB3832,849,1229,13,1,0
Tm3,T2,940,1206,7,1,0
Tm3,Pm1,812,1205,10,1,0
L4,Mi9,737,1190,10,1,0
Tm2,T5c,837,1120,8,1,1
L5,Tm12,571,1107,27,1,0
Tm4,Tm1,928,1086,4,1,0
R8,C3,647,1084,15,1,0
T5a,TmY20,695,1067,11,1,0
Tm2,TmY3,701,1053,18,1,0
Tm1,T2a,627,1038,17,1,0
Dm19,Tm1,658,1034,4,1,0
Tm2,T5a,800,1017,5,1,1
L3,Dm10,736,975,5,1,0
[unannotated],OA-AL2b1,788,938,4,1,0
L5,Mi4,561,923,15,1,0
lLN2X04,[unannotated],748,918,3,1,0
L5,Dm2,610,914,10,1,0
L3,Mi2,443,910,34,1,0
Tm1,Pm1,709,901,3,1,0
[unannotated],OA-VUMa4,738,897,4,1,0
L3,C2,494,863,22,1,0
L4,T2,556,827,9,1,0
CB1225,[unannotated],667,815,2,1,0
[unannotated],CB1668,411,807,31,1,0
L3,R8,380,773,25,1,0
Tm1,Tm12,469,765,14,1,0
LT1c,[unannotated],477,764,15,1,0
CB0623,[unannotated],556,742,3,1,0
BM_vOcci_vPoOr,BM_vOcci_vPoOr,374,734,19,1,0
R8,Dm4,481,731,8,1,0
C3,L1,298,715,36,1,0
L1,Dm4,468,701,6,1,0
[unannotated],"CB.FB3,4D3",486,688,13,1,0
L5,TmY3,473,682,9,1,0
[unannotated],CB.FB6E4,521,681,6,1,0
ALIN5,[unannotated],433,665,12,1,0
Mi9,Mi4,559,665,1,1,0
R8,T1,472,663,5,1,0
R7,T1,469,661,3,1,0
L5,Tm20,412,656,11,1,1
[unannotated],OA-AL2i1,534,654,3,1,0
Tm1,Tm2,350,652,17,1,0
Tm2,Tm1,345,645,26,1,0
T2a,CB3834,426,642,11,1,0
cL15,[unannotated],446,642,11,1,1
[unannotated],LT82a,491,636,2,1,0
Pm2,TmY16,499,631,1,1,0
L2,R8,450,629,3,1,0
[unannotated],cL01,460,626,10,1,1
Mi4,Tm9,490,625,3,1,0
C2,Mi1,439,624,18,1,0
ExR2_2,[unannotated],349,615,14,1,0
Dm4,Mi9,392,601,8,1,0
[unannotated],CB2712,319,587,18,1,0
R8,Dm3,448,584,8,1,0
R7,L5,405,571,6,1,0
Tm1,Dm6,499,569,2,1,0
Dm6,T1,240,547,23,1,0
ExR2_1,[unannotated],314,541,15,1,0
L3,L3,474,540,3,1,1
Tm1,Tm20,443,537,3,1,0
Mi15,Mi10,412,519,2,1,0
R1-6,C2,352,512,7,1,0
[unannotated],CB1085,413,508,2,1,0
CB3842,[unannotated],441,506,2,1,0
Mi1,TmY18,308,505,10,1,1
[unannotated],lLN2X06,256,504,25,1,0
VS1,[unannotated],273,503,15,1,0
CB.FB5F0,[unannotated],361,483,3,1,0
BM_Ant,BM_Ant,306,474,8,1,0
[unannotated],DNpe042,330,463,4,1,0
L3,Mi15,339,458,3,1,0
Tm3,TmY15,311,458,4,1,0
C3,Mi9,331,456,4,1,0
Dm9,Tm20,243,450,18,1,0
BM_Vib,BM_Vib,259,441,6,1,0
[unannotated],ALON3,302,438,7,1,0
T4c,CB3845,284,435,5,1,0
[unannotated],CB3707,290,435,9,1,1
Mi9,Y3,267,433,6,1,0
[unannotated],LT61a,361,432,2,1,0
Tm2,CB3835,249,429,8,1,0
[unannotated],Am1,320,427,3,1,0
CB.FB2E4,[unannotated],321,415,3,1,0
ORN_VM6v,ORN_VM6v,222,412,13,1,0
[unannotated],cL13,304,408,2,1,1
[unannotated],LN60b,289,403,3,1,0
[unannotated],CB3110,321,400,4,1,0
[unannotated],L5,298,399,7,1,0
CB3074,[unannotated],275,398,7,1,0
[unannotated],DNge071,228,388,7,1,0
[unannotated],DNp103,280,388,5,1,0
R8,MeLp1,119,384,26,1,0
Tm2,TmY16,245,383,7,1,0
DNp57,[unannotated],242,380,11,1,0
R8,Lawf1,246,377,10,1,0
[unannotated],DNp59,287,376,2,1,0
L2,L2,263,370,7,1,0
CB1357,[unannotated],311,369,1,1,0
[unannotated],CRE103a,283,367,1,1,0
[unannotated],CB1031,279,365,2,1,0
DNg100,[unannotated],261,363,6,1,0
TmY18,Tm20,301,359,1,1,0
[unannotated],PVLP123a,265,357,4,1,0
OCG02b,[unannotated],186,353,14,1,0
[unannotated],cM17,279,346,2,1,0
[unannotated],DNp62,283,343,3,1,0
[unannotated],H01,269,341,1,1,0
Mi4,CB3827,135,340,17,1,0
[unannotated],CB1456,282,335,2,1,0
L1,L5,236,332,5,1,0
[unannotated],DNp69,231,332,1,1,0
LTe65,[unannotated],258,330,3,1,0
L4,Mi1,276,326,1,1,0
JO-E,CB2440,113,323,25,1,0
CB3044,[unannotated],216,322,7,1,0
VC3_adPN,[unannotated],250,322,2,1,0
SA_DMT_DMetaN_12,[unannotated],190,315,5,1,1
[unannotated],CB0865,245,314,3,1,0
[unannotated],DNp68,229,311,3,1,0
[unannotated],DNbe002,240,308,3,1,0
[unannotated],DNge085,168,307,6,1,0
Mi1,Y3,158,306,12,1,0
[unannotated],"CB.FB3,4A1",220,306,3,1,0
CB1136,[unannotated],151,305,8,1,1
LB3,[unannotated],196,305,6,1,0
[unannotated],DNp35,218,301,3,1,0
CB1918,JO-B,149,298,11,1,0
T2a,CB3840,242,296,1,1,0
[unannotated],CB1937,172,292,9,1,0
JO-B,CB0956,125,288,19,1,0
[unannotated],CL099a,240,288,2,1,0
AN_SMP_3,[unannotated],192,283,2,1,0
[unannotated],AVLP044a,222,277,4,1,0
[unannotated],CB0082,224,277,2,1,0
AN_multi_78,[unannotated],199,275,5,1,0
[unannotated],AVLP451a,195,272,3,1,0
[unannotated],CB0007,202,272,3,1,0
[unannotated],CL099b,209,271,2,1,0
[unannotated],CB0987,213,269,1,1,0
[unannotated],CB2667,204,269,4,1,0
Dm9,CB3833,140,267,8,1,0
[unannotated],CB1296,229,267,1,1,0
[unannotated],ExR2_1,176,266,3,1,0
OA-AL2b2,Mi1,153,261,4,1,0
L5,Dm13,130,256,8,1,0
[unannotated],CB3464,210,253,1,1,0
C3,L5,188,250,6,1,0
[unannotated],PS185a,200,250,1,1,0
[unannotated],DNpe052,186,248,3,1,0
[unannotated],CL099c,190,246,3,1,0
Lat,L1,113,244,11,1,0
R7,CB3833,155,239,6,1,0
CB1078,CB1542,107,236,8,1,0
[unannotated],CB1114,187,236,2,1,0
[unannotated],CB2591,114,235,10,1,0
[unannotated],SMP248a,190,231,2,1,0
[unannotated],CB1076,165,229,5,1,0
[unannotated],CB2133,176,227,2,1,0
CB0233,[unannotated],138,225,7,1,0
CB0128,[unannotated],183,224,1,1,0
[unannotated],CB1611,182,223,2,1,0
JO-E,CB0986,87,219,15,1,0
R8,CB3816,163,219,3,1,0
[unannotated],CB0262,157,217,3,1,0
[unannotated],JO-E,163,214,2,1,0
[unannotated],v2LN42c,118,214,6,1,0
[unannotated],CB1583,128,213,7,1,0
