root_id,cell_type,side,Buhmann_original_aggregate_edges,Buhmann_raw_A_pair_region_rows,Buhmann_raw_A_points,Princeton_filtered_pair_region_rows,Princeton_filtered_directed_pairs,Princeton_filtered_synapse_count,Princeton_unfiltered_pair_region_rows,Princeton_unfiltered_directed_pairs,Princeton_unfiltered_synapse_count,interpretation
720575940631647173,R1-6,right,0,0,0,6,6,180,20,20,202,"Counts from two alternative Codex exports are compared, never added to each other or original v783"
720575940609016668,R1-6,right,0,0,0,5,5,174,17,17,193,"Counts from two alternative Codex exports are compared, never added to each other or original v783"
720575940631505260,R1-6,left,0,0,0,4,4,167,13,13,179,"Counts from two alternative Codex exports are compared, never added to each other or original v783"
720575940622545023,R1-6,right,0,0,0,4,4,161,11,11,177,"Counts from two alternative Codex exports are compared, never added to each other or original v783"
720575940621489243,R1-6,right,0,0,0,4,4,161,13,13,176,"Counts from two alternative Codex exports are compared, never added to each other or original v783"
720575940625717747,R1-6,right,0,0,0,4,4,163,11,11,174,"Counts from two alternative Codex exports are compared, never added to each other or original v783"
720575940629285873,R1-6,right,0,0,0,5,5,156,12,12,170,"Counts from two alternative Codex exports are compared, never added to each other or original v783"
720575940621482667,R1-6,left,0,0,0,4,4,155,15,15,168,"Counts from two alternative Codex exports are compared, never added to each other or original v783"
720575940618712221,R1-6,right,0,0,0,3,3,144,17,17,164,"Counts from two alternative Codex exports are compared, never added to each other or original v783"
720575940621481450,,left,0,0,0,9,7,85,61,57,164,"Counts from two alternative Codex exports are compared, never added to each other or original v783"
720575940607773314,R1-6,right,0,0,0,4,4,137,20,20,163,"Counts from two alternative Codex exports are compared, never added to each other or original v783"
720575940635168407,R1-6,right,0,0,0,4,4,148,14,14,162,"Counts from two alternative Codex exports are compared, never added to each other or original v783"
720575940630098075,R7,left,0,0,0,13,11,108,42,38,161,"Counts from two alternative Codex exports are compared, never added to each other or original v783"
720575940629714793,R1-6,right,0,0,0,4,4,139,12,12,158,"Counts from two alternative Codex exports are compared, never added to each other or original v783"
720575940638556382,R1-6,left,0,0,0,4,4,149,12,12,158,"Counts from two alternative Codex exports are compared, never added to each other or original v783"
720575940640017597,R1-6,right,0,0,0,4,4,140,15,15,158,"Counts from two alternative Codex exports are compared, never added to each other or original v783"
720575940632581945,R1-6,right,0,0,0,4,4,131,22,22,157,"Counts from two alternative Codex exports are compared, never added to each other or original v783"
720575940618150105,R1-6,right,0,0,0,5,5,142,14,14,155,"Counts from two alternative Codex exports are compared, never added to each other or original v783"
720575940621193051,R1-6,right,0,0,0,5,5,141,14,14,155,"Counts from two alternative Codex exports are compared, never added to each other or original v783"
720575940625113015,R1-6,right,0,0,0,5,5,139,17,17,155,"Counts from two alternative Codex exports are compared, never added to each other or original v783"
720575940637390181,R7,left,0,0,0,9,8,113,35,33,152,"Counts from two alternative Codex exports are compared, never added to each other or original v783"
720575940613474474,R1-6,right,0,0,0,4,4,132,15,15,151,"Counts from two alternative Codex exports are compared, never added to each other or original v783"
720575940618437922,R1-6,right,0,0,0,4,4,142,13,13,151,"Counts from two alternative Codex exports are compared, never added to each other or original v783"
720575940644276128,R1-6,right,0,0,0,4,4,138,14,14,151,"Counts from two alternative Codex exports are compared, never added to each other or original v783"
720575940628789064,R1-6,right,0,0,0,5,5,135,12,12,149,"Counts from two alternative Codex exports are compared, never added to each other or original v783"
720575940629808911,ITP,right,0,0,0,14,6,85,59,46,149,"Counts from two alternative Codex exports are compared, never added to each other or original v783"
720575940620232920,R1-6,right,0,0,0,4,4,136,12,12,148,"Counts from two alternative Codex exports are compared, never added to each other or original v783"
720575940618531618,R1-6,right,0,0,0,4,4,132,17,17,147,"Counts from two alternative Codex exports are compared, never added to each other or original v783"
720575940645941027,R1-6,right,0,0,0,3,3,133,14,14,147,"Counts from two alternative Codex exports are compared, never added to each other or original v783"
720575940618864724,R1-6,left,0,0,0,4,4,134,13,13,146,"Counts from two alternative Codex exports are compared, never added to each other or original v783"
720575940624139305,R1-6,right,0,0,0,4,4,113,18,18,142,"Counts from two alternative Codex exports are compared, never added to each other or original v783"
720575940635013020,R1-6,right,0,0,0,3,3,127,14,14,142,"Counts from two alternative Codex exports are compared, never added to each other or original v783"
720575940618663069,R1-6,right,0,0,0,3,3,124,11,11,141,"Counts from two alternative Codex exports are compared, never added to each other or original v783"
720575940622132656,R1-6,left,0,0,0,5,5,130,12,12,141,"Counts from two alternative Codex exports are compared, never added to each other or original v783"
720575940612943066,R1-6,right,0,0,0,5,5,130,13,13,140,"Counts from two alternative Codex exports are compared, never added to each other or original v783"
720575940624870217,R1-6,right,0,0,0,3,3,109,21,21,140,"Counts from two alternative Codex exports are compared, never added to each other or original v783"
720575940627138306,R1-6,right,0,0,0,4,4,123,16,16,140,"Counts from two alternative Codex exports are compared, never added to each other or original v783"
720575940630871260,R1-6,right,0,0,0,5,5,129,13,13,140,"Counts from two alternative Codex exports are compared, never added to each other or original v783"
720575940618718977,R1-6,right,0,0,0,5,5,122,17,17,139,"Counts from two alternative Codex exports are compared, never added to each other or original v783"
720575940638616922,R1-6,right,0,0,0,5,5,128,14,14,139,"Counts from two alternative Codex exports are compared, never added to each other or original v783"
720575940625125640,R1-6,right,0,0,0,5,5,125,17,17,138,"Counts from two alternative Codex exports are compared, never added to each other or original v783"
720575940627855768,R1-6,right,0,0,0,3,3,129,7,7,137,"Counts from two alternative Codex exports are compared, never added to each other or original v783"
720575940628442389,R1-6,right,0,0,0,6,6,122,14,14,136,"Counts from two alternative Codex exports are compared, never added to each other or original v783"
720575940621349285,R1-6,right,0,0,0,4,4,120,14,14,135,"Counts from two alternative Codex exports are compared, never added to each other or original v783"
720575940616346822,R1-6,right,0,0,0,4,4,119,12,12,134,"Counts from two alternative Codex exports are compared, never added to each other or original v783"
720575940618849537,R1-6,left,0,0,0,3,3,121,9,9,133,"Counts from two alternative Codex exports are compared, never added to each other or original v783"
720575940645991278,R1-6,right,0,0,0,3,3,113,14,14,132,"Counts from two alternative Codex exports are compared, never added to each other or original v783"
720575940612735194,R1-6,right,0,0,0,4,4,120,12,12,131,"Counts from two alternative Codex exports are compared, never added to each other or original v783"
720575940624141508,R1-6,right,0,0,0,4,4,116,15,15,131,"Counts from two alternative Codex exports are compared, never added to each other or original v783"
720575940610715204,R1-6,right,0,0,0,4,4,118,14,14,130,"Counts from two alternative Codex exports are compared, never added to each other or original v783"
720575940626928740,R1-6,right,0,0,0,4,4,121,12,12,130,"Counts from two alternative Codex exports are compared, never added to each other or original v783"
720575940620753744,R1-6,right,0,0,0,3,3,110,16,16,129,"Counts from two alternative Codex exports are compared, never added to each other or original v783"
720575940623239133,R1-6,right,0,0,0,5,5,123,10,10,129,"Counts from two alternative Codex exports are compared, never added to each other or original v783"
720575940638872553,R1-6,left,0,0,0,3,3,120,9,9,129,"Counts from two alternative Codex exports are compared, never added to each other or original v783"
720575940625416167,R1-6,right,0,0,0,4,4,112,13,13,127,"Counts from two alternative Codex exports are compared, never added to each other or original v783"
720575940633773523,R1-6,right,0,0,0,3,3,109,15,15,127,"Counts from two alternative Codex exports are compared, never added to each other or original v783"
720575940620666315,R1-6,right,0,0,0,3,3,110,14,14,126,"Counts from two alternative Codex exports are compared, never added to each other or original v783"
720575940619065664,R1-6,right,0,0,0,6,6,112,13,13,125,"Counts from two alternative Codex exports are compared, never added to each other or original v783"
720575940621462511,R1-6,right,0,0,0,3,3,117,9,9,125,"Counts from two alternative Codex exports are compared, never added to each other or original v783"
720575940633176351,R1-6,right,0,0,0,5,5,120,9,9,125,"Counts from two alternative Codex exports are compared, never added to each other or original v783"
720575940622270273,R1-6,right,0,0,0,6,6,118,10,10,124,"Counts from two alternative Codex exports are compared, never added to each other or original v783"
720575940623003169,R1-6,right,0,0,0,3,3,112,9,9,124,"Counts from two alternative Codex exports are compared, never added to each other or original v783"
720575940631048812,R1-6,right,0,0,0,4,4,101,17,17,124,"Counts from two alternative Codex exports are compared, never added to each other or original v783"
720575940620647760,R1-6,right,0,0,0,3,3,101,14,14,123,"Counts from two alternative Codex exports are compared, never added to each other or original v783"
720575940631286636,R1-6,right,0,0,0,3,3,107,12,12,123,"Counts from two alternative Codex exports are compared, never added to each other or original v783"
720575940632189970,R1-6,right,0,0,0,5,5,113,9,9,123,"Counts from two alternative Codex exports are compared, never added to each other or original v783"
720575940612839793,R1-6,right,0,0,0,5,5,116,11,11,122,"Counts from two alternative Codex exports are compared, never added to each other or original v783"
720575940627671433,R1-6,right,0,0,0,3,3,108,14,14,122,"Counts from two alternative Codex exports are compared, never added to each other or original v783"
720575940631186550,R1-6,right,0,0,0,4,4,113,11,11,122,"Counts from two alternative Codex exports are compared, never added to each other or original v783"
720575940655596193,R1-6,right,0,0,0,3,3,113,8,8,122,"Counts from two alternative Codex exports are compared, never added to each other or original v783"
720575940622799137,R1-6,right,0,0,0,5,5,110,14,14,121,"Counts from two alternative Codex exports are compared, never added to each other or original v783"
720575940633188492,R1-6,right,0,0,0,4,4,109,12,12,120,"Counts from two alternative Codex exports are compared, never added to each other or original v783"
720575940610821188,R1-6,right,0,0,0,3,3,110,8,8,119,"Counts from two alternative Codex exports are compared, never added to each other or original v783"
720575940620665680,R1-6,left,0,0,0,3,3,102,14,14,118,"Counts from two alternative Codex exports are compared, never added to each other or original v783"
720575940621544175,R8,left,0,0,0,7,6,92,21,19,118,"Counts from two alternative Codex exports are compared, never added to each other or original v783"
720575940622404991,R1-6,right,0,0,0,3,3,105,10,10,118,"Counts from two alternative Codex exports are compared, never added to each other or original v783"
720575940629499395,R1-6,right,0,0,0,4,4,104,13,13,117,"Counts from two alternative Codex exports are compared, never added to each other or original v783"
720575940629854507,R1-6,right,0,0,0,3,3,102,11,11,117,"Counts from two alternative Codex exports are compared, never added to each other or original v783"
720575940609221900,R1-6,left,0,0,0,4,4,106,11,11,116,"Counts from two alternative Codex exports are compared, never added to each other or original v783"
720575940615951839,R1-6,right,0,0,0,4,4,106,9,9,116,"Counts from two alternative Codex exports are compared, never added to each other or original v783"
720575940628648936,R1-6,right,0,0,0,3,3,108,10,10,115,"Counts from two alternative Codex exports are compared, never added to each other or original v783"
720575940621103269,R1-6,right,0,0,0,5,5,100,15,15,114,"Counts from two alternative Codex exports are compared, never added to each other or original v783"
720575940631845839,R1-6,right,0,0,0,3,3,100,13,13,114,"Counts from two alternative Codex exports are compared, never added to each other or original v783"
720575940637514414,R1-6,right,0,0,0,5,5,104,11,11,114,"Counts from two alternative Codex exports are compared, never added to each other or original v783"
720575940631301883,R1-6,right,0,0,0,3,3,102,11,11,113,"Counts from two alternative Codex exports are compared, never added to each other or original v783"
720575940636307960,R1-6,right,0,0,0,4,4,102,12,12,112,"Counts from two alternative Codex exports are compared, never added to each other or original v783"
720575940618115289,R1-6,right,0,0,0,3,3,101,11,11,111,"Counts from two alternative Codex exports are compared, never added to each other or original v783"
720575940623005308,R1-6,right,0,0,0,3,3,99,11,11,111,"Counts from two alternative Codex exports are compared, never added to each other or original v783"
720575940628054397,R1-6,right,0,0,0,4,4,94,14,14,111,"Counts from two alternative Codex exports are compared, never added to each other or original v783"
720575940628955722,R1-6,left,0,0,0,3,3,97,10,10,111,"Counts from two alternative Codex exports are compared, never added to each other or original v783"
720575940627638558,R1-6,right,0,0,0,3,3,101,10,10,110,"Counts from two alternative Codex exports are compared, never added to each other or original v783"
720575940628728040,R1-6,left,0,0,0,2,2,91,14,14,110,"Counts from two alternative Codex exports are compared, never added to each other or original v783"
720575940633561887,R1-6,right,0,0,0,4,4,108,6,6,110,"Counts from two alternative Codex exports are compared, never added to each other or original v783"
720575940647229219,R1-6,right,0,0,0,3,3,91,15,15,110,"Counts from two alternative Codex exports are compared, never added to each other or original v783"
720575940616042508,JO-B,left,0,0,0,7,4,28,60,54,109,"Counts from two alternative Codex exports are compared, never added to each other or original v783"
720575940620722000,R1-6,right,0,0,0,3,3,96,11,11,109,"Counts from two alternative Codex exports are compared, never added to each other or original v783"
720575940626585744,R1-6,right,0,0,0,3,3,98,10,10,109,"Counts from two alternative Codex exports are compared, never added to each other or original v783"
720575940615167742,R1-6,right,0,0,0,3,3,95,9,9,108,"Counts from two alternative Codex exports are compared, never added to each other or original v783"
720575940621944941,R1-6,right,0,0,0,3,3,98,11,11,107,"Counts from two alternative Codex exports are compared, never added to each other or original v783"
720575940620629553,R1-6,right,0,0,0,4,4,95,9,9,106,"Counts from two alternative Codex exports are compared, never added to each other or original v783"
720575940622814302,R1-6,right,0,0,0,4,4,90,12,12,105,"Counts from two alternative Codex exports are compared, never added to each other or original v783"
720575940630485626,R1-6,right,0,0,0,4,4,92,13,13,105,"Counts from two alternative Codex exports are compared, never added to each other or original v783"
720575940622303216,R1-6,right,0,0,0,3,3,87,16,16,104,"Counts from two alternative Codex exports are compared, never added to each other or original v783"
720575940631388887,R1-6,right,0,0,0,4,4,98,7,7,104,"Counts from two alternative Codex exports are compared, never added to each other or original v783"
720575940617920827,R1-6,right,0,0,0,3,3,91,11,11,103,"Counts from two alternative Codex exports are compared, never added to each other or original v783"
720575940622703640,R1-6,right,0,0,0,4,4,92,11,11,103,"Counts from two alternative Codex exports are compared, never added to each other or original v783"
720575940622939998,R1-6,right,0,0,0,3,3,84,13,13,101,"Counts from two alternative Codex exports are compared, never added to each other or original v783"
720575940614792623,R1-6,right,0,0,0,3,3,92,7,7,100,"Counts from two alternative Codex exports are compared, never added to each other or original v783"
720575940636401400,R1-6,right,0,0,0,4,4,94,8,8,99,"Counts from two alternative Codex exports are compared, never added to each other or original v783"
720575940630869548,R1-6,right,0,0,0,4,4,95,6,6,98,"Counts from two alternative Codex exports are compared, never added to each other or original v783"
720575940611532664,R1-6,right,0,0,0,4,4,87,8,8,97,"Counts from two alternative Codex exports are compared, never added to each other or original v783"
720575940616710412,R1-6,left,0,0,0,3,3,87,9,9,97,"Counts from two alternative Codex exports are compared, never added to each other or original v783"
720575940625781692,R1-6,right,0,0,0,3,3,91,8,8,97,"Counts from two alternative Codex exports are compared, never added to each other or original v783"
720575940618743709,R1-6,right,0,0,0,3,3,80,10,10,96,"Counts from two alternative Codex exports are compared, never added to each other or original v783"
720575940619877022,R1-6,right,0,0,0,4,4,90,8,8,96,"Counts from two alternative Codex exports are compared, never added to each other or original v783"
720575940631750095,R1-6,right,0,0,0,3,3,86,10,10,96,"Counts from two alternative Codex exports are compared, never added to each other or original v783"
720575940606503870,R1-6,right,0,0,0,3,3,85,9,9,94,"Counts from two alternative Codex exports are compared, never added to each other or original v783"
720575940622056368,R1-6,right,0,0,0,2,2,82,11,11,94,"Counts from two alternative Codex exports are compared, never added to each other or original v783"
720575940632083275,R1-6,right,0,0,0,3,3,83,11,11,94,"Counts from two alternative Codex exports are compared, never added to each other or original v783"
720575940643034765,R1-6,right,0,0,0,4,4,80,15,15,94,"Counts from two alternative Codex exports are compared, never added to each other or original v783"
720575940613971683,R1-6,right,0,0,0,3,3,81,11,11,93,"Counts from two alternative Codex exports are compared, never added to each other or original v783"
720575940632382994,R1-6,right,0,0,0,3,3,77,12,12,93,"Counts from two alternative Codex exports are compared, never added to each other or original v783"
720575940607860169,R1-6,right,0,0,0,4,4,80,11,11,92,"Counts from two alternative Codex exports are compared, never added to each other or original v783"
720575940609485579,R1-6,right,0,0,0,4,4,85,9,9,92,"Counts from two alternative Codex exports are compared, never added to each other or original v783"
720575940624956139,R1-6,right,0,0,0,3,3,75,14,14,92,"Counts from two alternative Codex exports are compared, never added to each other or original v783"
720575940628102013,R1-6,right,0,0,0,4,4,81,10,10,92,"Counts from two alternative Codex exports are compared, never added to each other or original v783"
720575940621526510,R1-6,left,0,0,0,3,3,81,8,8,91,"Counts from two alternative Codex exports are compared, never added to each other or original v783"
720575940612899763,R1-6,right,0,0,0,3,3,79,10,10,90,"Counts from two alternative Codex exports are compared, never added to each other or original v783"
720575940621090213,R1-6,right,0,0,0,4,4,80,12,12,90,"Counts from two alternative Codex exports are compared, never added to each other or original v783"
720575940622029494,R1-6,right,0,0,0,3,3,80,10,10,90,"Counts from two alternative Codex exports are compared, never added to each other or original v783"
720575940623400216,R1-6,left,0,0,0,3,3,75,14,14,90,"Counts from two alternative Codex exports are compared, never added to each other or original v783"
720575940611550840,R1-6,right,0,0,0,3,3,80,9,9,89,"Counts from two alternative Codex exports are compared, never added to each other or original v783"
720575940620797643,R1-6,left,0,0,0,3,3,79,11,11,89,"Counts from two alternative Codex exports are compared, never added to each other or original v783"
720575940612947635,R1-6,right,0,0,0,3,3,72,10,10,88,"Counts from two alternative Codex exports are compared, never added to each other or original v783"
720575940630333566,R1-6,right,0,0,0,4,4,81,8,8,88,"Counts from two alternative Codex exports are compared, never added to each other or original v783"
720575940625511572,R1-6,right,0,0,0,2,2,65,13,13,85,"Counts from two alternative Codex exports are compared, never added to each other or original v783"
720575940630423418,R1-6,right,0,0,0,2,2,68,12,12,84,"Counts from two alternative Codex exports are compared, never added to each other or original v783"
720575940606245822,R1-6,left,0,0,0,2,2,72,9,9,83,"Counts from two alternative Codex exports are compared, never added to each other or original v783"
720575940623347414,R1-6,left,0,0,0,2,2,77,6,6,83,"Counts from two alternative Codex exports are compared, never added to each other or original v783"
720575940606578790,R1-6,left,0,0,0,3,3,78,7,7,82,"Counts from two alternative Codex exports are compared, never added to each other or original v783"
720575940631043900,R1-6,right,0,0,0,3,3,68,13,13,82,"Counts from two alternative Codex exports are compared, never added to each other or original v783"
720575940629636713,R8,left,0,0,0,10,4,65,23,14,81,"Counts from two alternative Codex exports are compared, never added to each other or original v783"
720575940613196261,R1-6,right,0,0,0,2,2,66,11,11,80,"Counts from two alternative Codex exports are compared, never added to each other or original v783"
720575940621338246,R8,left,0,0,0,6,6,43,26,26,80,"Counts from two alternative Codex exports are compared, never added to each other or original v783"
720575940622799898,R1-6,right,0,0,0,3,3,73,8,8,80,"Counts from two alternative Codex exports are compared, never added to each other or original v783"
720575940639201508,R1-6,right,0,0,0,3,3,71,10,10,80,"Counts from two alternative Codex exports are compared, never added to each other or original v783"
720575940608224178,R1-6,left,0,0,0,2,2,63,13,13,79,"Counts from two alternative Codex exports are compared, never added to each other or original v783"
720575940615708066,R1-6,right,0,0,0,3,3,73,8,8,79,"Counts from two alternative Codex exports are compared, never added to each other or original v783"
720575940635677887,R1-6,right,0,0,0,3,3,74,8,8,79,"Counts from two alternative Codex exports are compared, never added to each other or original v783"
720575940638921700,R1-6,right,0,0,0,4,4,73,9,9,79,"Counts from two alternative Codex exports are compared, never added to each other or original v783"
720575940614839215,R1-6,right,0,0,0,2,2,63,9,9,77,"Counts from two alternative Codex exports are compared, never added to each other or original v783"
720575940618223419,R1-6,right,0,0,0,4,4,74,7,7,77,"Counts from two alternative Codex exports are compared, never added to each other or original v783"
720575940618240401,R1-6,left,0,0,0,3,3,72,7,7,77,"Counts from two alternative Codex exports are compared, never added to each other or original v783"
720575940623770637,R1-6,right,0,0,0,3,3,66,11,11,76,"Counts from two alternative Codex exports are compared, never added to each other or original v783"
720575940633816986,DNx02,left,0,0,0,3,3,39,34,34,76,"Counts from two alternative Codex exports are compared, never added to each other or original v783"
720575940629377641,R1-6,right,0,0,0,3,3,64,8,8,75,"Counts from two alternative Codex exports are compared, never added to each other or original v783"
720575940621667462,R1-6,right,0,0,0,3,3,68,9,9,74,"Counts from two alternative Codex exports are compared, never added to each other or original v783"
720575940648383364,R1-6,right,0,0,0,3,3,70,6,6,74,"Counts from two alternative Codex exports are compared, never added to each other or original v783"
720575940621458625,R1-6,left,0,0,0,3,3,65,8,8,73,"Counts from two alternative Codex exports are compared, never added to each other or original v783"
720575940609622281,R8,left,0,0,0,7,4,42,29,25,72,"Counts from two alternative Codex exports are compared, never added to each other or original v783"
720575940632687672,R1-6,left,0,0,0,3,3,66,8,8,72,"Counts from two alternative Codex exports are compared, never added to each other or original v783"
720575940619381108,,left,0,0,0,3,3,21,40,40,71,"Counts from two alternative Codex exports are compared, never added to each other or original v783"
720575940621443206,R1-6,right,0,0,0,3,3,64,9,9,71,"Counts from two alternative Codex exports are compared, never added to each other or original v783"
720575940646459502,R1-6,right,0,0,0,3,3,66,6,6,70,"Counts from two alternative Codex exports are compared, never added to each other or original v783"
720575940628522152,R1-6,right,0,0,0,3,3,62,7,7,68,"Counts from two alternative Codex exports are compared, never added to each other or original v783"
720575940646392942,R1-6,left,0,0,0,2,2,51,8,8,64,"Counts from two alternative Codex exports are compared, never added to each other or original v783"
720575940617499765,R7,left,0,0,0,5,3,33,25,22,62,"Counts from two alternative Codex exports are compared, never added to each other or original v783"
720575940616450626,R1-6,right,0,0,0,3,3,53,7,7,57,"Counts from two alternative Codex exports are compared, never added to each other or original v783"
720575940621500070,R1-6,right,0,0,0,3,3,43,12,12,54,"Counts from two alternative Codex exports are compared, never added to each other or original v783"
720575940630351554,R1-6,right,0,0,0,2,2,42,9,9,54,"Counts from two alternative Codex exports are compared, never added to each other or original v783"
720575940609778289,,right,0,0,0,2,2,15,26,26,51,"Counts from two alternative Codex exports are compared, never added to each other or original v783"
720575940621157887,,left,0,0,0,3,3,21,23,23,50,"Counts from two alternative Codex exports are compared, never added to each other or original v783"
720575940620320193,JO-EV,left,0,0,0,2,2,14,23,23,48,"Counts from two alternative Codex exports are compared, never added to each other or original v783"
720575940622811903,JO-mz,left,0,0,0,2,2,13,27,27,48,"Counts from two alternative Codex exports are compared, never added to each other or original v783"
720575940628335611,,left,0,0,0,4,3,23,23,21,48,"Counts from two alternative Codex exports are compared, never added to each other or original v783"
720575940632280338,R8,left,0,0,0,4,2,26,19,16,45,"Counts from two alternative Codex exports are compared, never added to each other or original v783"
720575940617768587,R8,left,0,0,0,2,2,21,12,12,38,"Counts from two alternative Codex exports are compared, never added to each other or original v783"
720575940618061661,R1-6,left,0,0,0,1,1,35,3,3,38,"Counts from two alternative Codex exports are compared, never added to each other or original v783"
720575940629924091,ITP,left,0,0,0,2,1,7,22,19,38,"Counts from two alternative Codex exports are compared, never added to each other or original v783"
720575940631592017,ITP,left,0,0,0,2,1,7,23,21,37,"Counts from two alternative Codex exports are compared, never added to each other or original v783"
720575940625721118,ITP,left,0,0,0,2,1,8,19,16,36,"Counts from two alternative Codex exports are compared, never added to each other or original v783"
720575940620785869,,left,0,0,0,1,1,5,23,23,33,"Counts from two alternative Codex exports are compared, never added to each other or original v783"
720575940627149415,,left,0,0,0,0,0,0,23,23,31,"Counts from two alternative Codex exports are compared, never added to each other or original v783"
720575940615121501,,right,0,0,0,0,0,0,21,21,30,"Counts from two alternative Codex exports are compared, never added to each other or original v783"
720575940619423216,,left,0,0,0,1,1,6,15,15,29,"Counts from two alternative Codex exports are compared, never added to each other or original v783"
720575940610183154,,left,0,0,0,1,1,6,17,17,27,"Counts from two alternative Codex exports are compared, never added to each other or original v783"
720575940609307854,,left,0,0,0,2,2,12,12,12,25,"Counts from two alternative Codex exports are compared, never added to each other or original v783"
720575940630846125,,left,0,0,0,2,2,11,11,11,24,"Counts from two alternative Codex exports are compared, never added to each other or original v783"
720575940617816661,,left,0,0,0,2,2,11,9,9,23,"Counts from two alternative Codex exports are compared, never added to each other or original v783"
720575940621949675,AN_GNG_124,left,0,0,0,1,1,8,10,10,23,"Counts from two alternative Codex exports are compared, never added to each other or original v783"
720575940619193264,,left,0,0,0,0,0,0,12,12,21,"Counts from two alternative Codex exports are compared, never added to each other or original v783"
720575940625652879,,left,0,0,0,1,1,11,9,9,20,"Counts from two alternative Codex exports are compared, never added to each other or original v783"
720575940627873299,R1-6,right,0,0,0,1,1,8,9,9,19,"Counts from two alternative Codex exports are compared, never added to each other or original v783"
720575940645264260,AN_GNG_124,left,0,0,0,0,0,0,12,12,19,"Counts from two alternative Codex exports are compared, never added to each other or original v783"
720575940648702084,R8,right,0,0,0,3,2,10,9,8,19,"Counts from two alternative Codex exports are compared, never added to each other or original v783"
720575940611810001,,right,0,0,0,0,0,0,13,13,18,"Counts from two alternative Codex exports are compared, never added to each other or original v783"
720575940629070155,,left,0,0,0,0,0,0,15,15,17,"Counts from two alternative Codex exports are compared, never added to each other or original v783"
720575940611510765,,left,0,0,0,0,0,0,11,11,16,"Counts from two alternative Codex exports are compared, never added to each other or original v783"
720575940618109460,,right,0,0,0,0,0,0,12,12,16,"Counts from two alternative Codex exports are compared, never added to each other or original v783"
720575940618768806,,left,0,0,0,0,0,0,14,14,16,"Counts from two alternative Codex exports are compared, never added to each other or original v783"
720575940626702159,,left,0,0,0,0,0,0,8,8,15,"Counts from two alternative Codex exports are compared, never added to each other or original v783"
720575940632460951,,left,0,0,0,0,0,0,12,12,15,"Counts from two alternative Codex exports are compared, never added to each other or original v783"
720575940635609975,,right,0,0,0,0,0,0,10,10,15,"Counts from two alternative Codex exports are compared, never added to each other or original v783"
720575940626896145,,left,0,0,0,0,0,0,12,12,14,"Counts from two alternative Codex exports are compared, never added to each other or original v783"
720575940639166197,,left,0,0,0,1,1,8,7,7,14,"Counts from two alternative Codex exports are compared, never added to each other or original v783"
720575940606375772,,left,0,0,0,1,1,7,6,6,13,"Counts from two alternative Codex exports are compared, never added to each other or original v783"
720575940612294311,AN_GNG_90,left,0,0,0,0,0,0,11,11,13,"Counts from two alternative Codex exports are compared, never added to each other or original v783"
720575940625929765,JO-F,right,0,0,0,0,0,0,13,13,13,"Counts from two alternative Codex exports are compared, never added to each other or original v783"
720575940612755050,,left,0,0,0,1,1,5,7,7,12,"Counts from two alternative Codex exports are compared, never added to each other or original v783"
720575940613684274,,left,0,0,0,0,0,0,6,6,12,"Counts from two alternative Codex exports are compared, never added to each other or original v783"
720575940620236593,R1-6,left,0,0,0,0,0,0,9,9,12,"Counts from two alternative Codex exports are compared, never added to each other or original v783"
720575940623325993,JO-E,right,0,0,0,0,0,0,11,11,12,"Counts from two alternative Codex exports are compared, never added to each other or original v783"
720575940623335715,R1-6,left,0,0,0,1,1,7,3,3,12,"Counts from two alternative Codex exports are compared, never added to each other or original v783"
720575940623495693,R1-6,left,0,0,0,0,0,0,6,6,12,"Counts from two alternative Codex exports are compared, never added to each other or original v783"
720575940624048275,R1-6,left,0,0,0,1,1,7,3,3,12,"Counts from two alternative Codex exports are compared, never added to each other or original v783"
720575940621568490,,left,0,0,0,1,1,5,4,4,11,"Counts from two alternative Codex exports are compared, never added to each other or original v783"
720575940626770532,R1-6,left,0,0,0,0,0,0,7,7,11,"Counts from two alternative Codex exports are compared, never added to each other or original v783"
720575940612326606,R8,left,0,0,0,0,0,0,5,5,10,"Counts from two alternative Codex exports are compared, never added to each other or original v783"
720575940621463699,,left,0,0,0,0,0,0,6,6,10,"Counts from two alternative Codex exports are compared, never added to each other or original v783"
720575940609703179,R7,right,0,0,0,0,0,0,6,6,9,"Counts from two alternative Codex exports are compared, never added to each other or original v783"
720575940623151565,JO-F,right,0,0,0,0,0,0,6,6,9,"Counts from two alternative Codex exports are compared, never added to each other or original v783"
720575940631230167,R1-6,left,0,0,0,0,0,0,7,7,9,"Counts from two alternative Codex exports are compared, never added to each other or original v783"
720575940613878459,,right,0,0,0,0,0,0,7,7,8,"Counts from two alternative Codex exports are compared, never added to each other or original v783"
720575940614957115,,left,0,0,0,0,0,0,7,7,8,"Counts from two alternative Codex exports are compared, never added to each other or original v783"
720575940628255034,R1-6,left,0,0,0,1,1,7,2,2,8,"Counts from two alternative Codex exports are compared, never added to each other or original v783"
720575940629888515,R1-6,left,0,0,0,0,0,0,5,5,8,"Counts from two alternative Codex exports are compared, never added to each other or original v783"
720575940639884622,R1-6,left,0,0,0,1,1,5,3,3,8,"Counts from two alternative Codex exports are compared, never added to each other or original v783"
720575940619904380,,left,0,0,0,0,0,0,6,6,7,"Counts from two alternative Codex exports are compared, never added to each other or original v783"
720575940623111593,R1-6,left,0,0,0,1,1,5,3,3,7,"Counts from two alternative Codex exports are compared, never added to each other or original v783"
720575940623758669,,left,0,0,0,0,0,0,6,6,7,"Counts from two alternative Codex exports are compared, never added to each other or original v783"
720575940631515643,R1-6,left,0,0,0,1,1,5,3,3,7,"Counts from two alternative Codex exports are compared, never added to each other or original v783"
720575940632674444,R1-6,left,0,0,0,0,0,0,3,3,7,"Counts from two alternative Codex exports are compared, never added to each other or original v783"
720575940611937967,,left,0,0,0,0,0,0,6,6,6,"Counts from two alternative Codex exports are compared, never added to each other or original v783"
720575940613587609,R8,right,0,0,0,0,0,0,5,5,6,"Counts from two alternative Codex exports are compared, never added to each other or original v783"
720575940618092965,AN_GNG_124,left,0,0,0,0,0,0,4,4,6,"Counts from two alternative Codex exports are compared, never added to each other or original v783"
720575940620556117,R1-6,left,0,0,0,1,1,5,2,2,6,"Counts from two alternative Codex exports are compared, never added to each other or original v783"
720575940626668443,,left,0,0,0,0,0,0,5,5,6,"Counts from two alternative Codex exports are compared, never added to each other or original v783"
720575940632257091,R1-6,left,0,0,0,1,1,5,2,2,6,"Counts from two alternative Codex exports are compared, never added to each other or original v783"
720575940633705560,,left,0,0,0,0,0,0,6,6,6,"Counts from two alternative Codex exports are compared, never added to each other or original v783"
720575940637125239,R1-6,left,0,0,0,0,0,0,4,4,6,"Counts from two alternative Codex exports are compared, never added to each other or original v783"
720575940610073940,R1-6,left,0,0,0,0,0,0,3,3,5,"Counts from two alternative Codex exports are compared, never added to each other or original v783"
720575940611801976,R1-6,left,0,0,0,0,0,0,3,3,5,"Counts from two alternative Codex exports are compared, never added to each other or original v783"
720575940616591372,R1-6,left,0,0,0,0,0,0,2,2,5,"Counts from two alternative Codex exports are compared, never added to each other or original v783"
720575940619984798,R1-6,left,0,0,0,0,0,0,5,5,5,"Counts from two alternative Codex exports are compared, never added to each other or original v783"
720575940624501747,JO-EVM,left,0,0,0,0,0,0,5,5,5,"Counts from two alternative Codex exports are compared, never added to each other or original v783"
720575940625564860,R1-6,left,0,0,0,0,0,0,3,3,5,"Counts from two alternative Codex exports are compared, never added to each other or original v783"
720575940627462914,R1-6,left,0,0,0,0,0,0,4,4,5,"Counts from two alternative Codex exports are compared, never added to each other or original v783"
720575940628346170,R1-6,left,0,0,0,0,0,0,4,2,5,"Counts from two alternative Codex exports are compared, never added to each other or original v783"
720575940631149372,R1-6,left,0,0,0,0,0,0,3,3,5,"Counts from two alternative Codex exports are compared, never added to each other or original v783"
720575940638909429,,left,0,0,0,0,0,0,5,5,5,"Counts from two alternative Codex exports are compared, never added to each other or original v783"
720575940611477229,,right,0,0,0,0,0,0,4,4,4,"Counts from two alternative Codex exports are compared, never added to each other or original v783"
720575940614200557,R1-6,left,0,0,0,0,0,0,4,4,4,"Counts from two alternative Codex exports are compared, never added to each other or original v783"
720575940615556498,R1-6,left,0,0,0,0,0,0,4,4,4,"Counts from two alternative Codex exports are compared, never added to each other or original v783"
720575940618422929,R1-6,left,0,0,0,0,0,0,2,2,4,"Counts from two alternative Codex exports are compared, never added to each other or original v783"
720575940621466048,R1-6,left,0,0,0,0,0,0,2,2,4,"Counts from two alternative Codex exports are compared, never added to each other or original v783"
720575940622064961,R1-6,left,0,0,0,0,0,0,4,4,4,"Counts from two alternative Codex exports are compared, never added to each other or original v783"
720575940623867016,R1-6,left,0,0,0,0,0,0,3,3,4,"Counts from two alternative Codex exports are compared, never added to each other or original v783"
720575940625067243,R1-6,left,0,0,0,0,0,0,3,3,4,"Counts from two alternative Codex exports are compared, never added to each other or original v783"
720575940627618905,R1-6,left,0,0,0,0,0,0,3,3,4,"Counts from two alternative Codex exports are compared, never added to each other or original v783"
720575940627852669,R1-6,left,0,0,0,0,0,0,3,3,4,"Counts from two alternative Codex exports are compared, never added to each other or original v783"
720575940628388936,R1-6,left,0,0,0,0,0,0,3,3,4,"Counts from two alternative Codex exports are compared, never added to each other or original v783"
720575940633220516,R1-6,left,0,0,0,0,0,0,2,2,4,"Counts from two alternative Codex exports are compared, never added to each other or original v783"
720575940638711359,R1-6,left,0,0,0,0,0,0,3,3,4,"Counts from two alternative Codex exports are compared, never added to each other or original v783"
720575940661099137,R1-6,left,0,0,0,0,0,0,4,4,4,"Counts from two alternative Codex exports are compared, never added to each other or original v783"
720575940606631102,R1-6,left,0,0,0,0,0,0,2,2,3,"Counts from two alternative Codex exports are compared, never added to each other or original v783"
720575940609748437,R1-6,left,0,0,0,0,0,0,3,3,3,"Counts from two alternative Codex exports are compared, never added to each other or original v783"
720575940611539666,R1-6,left,0,0,0,0,0,0,2,2,3,"Counts from two alternative Codex exports are compared, never added to each other or original v783"
720575940614194925,R1-6,left,0,0,0,0,0,0,2,2,3,"Counts from two alternative Codex exports are compared, never added to each other or original v783"
720575940614197485,R1-6,left,0,0,0,0,0,0,3,3,3,"Counts from two alternative Codex exports are compared, never added to each other or original v783"
720575940614567855,R1-6,left,0,0,0,0,0,0,3,3,3,"Counts from two alternative Codex exports are compared, never added to each other or original v783"
720575940614849967,R1-6,left,0,0,0,0,0,0,3,3,3,"Counts from two alternative Codex exports are compared, never added to each other or original v783"
720575940614890642,,left,0,0,0,0,0,0,3,3,3,"Counts from two alternative Codex exports are compared, never added to each other or original v783"
720575940615103998,R1-6,left,0,0,0,0,0,0,3,3,3,"Counts from two alternative Codex exports are compared, never added to each other or original v783"
720575940617513589,R1-6,left,0,0,0,0,0,0,2,2,3,"Counts from two alternative Codex exports are compared, never added to each other or original v783"
720575940618090129,R1-6,left,0,0,0,0,0,0,2,2,3,"Counts from two alternative Codex exports are compared, never added to each other or original v783"
720575940618916125,R1-6,left,0,0,0,0,0,0,2,2,3,"Counts from two alternative Codex exports are compared, never added to each other or original v783"
720575940620531761,R1-6,left,0,0,0,0,0,0,2,2,3,"Counts from two alternative Codex exports are compared, never added to each other or original v783"
720575940621962081,R1-6,left,0,0,0,0,0,0,2,2,3,"Counts from two alternative Codex exports are compared, never added to each other or original v783"
720575940621978534,R1-6,left,0,0,0,0,0,0,3,3,3,"Counts from two alternative Codex exports are compared, never added to each other or original v783"
720575940622918012,R1-6,right,0,0,0,0,0,0,3,3,3,"Counts from two alternative Codex exports are compared, never added to each other or original v783"
720575940623721496,R1-6,left,0,0,0,0,0,0,3,3,3,"Counts from two alternative Codex exports are compared, never added to each other or original v783"
720575940624103827,R1-6,left,0,0,0,0,0,0,3,3,3,"Counts from two alternative Codex exports are compared, never added to each other or original v783"
720575940625635119,R1-6,left,0,0,0,0,0,0,3,3,3,"Counts from two alternative Codex exports are compared, never added to each other or original v783"
720575940626216720,,left,0,0,0,0,0,0,2,2,3,"Counts from two alternative Codex exports are compared, never added to each other or original v783"
720575940628758319,R1-6,left,0,0,0,0,0,0,1,1,3,"Counts from two alternative Codex exports are compared, never added to each other or original v783"
720575940629063409,R1-6,left,0,0,0,0,0,0,2,2,3,"Counts from two alternative Codex exports are compared, never added to each other or original v783"
720575940629411883,R1-6,left,0,0,0,0,0,0,3,3,3,"Counts from two alternative Codex exports are compared, never added to each other or original v783"
720575940630239327,R1-6,left,0,0,0,0,0,0,2,2,3,"Counts from two alternative Codex exports are compared, never added to each other or original v783"
720575940630727212,R1-6,left,0,0,0,0,0,0,2,2,3,"Counts from two alternative Codex exports are compared, never added to each other or original v783"
720575940631079900,R1-6,left,0,0,0,0,0,0,2,2,3,"Counts from two alternative Codex exports are compared, never added to each other or original v783"
720575940638713407,R1-6,left,0,0,0,0,0,0,3,3,3,"Counts from two alternative Codex exports are compared, never added to each other or original v783"
720575940639655238,Lawf1,left,0,0,0,0,0,0,3,3,3,"Counts from two alternative Codex exports are compared, never added to each other or original v783"
720575940639783989,R1-6,left,0,0,0,0,0,0,2,2,3,"Counts from two alternative Codex exports are compared, never added to each other or original v783"
720575940640197949,R1-6,left,0,0,0,0,0,0,3,3,3,"Counts from two alternative Codex exports are compared, never added to each other or original v783"
720575940645837335,R1-6,left,0,0,0,0,0,0,2,2,3,"Counts from two alternative Codex exports are compared, never added to each other or original v783"
720575940606292582,R1-6,left,0,0,0,0,0,0,2,2,2,"Counts from two alternative Codex exports are compared, never added to each other or original v783"
720575940612354196,R1-6,left,0,0,0,0,0,0,2,2,2,"Counts from two alternative Codex exports are compared, never added to each other or original v783"
720575940612706778,R1-6,left,0,0,0,0,0,0,2,2,2,"Counts from two alternative Codex exports are compared, never added to each other or original v783"
720575940613138674,R1-6,left,0,0,0,0,0,0,2,2,2,"Counts from two alternative Codex exports are compared, never added to each other or original v783"
720575940613486762,R1-6,left,0,0,0,0,0,0,2,2,2,"Counts from two alternative Codex exports are compared, never added to each other or original v783"
720575940613582996,R1-6,left,0,0,0,0,0,0,2,2,2,"Counts from two alternative Codex exports are compared, never added to each other or original v783"
720575940614736699,,left,0,0,0,0,0,0,1,1,2,"Counts from two alternative Codex exports are compared, never added to each other or original v783"
720575940615650666,R1-6,left,0,0,0,0,0,0,1,1,2,"Counts from two alternative Codex exports are compared, never added to each other or original v783"
720575940615855510,R1-6,left,0,0,0,0,0,0,2,2,2,"Counts from two alternative Codex exports are compared, never added to each other or original v783"
720575940615927263,R1-6,left,0,0,0,0,0,0,2,2,2,"Counts from two alternative Codex exports are compared, never added to each other or original v783"
720575940615957215,R1-6,left,0,0,0,0,0,0,2,2,2,"Counts from two alternative Codex exports are compared, never added to each other or original v783"
720575940616388550,R1-6,left,0,0,0,0,0,0,2,2,2,"Counts from two alternative Codex exports are compared, never added to each other or original v783"
720575940617649238,,right,0,0,0,0,0,0,2,2,2,"Counts from two alternative Codex exports are compared, never added to each other or original v783"
720575940618238681,R1-6,left,0,0,0,0,0,0,2,2,2,"Counts from two alternative Codex exports are compared, never added to each other or original v783"
720575940618863553,DNge061,right,0,0,0,0,0,0,2,2,2,"Counts from two alternative Codex exports are compared, never added to each other or original v783"
720575940619434587,DNge153,right,0,0,0,0,0,0,2,2,2,"Counts from two alternative Codex exports are compared, never added to each other or original v783"
720575940620487504,R1-6,left,0,0,0,0,0,0,2,2,2,"Counts from two alternative Codex exports are compared, never added to each other or original v783"
720575940620545616,R1-6,left,0,0,0,0,0,0,2,2,2,"Counts from two alternative Codex exports are compared, never added to each other or original v783"
720575940621884854,R1-6,left,0,0,0,0,0,0,2,2,2,"Counts from two alternative Codex exports are compared, never added to each other or original v783"
720575940621962337,R1-6,left,0,0,0,0,0,0,1,1,2,"Counts from two alternative Codex exports are compared, never added to each other or original v783"
720575940622550878,R1-6,left,0,0,0,0,0,0,1,1,2,"Counts from two alternative Codex exports are compared, never added to each other or original v783"
720575940622643806,R1-6,left,0,0,0,0,0,0,2,2,2,"Counts from two alternative Codex exports are compared, never added to each other or original v783"
720575940622654591,R1-6,left,0,0,0,0,0,0,2,2,2,"Counts from two alternative Codex exports are compared, never added to each other or original v783"
720575940622798836,R1-6,left,0,0,0,0,0,0,1,1,2,"Counts from two alternative Codex exports are compared, never added to each other or original v783"
720575940622879521,R1-6,left,0,0,0,0,0,0,2,2,2,"Counts from two alternative Codex exports are compared, never added to each other or original v783"
720575940623242108,R1-6,left,0,0,0,0,0,0,2,2,2,"Counts from two alternative Codex exports are compared, never added to each other or original v783"
720575940623337251,R1-6,left,0,0,0,0,0,0,2,2,2,"Counts from two alternative Codex exports are compared, never added to each other or original v783"
720575940624438566,R1-6,left,0,0,0,0,0,0,2,2,2,"Counts from two alternative Codex exports are compared, never added to each other or original v783"
720575940625603512,R1-6,left,0,0,0,0,0,0,1,1,2,"Counts from two alternative Codex exports are compared, never added to each other or original v783"
720575940625643495,R1-6,left,0,0,0,0,0,0,2,1,2,"Counts from two alternative Codex exports are compared, never added to each other or original v783"
720575940627309913,R1-6,left,0,0,0,0,0,0,2,2,2,"Counts from two alternative Codex exports are compared, never added to each other or original v783"
720575940627665241,R1-6,left,0,0,0,0,0,0,2,2,2,"Counts from two alternative Codex exports are compared, never added to each other or original v783"
720575940627693181,R1-6,left,0,0,0,0,0,0,2,2,2,"Counts from two alternative Codex exports are compared, never added to each other or original v783"
720575940628089402,R1-6,left,0,0,0,0,0,0,2,2,2,"Counts from two alternative Codex exports are compared, never added to each other or original v783"
720575940628131130,R1-6,right,0,0,0,0,0,0,2,2,2,"Counts from two alternative Codex exports are compared, never added to each other or original v783"
720575940628240210,R1-6,left,0,0,0,0,0,0,2,2,2,"Counts from two alternative Codex exports are compared, never added to each other or original v783"
720575940628391240,R1-6,left,0,0,0,0,0,0,2,2,2,"Counts from two alternative Codex exports are compared, never added to each other or original v783"
720575940628732744,R1-6,left,0,0,0,0,0,0,2,2,2,"Counts from two alternative Codex exports are compared, never added to each other or original v783"
720575940628938314,R1-6,left,0,0,0,0,0,0,2,2,2,"Counts from two alternative Codex exports are compared, never added to each other or original v783"
720575940628938570,R1-6,left,0,0,0,0,0,0,2,2,2,"Counts from two alternative Codex exports are compared, never added to each other or original v783"
720575940629292842,AN_GNG_204,left,0,0,0,0,0,0,2,2,2,"Counts from two alternative Codex exports are compared, never added to each other or original v783"
720575940629615209,R1-6,left,0,0,0,0,0,0,2,2,2,"Counts from two alternative Codex exports are compared, never added to each other or original v783"
720575940629752080,R1-6,left,0,0,0,0,0,0,2,2,2,"Counts from two alternative Codex exports are compared, never added to each other or original v783"
720575940630544250,R1-6,left,0,0,0,0,0,0,2,2,2,"Counts from two alternative Codex exports are compared, never added to each other or original v783"
720575940630657792,R1-6,left,0,0,0,0,0,0,2,2,2,"Counts from two alternative Codex exports are compared, never added to each other or original v783"
720575940630942428,R1-6,left,0,0,0,0,0,0,2,2,2,"Counts from two alternative Codex exports are compared, never added to each other or original v783"
720575940631100160,R1-6,left,0,0,0,0,0,0,2,2,2,"Counts from two alternative Codex exports are compared, never added to each other or original v783"
720575940631184246,R1-6,left,0,0,0,0,0,0,1,1,2,"Counts from two alternative Codex exports are compared, never added to each other or original v783"
720575940632352104,R1-6,left,0,0,0,0,0,0,2,2,2,"Counts from two alternative Codex exports are compared, never added to each other or original v783"
720575940632704303,R1-6,left,0,0,0,0,0,0,1,1,2,"Counts from two alternative Codex exports are compared, never added to each other or original v783"
720575940634857884,R1-6,left,0,0,0,0,0,0,2,2,2,"Counts from two alternative Codex exports are compared, never added to each other or original v783"
720575940635440235,R1-6,left,0,0,0,0,0,0,1,1,2,"Counts from two alternative Codex exports are compared, never added to each other or original v783"
720575940636168116,R1-6,left,0,0,0,0,0,0,2,2,2,"Counts from two alternative Codex exports are compared, never added to each other or original v783"
720575940637470627,,left,0,0,0,0,0,0,2,2,2,"Counts from two alternative Codex exports are compared, never added to each other or original v783"
720575940638078832,R1-6,left,0,0,0,0,0,0,2,2,2,"Counts from two alternative Codex exports are compared, never added to each other or original v783"
720575940638820442,R1-6,left,0,0,0,0,0,0,2,2,2,"Counts from two alternative Codex exports are compared, never added to each other or original v783"
720575940639049193,R1-6,left,0,0,0,0,0,0,2,2,2,"Counts from two alternative Codex exports are compared, never added to each other or original v783"
720575940639787061,R1-6,left,0,0,0,0,0,0,2,2,2,"Counts from two alternative Codex exports are compared, never added to each other or original v783"
720575940640193614,R1-6,left,0,0,0,0,0,0,1,1,2,"Counts from two alternative Codex exports are compared, never added to each other or original v783"
720575940640196413,R1-6,left,0,0,0,0,0,0,2,2,2,"Counts from two alternative Codex exports are compared, never added to each other or original v783"
720575940642527451,R1-6,left,0,0,0,0,0,0,2,2,2,"Counts from two alternative Codex exports are compared, never added to each other or original v783"
720575940643079309,R1-6,left,0,0,0,0,0,0,1,1,2,"Counts from two alternative Codex exports are compared, never added to each other or original v783"
720575940647962500,R1-6,left,0,0,0,0,0,0,2,2,2,"Counts from two alternative Codex exports are compared, never added to each other or original v783"
720575940648163972,R1-6,left,0,0,0,0,0,0,1,1,2,"Counts from two alternative Codex exports are compared, never added to each other or original v783"
720575940605634220,R1-6,left,0,0,0,0,0,0,1,1,1,"Counts from two alternative Codex exports are compared, never added to each other or original v783"
720575940606022128,R1-6,left,0,0,0,0,0,0,1,1,1,"Counts from two alternative Codex exports are compared, never added to each other or original v783"
720575940606292326,R1-6,left,0,0,0,0,0,0,1,1,1,"Counts from two alternative Codex exports are compared, never added to each other or original v783"
720575940606630590,R1-6,left,0,0,0,0,0,0,1,1,1,"Counts from two alternative Codex exports are compared, never added to each other or original v783"
720575940609518091,R1-6,left,0,0,0,0,0,0,1,1,1,"Counts from two alternative Codex exports are compared, never added to each other or original v783"
720575940610188669,R1-6,left,0,0,0,0,0,0,1,1,1,"Counts from two alternative Codex exports are compared, never added to each other or original v783"
720575940610759764,R1-6,left,0,0,0,0,0,0,1,1,1,"Counts from two alternative Codex exports are compared, never added to each other or original v783"
720575940610948164,R1-6,left,0,0,0,0,0,0,1,1,1,"Counts from two alternative Codex exports are compared, never added to each other or original v783"
720575940610973252,R1-6,left,0,0,0,0,0,0,1,1,1,"Counts from two alternative Codex exports are compared, never added to each other or original v783"
720575940611982690,R1-6,left,0,0,0,0,0,0,1,1,1,"Counts from two alternative Codex exports are compared, never added to each other or original v783"
720575940612137895,,left,0,0,0,0,0,0,1,1,1,"Counts from two alternative Codex exports are compared, never added to each other or original v783"
720575940612688789,R1-6,left,0,0,0,0,0,0,1,1,1,"Counts from two alternative Codex exports are compared, never added to each other or original v783"
720575940612888026,R1-6,left,0,0,0,0,0,0,1,1,1,"Counts from two alternative Codex exports are compared, never added to each other or original v783"
720575940612910578,R1-6,left,0,0,0,0,0,0,1,1,1,"Counts from two alternative Codex exports are compared, never added to each other or original v783"
720575940612970202,R1-6,left,0,0,0,0,0,0,1,1,1,"Counts from two alternative Codex exports are compared, never added to each other or original v783"
720575940613055194,R1-6,left,0,0,0,0,0,0,1,1,1,"Counts from two alternative Codex exports are compared, never added to each other or original v783"
720575940613466134,R1-6,left,0,0,0,0,0,0,1,1,1,"Counts from two alternative Codex exports are compared, never added to each other or original v783"
720575940613466853,R1-6,left,0,0,0,0,0,0,1,1,1,"Counts from two alternative Codex exports are compared, never added to each other or original v783"
720575940614218989,R8,left,0,0,0,0,0,0,1,1,1,"Counts from two alternative Codex exports are compared, never added to each other or original v783"
720575940614641000,R1-6,left,0,0,0,0,0,0,1,1,1,"Counts from two alternative Codex exports are compared, never added to each other or original v783"
720575940614928849,R1-6,right,0,0,0,0,0,0,1,1,1,"Counts from two alternative Codex exports are compared, never added to each other or original v783"
720575940615234001,R1-6,left,0,0,0,0,0,0,1,1,1,"Counts from two alternative Codex exports are compared, never added to each other or original v783"
720575940615322514,R1-6,left,0,0,0,0,0,0,1,1,1,"Counts from two alternative Codex exports are compared, never added to each other or original v783"
720575940616206658,R1-6,left,0,0,0,0,0,0,1,1,1,"Counts from two alternative Codex exports are compared, never added to each other or original v783"
720575940616281311,R1-6,left,0,0,0,0,0,0,1,1,1,"Counts from two alternative Codex exports are compared, never added to each other or original v783"
720575940618062365,,right,0,0,0,0,0,0,1,1,1,"Counts from two alternative Codex exports are compared, never added to each other or original v783"
720575940618140987,R1-6,left,0,0,0,0,0,0,1,1,1,"Counts from two alternative Codex exports are compared, never added to each other or original v783"
720575940618548244,DNge061,right,0,0,0,0,0,0,1,1,1,"Counts from two alternative Codex exports are compared, never added to each other or original v783"
720575940618600276,R1-6,left,0,0,0,0,0,0,1,1,1,"Counts from two alternative Codex exports are compared, never added to each other or original v783"
720575940620562773,R1-6,left,0,0,0,0,0,0,1,1,1,"Counts from two alternative Codex exports are compared, never added to each other or original v783"
720575940620623320,R1-6,left,0,0,0,0,0,0,1,1,1,"Counts from two alternative Codex exports are compared, never added to each other or original v783"
720575940620886181,R1-6,left,0,0,0,0,0,0,1,1,1,"Counts from two alternative Codex exports are compared, never added to each other or original v783"
720575940620886693,R1-6,left,0,0,0,0,0,0,1,1,1,"Counts from two alternative Codex exports are compared, never added to each other or original v783"
720575940620944037,R1-6,left,0,0,0,0,0,0,1,1,1,"Counts from two alternative Codex exports are compared, never added to each other or original v783"
720575940621294218,DNge061,left,0,0,0,0,0,0,1,1,1,"Counts from two alternative Codex exports are compared, never added to each other or original v783"
720575940621323247,R1-6,left,0,0,0,0,0,0,1,1,1,"Counts from two alternative Codex exports are compared, never added to each other or original v783"
720575940621514667,R1-6,left,0,0,0,0,0,0,1,1,1,"Counts from two alternative Codex exports are compared, never added to each other or original v783"
720575940621687489,R1-6,left,0,0,0,0,0,0,1,1,1,"Counts from two alternative Codex exports are compared, never added to each other or original v783"
720575940622413040,R1-6,left,0,0,0,0,0,0,1,1,1,"Counts from two alternative Codex exports are compared, never added to each other or original v783"
720575940622662170,R1-6,left,0,0,0,0,0,0,1,1,1,"Counts from two alternative Codex exports are compared, never added to each other or original v783"
720575940623343139,R1-6,left,0,0,0,0,0,0,1,1,1,"Counts from two alternative Codex exports are compared, never added to each other or original v783"
720575940623518051,R1-6,left,0,0,0,0,0,0,1,1,1,"Counts from two alternative Codex exports are compared, never added to each other or original v783"
720575940623518819,R1-6,left,0,0,0,0,0,0,1,1,1,"Counts from two alternative Codex exports are compared, never added to each other or original v783"
720575940623522147,R1-6,left,0,0,0,0,0,0,1,1,1,"Counts from two alternative Codex exports are compared, never added to each other or original v783"
720575940623668248,R1-6,left,0,0,0,0,0,0,1,1,1,"Counts from two alternative Codex exports are compared, never added to each other or original v783"
720575940623694104,R1-6,left,0,0,0,0,0,0,1,1,1,"Counts from two alternative Codex exports are compared, never added to each other or original v783"
720575940623823240,R1-6,left,0,0,0,0,0,0,1,1,1,"Counts from two alternative Codex exports are compared, never added to each other or original v783"
720575940623825544,R1-6,left,0,0,0,0,0,0,1,1,1,"Counts from two alternative Codex exports are compared, never added to each other or original v783"
720575940623866248,R1-6,left,0,0,0,0,0,0,1,1,1,"Counts from two alternative Codex exports are compared, never added to each other or original v783"
720575940623892579,R1-6,left,0,0,0,0,0,0,1,1,1,"Counts from two alternative Codex exports are compared, never added to each other or original v783"
720575940624001791,R1-6,left,0,0,0,0,0,0,1,1,1,"Counts from two alternative Codex exports are compared, never added to each other or original v783"
720575940624046227,R1-6,left,0,0,0,0,0,0,1,1,1,"Counts from two alternative Codex exports are compared, never added to each other or original v783"
720575940624338058,R1-6,left,0,0,0,0,0,0,1,1,1,"Counts from two alternative Codex exports are compared, never added to each other or original v783"
720575940624735229,R1-6,left,0,0,0,0,0,0,1,1,1,"Counts from two alternative Codex exports are compared, never added to each other or original v783"
720575940625044421,R1-6,left,0,0,0,0,0,0,1,1,1,"Counts from two alternative Codex exports are compared, never added to each other or original v783"
720575940625132948,R1-6,left,0,0,0,0,0,0,1,1,1,"Counts from two alternative Codex exports are compared, never added to each other or original v783"
720575940625579704,R1-6,left,0,0,0,0,0,0,1,1,1,"Counts from two alternative Codex exports are compared, never added to each other or original v783"
720575940625583118,R1-6,left,0,0,0,0,0,0,1,1,1,"Counts from two alternative Codex exports are compared, never added to each other or original v783"
720575940625621518,R1-6,left,0,0,0,0,0,0,1,1,1,"Counts from two alternative Codex exports are compared, never added to each other or original v783"
720575940625823101,R1-6,left,0,0,0,0,0,0,1,1,1,"Counts from two alternative Codex exports are compared, never added to each other or original v783"
720575940625916207,R1-6,left,0,0,0,0,0,0,1,1,1,"Counts from two alternative Codex exports are compared, never added to each other or original v783"
720575940625956429,R1-6,left,0,0,0,0,0,0,1,1,1,"Counts from two alternative Codex exports are compared, never added to each other or original v783"
720575940627098942,R1-6,left,0,0,0,0,0,0,1,1,1,"Counts from two alternative Codex exports are compared, never added to each other or original v783"
720575940627212644,R1-6,left,0,0,0,0,0,0,1,1,1,"Counts from two alternative Codex exports are compared, never added to each other or original v783"
720575940627267842,R1-6,left,0,0,0,0,0,0,1,1,1,"Counts from two alternative Codex exports are compared, never added to each other or original v783"
720575940627652441,R1-6,left,0,0,0,0,0,0,1,1,1,"Counts from two alternative Codex exports are compared, never added to each other or original v783"
720575940627660121,R1-6,left,0,0,0,0,0,0,1,1,1,"Counts from two alternative Codex exports are compared, never added to each other or original v783"
720575940627660440,R1-6,left,0,0,0,0,0,0,1,1,1,"Counts from two alternative Codex exports are compared, never added to each other or original v783"
720575940627941202,R1-6,left,0,0,0,0,0,0,1,1,1,"Counts from two alternative Codex exports are compared, never added to each other or original v783"
720575940628035721,R1-6,left,0,0,0,0,0,0,1,1,1,"Counts from two alternative Codex exports are compared, never added to each other or original v783"
720575940628036233,R1-6,left,0,0,0,0,0,0,1,1,1,"Counts from two alternative Codex exports are compared, never added to each other or original v783"
720575940628308613,R1-6,left,0,0,0,0,0,0,1,1,1,"Counts from two alternative Codex exports are compared, never added to each other or original v783"
720575940628387656,R1-6,left,0,0,0,0,0,0,1,1,1,"Counts from two alternative Codex exports are compared, never added to each other or original v783"
720575940628893514,R1-6,left,0,0,0,0,0,0,1,1,1,"Counts from two alternative Codex exports are compared, never added to each other or original v783"
720575940629426161,R1-6,left,0,0,0,0,0,0,1,1,1,"Counts from two alternative Codex exports are compared, never added to each other or original v783"
720575940629438193,R1-6,left,0,0,0,0,0,0,1,1,1,"Counts from two alternative Codex exports are compared, never added to each other or original v783"
720575940629569040,,left,0,0,0,0,0,0,1,1,1,"Counts from two alternative Codex exports are compared, never added to each other or original v783"
720575940629716779,R1-6,left,0,0,0,0,0,0,1,1,1,"Counts from two alternative Codex exports are compared, never added to each other or original v783"
720575940629834768,R1-6,left,0,0,0,0,0,0,1,1,1,"Counts from two alternative Codex exports are compared, never added to each other or original v783"
720575940629870379,R1-6,left,0,0,0,0,0,0,1,1,1,"Counts from two alternative Codex exports are compared, never added to each other or original v783"
720575940630408898,R1-6,left,0,0,0,0,0,0,1,1,1,"Counts from two alternative Codex exports are compared, never added to each other or original v783"
720575940630581754,R1-6,left,0,0,0,0,0,0,1,1,1,"Counts from two alternative Codex exports are compared, never added to each other or original v783"
720575940630664062,R1-6,left,0,0,0,0,0,0,1,1,1,"Counts from two alternative Codex exports are compared, never added to each other or original v783"
720575940630746924,R1-6,left,0,0,0,0,0,0,1,1,1,"Counts from two alternative Codex exports are compared, never added to each other or original v783"
720575940630787388,R1-6,left,0,0,0,0,0,0,1,1,1,"Counts from two alternative Codex exports are compared, never added to each other or original v783"
720575940630947292,R1-6,left,0,0,0,0,0,0,1,1,1,"Counts from two alternative Codex exports are compared, never added to each other or original v783"
720575940631095296,R1-6,left,0,0,0,0,0,0,1,1,1,"Counts from two alternative Codex exports are compared, never added to each other or original v783"
720575940631590393,R1-6,left,0,0,0,0,0,0,1,1,1,"Counts from two alternative Codex exports are compared, never added to each other or original v783"
720575940631958287,R1-6,left,0,0,0,0,0,0,1,1,1,"Counts from two alternative Codex exports are compared, never added to each other or original v783"
720575940631959826,R1-6,left,0,0,0,0,0,0,1,1,1,"Counts from two alternative Codex exports are compared, never added to each other or original v783"
720575940632266258,R1-6,left,0,0,0,0,0,0,1,1,1,"Counts from two alternative Codex exports are compared, never added to each other or original v783"
720575940632314955,R1-6,left,0,0,0,0,0,0,1,1,1,"Counts from two alternative Codex exports are compared, never added to each other or original v783"
720575940632358504,R1-6,left,0,0,0,0,0,0,1,1,1,"Counts from two alternative Codex exports are compared, never added to each other or original v783"
720575940632425002,R1-6,left,0,0,0,0,0,0,1,1,1,"Counts from two alternative Codex exports are compared, never added to each other or original v783"
720575940632425258,R1-6,left,0,0,0,0,0,0,1,1,1,"Counts from two alternative Codex exports are compared, never added to each other or original v783"
720575940632436803,R1-6,left,0,0,0,0,0,0,1,1,1,"Counts from two alternative Codex exports are compared, never added to each other or original v783"
720575940633512908,R1-6,left,0,0,0,0,0,0,1,1,1,"Counts from two alternative Codex exports are compared, never added to each other or original v783"
720575940634246626,R1-6,left,0,0,0,0,0,0,1,1,1,"Counts from two alternative Codex exports are compared, never added to each other or original v783"
720575940634947484,R1-6,left,0,0,0,0,0,0,1,1,1,"Counts from two alternative Codex exports are compared, never added to each other or original v783"
720575940636021855,R1-6,left,0,0,0,0,0,0,1,1,1,"Counts from two alternative Codex exports are compared, never added to each other or original v783"
720575940636176888,R1-6,left,0,0,0,0,0,0,1,1,1,"Counts from two alternative Codex exports are compared, never added to each other or original v783"
720575940636208052,R1-6,left,0,0,0,0,0,0,1,1,1,"Counts from two alternative Codex exports are compared, never added to each other or original v783"
720575940636893303,R1-6,left,0,0,0,0,0,0,1,1,1,"Counts from two alternative Codex exports are compared, never added to each other or original v783"
720575940637782958,R1-6,left,0,0,0,0,0,0,1,1,1,"Counts from two alternative Codex exports are compared, never added to each other or original v783"
720575940638577215,R1-6,left,0,0,0,0,0,0,1,1,1,"Counts from two alternative Codex exports are compared, never added to each other or original v783"
720575940638684649,R1-6,left,0,0,0,0,0,0,1,1,1,"Counts from two alternative Codex exports are compared, never added to each other or original v783"
720575940638712127,R1-6,left,0,0,0,0,0,0,1,1,1,"Counts from two alternative Codex exports are compared, never added to each other or original v783"
720575940639657661,R1-6,left,0,0,0,0,0,0,1,1,1,"Counts from two alternative Codex exports are compared, never added to each other or original v783"
720575940640287310,R1-6,left,0,0,0,0,0,0,1,1,1,"Counts from two alternative Codex exports are compared, never added to each other or original v783"
720575940640297075,R1-6,left,0,0,0,0,0,0,1,1,1,"Counts from two alternative Codex exports are compared, never added to each other or original v783"
720575940640480856,R1-6,left,0,0,0,0,0,0,1,1,1,"Counts from two alternative Codex exports are compared, never added to each other or original v783"
720575940640525144,R1-6,left,0,0,0,0,0,0,1,1,1,"Counts from two alternative Codex exports are compared, never added to each other or original v783"
720575940641599184,R1-6,left,0,0,0,0,0,0,1,1,1,"Counts from two alternative Codex exports are compared, never added to each other or original v783"
720575940642532827,R1-6,left,0,0,0,0,0,0,1,1,1,"Counts from two alternative Codex exports are compared, never added to each other or original v783"
720575940642539995,R1-6,left,0,0,0,0,0,0,1,1,1,"Counts from two alternative Codex exports are compared, never added to each other or original v783"
720575940646253422,R1-6,left,0,0,0,0,0,0,1,1,1,"Counts from two alternative Codex exports are compared, never added to each other or original v783"
720575940647021091,R1-6,left,0,0,0,0,0,0,1,1,1,"Counts from two alternative Codex exports are compared, never added to each other or original v783"
720575940647404932,JO-F,right,0,0,0,0,0,0,1,1,1,"Counts from two alternative Codex exports are compared, never added to each other or original v783"
720575940606007280,R1-6,left,0,0,0,0,0,0,0,0,0,"Counts from two alternative Codex exports are compared, never added to each other or original v783"
720575940606180896,R1-6,left,0,0,0,0,0,0,0,0,0,"Counts from two alternative Codex exports are compared, never added to each other or original v783"
720575940606679742,R1-6,left,0,0,0,0,0,0,0,0,0,"Counts from two alternative Codex exports are compared, never added to each other or original v783"
720575940606872816,R1-6,left,0,0,0,0,0,0,0,0,0,"Counts from two alternative Codex exports are compared, never added to each other or original v783"
720575940606928561,R1-6,left,0,0,0,0,0,0,0,0,0,"Counts from two alternative Codex exports are compared, never added to each other or original v783"
720575940606930865,R1-6,left,0,0,0,0,0,0,0,0,0,"Counts from two alternative Codex exports are compared, never added to each other or original v783"
720575940607808130,R1-6,left,0,0,0,0,0,0,0,0,0,"Counts from two alternative Codex exports are compared, never added to each other or original v783"
720575940608078345,R1-6,right,0,0,0,0,0,0,0,0,0,"Counts from two alternative Codex exports are compared, never added to each other or original v783"
720575940608619356,L5,left,0,0,0,0,0,0,0,0,0,"Counts from two alternative Codex exports are compared, never added to each other or original v783"
720575940608903260,R1-6,left,0,0,0,0,0,0,0,0,0,"Counts from two alternative Codex exports are compared, never added to each other or original v783"
720575940608989276,R1-6,left,0,0,0,0,0,0,0,0,0,"Counts from two alternative Codex exports are compared, never added to each other or original v783"
720575940609220873,R1-6,left,0,0,0,0,0,0,0,0,0,"Counts from two alternative Codex exports are compared, never added to each other or original v783"
720575940609782027,R1-6,left,0,0,0,0,0,0,0,0,0,"Counts from two alternative Codex exports are compared, never added to each other or original v783"
720575940609782283,R1-6,left,0,0,0,0,0,0,0,0,0,"Counts from two alternative Codex exports are compared, never added to each other or original v783"
720575940609970371,R1-6,left,0,0,0,0,0,0,0,0,0,"Counts from two alternative Codex exports are compared, never added to each other or original v783"
720575940609972675,R1-6,left,0,0,0,0,0,0,0,0,0,"Counts from two alternative Codex exports are compared, never added to each other or original v783"
720575940610004675,R1-6,left,0,0,0,0,0,0,0,0,0,"Counts from two alternative Codex exports are compared, never added to each other or original v783"
720575940610761300,R1-6,left,0,0,0,0,0,0,0,0,0,"Counts from two alternative Codex exports are compared, never added to each other or original v783"
720575940613270642,R1-6,left,0,0,0,0,0,0,0,0,0,"Counts from two alternative Codex exports are compared, never added to each other or original v783"
720575940613465366,R1-6,left,0,0,0,0,0,0,0,0,0,"Counts from two alternative Codex exports are compared, never added to each other or original v783"
720575940613468389,R1-6,left,0,0,0,0,0,0,0,0,0,"Counts from two alternative Codex exports are compared, never added to each other or original v783"
720575940613476581,R1-6,left,0,0,0,0,0,0,0,0,0,"Counts from two alternative Codex exports are compared, never added to each other or original v783"
720575940613823090,R1-6,left,0,0,0,0,0,0,0,0,0,"Counts from two alternative Codex exports are compared, never added to each other or original v783"
720575940614199789,R1-6,left,0,0,0,0,0,0,0,0,0,"Counts from two alternative Codex exports are compared, never added to each other or original v783"
720575940614309736,R1-6,left,0,0,0,0,0,0,0,0,0,"Counts from two alternative Codex exports are compared, never added to each other or original v783"
720575940614634927,R1-6,left,0,0,0,0,0,0,0,0,0,"Counts from two alternative Codex exports are compared, never added to each other or original v783"
720575940614951377,R1-6,left,0,0,0,0,0,0,0,0,0,"Counts from two alternative Codex exports are compared, never added to each other or original v783"
720575940615196839,R1-6,left,0,0,0,0,0,0,0,0,0,"Counts from two alternative Codex exports are compared, never added to each other or original v783"
720575940615642786,R1-6,left,0,0,0,0,0,0,0,0,0,"Counts from two alternative Codex exports are compared, never added to each other or original v783"
720575940615905247,R1-6,left,0,0,0,0,0,0,0,0,0,"Counts from two alternative Codex exports are compared, never added to each other or original v783"
720575940616172866,R1-6,left,0,0,0,0,0,0,0,0,0,"Counts from two alternative Codex exports are compared, never added to each other or original v783"
720575940616173122,R1-6,left,0,0,0,0,0,0,0,0,0,"Counts from two alternative Codex exports are compared, never added to each other or original v783"
720575940616207170,R1-6,left,0,0,0,0,0,0,0,0,0,"Counts from two alternative Codex exports are compared, never added to each other or original v783"
720575940616413382,R7,left,0,0,0,0,0,0,0,0,0,"Counts from two alternative Codex exports are compared, never added to each other or original v783"
720575940617211253,R1-6,left,0,0,0,0,0,0,0,0,0,"Counts from two alternative Codex exports are compared, never added to each other or original v783"
720575940618065501,R1-6,left,0,0,0,0,0,0,0,0,0,"Counts from two alternative Codex exports are compared, never added to each other or original v783"
720575940618071481,R1-6,left,0,0,0,0,0,0,0,0,0,"Counts from two alternative Codex exports are compared, never added to each other or original v783"
720575940618204390,R1-6,left,0,0,0,0,0,0,0,0,0,"Counts from two alternative Codex exports are compared, never added to each other or original v783"
720575940618423441,R1-6,left,0,0,0,0,0,0,0,0,0,"Counts from two alternative Codex exports are compared, never added to each other or original v783"
720575940618464925,R1-6,left,0,0,0,0,0,0,0,0,0,"Counts from two alternative Codex exports are compared, never added to each other or original v783"
720575940618530594,R1-6,left,0,0,0,0,0,0,0,0,0,"Counts from two alternative Codex exports are compared, never added to each other or original v783"
720575940618600020,R1-6,left,0,0,0,0,0,0,0,0,0,"Counts from two alternative Codex exports are compared, never added to each other or original v783"
720575940618712091,R1-6,left,0,0,0,0,0,0,0,0,0,"Counts from two alternative Codex exports are compared, never added to each other or original v783"
720575940618725147,R1-6,left,0,0,0,0,0,0,0,0,0,"Counts from two alternative Codex exports are compared, never added to each other or original v783"
720575940618728475,R1-6,left,0,0,0,0,0,0,0,0,0,"Counts from two alternative Codex exports are compared, never added to each other or original v783"
720575940619643702,R1-6,left,0,0,0,0,0,0,0,0,0,"Counts from two alternative Codex exports are compared, never added to each other or original v783"
720575940620238296,R1-6,left,0,0,0,0,0,0,0,0,0,"Counts from two alternative Codex exports are compared, never added to each other or original v783"
720575940620476363,R1-6,left,0,0,0,0,0,0,0,0,0,"Counts from two alternative Codex exports are compared, never added to each other or original v783"
720575940620488784,R1-6,left,0,0,0,0,0,0,0,0,0,"Counts from two alternative Codex exports are compared, never added to each other or original v783"
720575940620562517,R1-6,left,0,0,0,0,0,0,0,0,0,"Counts from two alternative Codex exports are compared, never added to each other or original v783"
720575940620568405,R1-6,left,0,0,0,0,0,0,0,0,0,"Counts from two alternative Codex exports are compared, never added to each other or original v783"
720575940620797131,R1-6,left,0,0,0,0,0,0,0,0,0,"Counts from two alternative Codex exports are compared, never added to each other or original v783"
720575940620881829,R1-6,left,0,0,0,0,0,0,0,0,0,"Counts from two alternative Codex exports are compared, never added to each other or original v783"
720575940620885157,R1-6,left,0,0,0,0,0,0,0,0,0,"Counts from two alternative Codex exports are compared, never added to each other or original v783"
720575940620909332,R1-6,left,0,0,0,0,0,0,0,0,0,"Counts from two alternative Codex exports are compared, never added to each other or original v783"
720575940621144198,R1-6,left,0,0,0,0,0,0,0,0,0,"Counts from two alternative Codex exports are compared, never added to each other or original v783"
720575940621605286,R1-6,left,0,0,0,0,0,0,0,0,0,"Counts from two alternative Codex exports are compared, never added to each other or original v783"
720575940621817409,R1-6,left,0,0,0,0,0,0,0,0,0,"Counts from two alternative Codex exports are compared, never added to each other or original v783"
720575940621855920,R1-6,left,0,0,0,0,0,0,0,0,0,"Counts from two alternative Codex exports are compared, never added to each other or original v783"
720575940621914209,L1-3,left,0,0,0,0,0,0,0,0,0,"Counts from two alternative Codex exports are compared, never added to each other or original v783"
720575940622064048,R1-6,left,0,0,0,0,0,0,0,0,0,"Counts from two alternative Codex exports are compared, never added to each other or original v783"
720575940622208688,R1-6,left,0,0,0,0,0,0,0,0,0,"Counts from two alternative Codex exports are compared, never added to each other or original v783"
720575940622339967,R1-6,left,0,0,0,0,0,0,0,0,0,"Counts from two alternative Codex exports are compared, never added to each other or original v783"
720575940622406896,R1-6,left,0,0,0,0,0,0,0,0,0,"Counts from two alternative Codex exports are compared, never added to each other or original v783"
720575940622433524,R1-6,left,0,0,0,0,0,0,0,0,0,"Counts from two alternative Codex exports are compared, never added to each other or original v783"
720575940622549342,R1-6,left,0,0,0,0,0,0,0,0,0,"Counts from two alternative Codex exports are compared, never added to each other or original v783"
720575940622611917,,right,0,0,0,0,0,0,0,0,0,"Counts from two alternative Codex exports are compared, never added to each other or original v783"
720575940622638430,R1-6,left,0,0,0,0,0,0,0,0,0,"Counts from two alternative Codex exports are compared, never added to each other or original v783"
720575940622640990,R1-6,left,0,0,0,0,0,0,0,0,0,"Counts from two alternative Codex exports are compared, never added to each other or original v783"
720575940623027550,R1-6,left,0,0,0,0,0,0,0,0,0,"Counts from two alternative Codex exports are compared, never added to each other or original v783"
720575940623337507,R1-6,left,0,0,0,0,0,0,0,0,0,"Counts from two alternative Codex exports are compared, never added to each other or original v783"
720575940623342716,R1-6,left,0,0,0,0,0,0,0,0,0,"Counts from two alternative Codex exports are compared, never added to each other or original v783"
720575940623710232,R1-6,left,0,0,0,0,0,0,0,0,0,"Counts from two alternative Codex exports are compared, never added to each other or original v783"
720575940623940963,R7,right,0,21,48,0,0,0,0,0,0,"Counts from two alternative Codex exports are compared, never added to each other or original v783"
720575940623984520,R1-6,left,0,0,0,0,0,0,0,0,0,"Counts from two alternative Codex exports are compared, never added to each other or original v783"
720575940624106131,R1-6,left,0,0,0,0,0,0,0,0,0,"Counts from two alternative Codex exports are compared, never added to each other or original v783"
720575940625037509,R1-6,left,0,0,0,0,0,0,0,0,0,"Counts from two alternative Codex exports are compared, never added to each other or original v783"
720575940625039557,R1-6,left,0,0,0,0,0,0,0,0,0,"Counts from two alternative Codex exports are compared, never added to each other or original v783"
720575940625052101,R1-6,left,0,0,0,0,0,0,0,0,0,"Counts from two alternative Codex exports are compared, never added to each other or original v783"
720575940625052869,R1-6,left,0,0,0,0,0,0,0,0,0,"Counts from two alternative Codex exports are compared, never added to each other or original v783"
720575940625237923,R1-6,left,0,0,0,0,0,0,0,0,0,"Counts from two alternative Codex exports are compared, never added to each other or original v783"
720575940625733095,R1-6,left,0,0,0,0,0,0,0,0,0,"Counts from two alternative Codex exports are compared, never added to each other or original v783"
720575940625882701,R1-6,left,0,0,0,0,0,0,0,0,0,"Counts from two alternative Codex exports are compared, never added to each other or original v783"
720575940625912250,JO-F,right,0,0,0,0,0,0,0,0,0,"Counts from two alternative Codex exports are compared, never added to each other or original v783"
720575940625998895,,left,0,0,0,0,0,0,0,0,0,"Counts from two alternative Codex exports are compared, never added to each other or original v783"
720575940626286432,JO-B,right,0,0,0,0,0,0,0,0,0,"Counts from two alternative Codex exports are compared, never added to each other or original v783"
720575940626322992,R1-6,left,0,0,0,0,0,0,0,0,0,"Counts from two alternative Codex exports are compared, never added to each other or original v783"
720575940627087106,R1-6,left,0,0,0,0,0,0,0,0,0,"Counts from two alternative Codex exports are compared, never added to each other or original v783"
720575940627715102,R1-6,left,0,0,0,0,0,0,0,0,0,"Counts from two alternative Codex exports are compared, never added to each other or original v783"
720575940627853693,R1-6,left,0,0,0,0,0,0,0,0,0,"Counts from two alternative Codex exports are compared, never added to each other or original v783"
720575940627938200,R1-6,left,0,0,0,0,0,0,0,0,0,"Counts from two alternative Codex exports are compared, never added to each other or original v783"
720575940627941714,R1-6,left,0,0,0,0,0,0,0,0,0,"Counts from two alternative Codex exports are compared, never added to each other or original v783"
720575940628210831,R1-6,left,0,0,0,0,0,0,0,0,0,"Counts from two alternative Codex exports are compared, never added to each other or original v783"
720575940628307077,R1-6,left,0,0,0,0,0,0,0,0,0,"Counts from two alternative Codex exports are compared, never added to each other or original v783"
720575940628492264,R1-6,left,0,0,0,0,0,0,0,0,0,"Counts from two alternative Codex exports are compared, never added to each other or original v783"
720575940628564712,R1-6,left,0,0,0,0,0,0,0,0,0,"Counts from two alternative Codex exports are compared, never added to each other or original v783"
720575940628877308,R1-6,left,0,0,0,0,0,0,0,0,0,"Counts from two alternative Codex exports are compared, never added to each other or original v783"
720575940629182825,R1-6,left,0,0,0,0,0,0,0,0,0,"Counts from two alternative Codex exports are compared, never added to each other or original v783"
720575940629634921,R1-6,left,0,0,0,0,0,0,0,0,0,"Counts from two alternative Codex exports are compared, never added to each other or original v783"
720575940630060135,R1-6,left,0,0,0,0,0,0,0,0,0,"Counts from two alternative Codex exports are compared, never added to each other or original v783"
720575940630161152,JO-B,right,0,0,0,0,0,0,0,0,0,"Counts from two alternative Codex exports are compared, never added to each other or original v783"
720575940630408570,R1-6,left,0,0,0,0,0,0,0,0,0,"Counts from two alternative Codex exports are compared, never added to each other or original v783"
720575940630581564,R1-6,left,0,0,0,0,0,0,0,0,0,"Counts from two alternative Codex exports are compared, never added to each other or original v783"
720575940630660034,R1-6,left,0,0,0,0,0,0,0,0,0,"Counts from two alternative Codex exports are compared, never added to each other or original v783"
720575940630712442,R1-6,left,0,0,0,0,0,0,0,0,0,"Counts from two alternative Codex exports are compared, never added to each other or original v783"
720575940630714562,R1-6,left,0,0,0,0,0,0,0,0,0,"Counts from two alternative Codex exports are compared, never added to each other or original v783"
720575940630767360,R1-6,left,0,0,0,0,0,0,0,0,0,"Counts from two alternative Codex exports are compared, never added to each other or original v783"
720575940630944215,R1-6,left,0,0,0,0,0,0,0,0,0,"Counts from two alternative Codex exports are compared, never added to each other or original v783"
720575940630982495,R1-6,left,0,0,0,0,0,0,0,0,0,"Counts from two alternative Codex exports are compared, never added to each other or original v783"
720575940631059932,R1-6,left,0,0,0,0,0,0,0,0,0,"Counts from two alternative Codex exports are compared, never added to each other or original v783"
720575940631143020,R1-6,left,0,0,0,0,0,0,0,0,0,"Counts from two alternative Codex exports are compared, never added to each other or original v783"
720575940631292892,R1-6,left,0,0,0,0,0,0,0,0,0,"Counts from two alternative Codex exports are compared, never added to each other or original v783"
720575940631769845,JO-F,right,0,0,0,0,0,0,0,0,0,"Counts from two alternative Codex exports are compared, never added to each other or original v783"
720575940631926287,R1-6,left,0,0,0,0,0,0,0,0,0,"Counts from two alternative Codex exports are compared, never added to each other or original v783"
720575940632346666,R1-6,left,0,0,0,0,0,0,0,0,0,"Counts from two alternative Codex exports are compared, never added to each other or original v783"
720575940632357992,R1-6,left,0,0,0,0,0,0,0,0,0,"Counts from two alternative Codex exports are compared, never added to each other or original v783"
720575940632884792,Lawf1,left,0,0,0,0,0,0,0,0,0,"Counts from two alternative Codex exports are compared, never added to each other or original v783"
720575940633241764,R1-6,left,0,0,0,0,0,0,0,0,0,"Counts from two alternative Codex exports are compared, never added to each other or original v783"
720575940633457709,R1-6,left,0,0,0,0,0,0,0,0,0,"Counts from two alternative Codex exports are compared, never added to each other or original v783"
720575940633517260,R1-6,left,0,0,0,0,0,0,0,0,0,"Counts from two alternative Codex exports are compared, never added to each other or original v783"
720575940633592996,R1-6,left,0,0,0,0,0,0,0,0,0,"Counts from two alternative Codex exports are compared, never added to each other or original v783"
720575940634643993,R1-6,left,0,0,0,0,0,0,0,0,0,"Counts from two alternative Codex exports are compared, never added to each other or original v783"
720575940635516058,R1-6,right,0,0,0,0,0,0,0,0,0,"Counts from two alternative Codex exports are compared, never added to each other or original v783"
720575940636156596,R1-6,left,0,0,0,0,0,0,0,0,0,"Counts from two alternative Codex exports are compared, never added to each other or original v783"
720575940636169464,R1-6,left,0,0,0,0,0,0,0,0,0,"Counts from two alternative Codex exports are compared, never added to each other or original v783"
720575940636191480,R1-6,left,0,0,0,0,0,0,0,0,0,"Counts from two alternative Codex exports are compared, never added to each other or original v783"
720575940638004080,R1-6,left,0,0,0,0,0,0,0,0,0,"Counts from two alternative Codex exports are compared, never added to each other or original v783"
720575940638523994,R1-6,left,0,0,0,0,0,0,0,0,0,"Counts from two alternative Codex exports are compared, never added to each other or original v783"
720575940638759999,R1-6,left,0,0,0,0,0,0,0,0,0,"Counts from two alternative Codex exports are compared, never added to each other or original v783"
720575940640372277,CB1015,right,0,0,0,0,0,0,0,0,0,"Counts from two alternative Codex exports are compared, never added to each other or original v783"
720575940640780160,R1-6,left,0,0,0,0,0,0,0,0,0,"Counts from two alternative Codex exports are compared, never added to each other or original v783"
720575940641249232,R1-6,left,0,0,0,0,0,0,0,0,0,"Counts from two alternative Codex exports are compared, never added to each other or original v783"
720575940641271504,R1-6,left,0,0,0,0,0,0,0,0,0,"Counts from two alternative Codex exports are compared, never added to each other or original v783"
720575940641277904,R1-6,left,0,0,0,0,0,0,0,0,0,"Counts from two alternative Codex exports are compared, never added to each other or original v783"
720575940642891405,R1-6,left,0,0,0,0,0,0,0,0,0,"Counts from two alternative Codex exports are compared, never added to each other or original v783"
720575940646803747,R1-6,left,0,0,0,0,0,0,0,0,0,"Counts from two alternative Codex exports are compared, never added to each other or original v783"
720575940647077411,R1-6,left,0,0,0,0,0,0,0,0,0,"Counts from two alternative Codex exports are compared, never added to each other or original v783"
720575940650447993,R1-6,left,0,0,0,0,0,0,0,0,0,"Counts from two alternative Codex exports are compared, never added to each other or original v783"
720575940653106422,R1-6,left,0,0,0,0,0,0,0,0,0,"Counts from two alternative Codex exports are compared, never added to each other or original v783"
