root_id,Princeton_point_rows,autapse_point_rows,R7_exception_point_rows,point_only_class,interpretation
720575940606679742,15,15,0,autapse_only,Observed point rows omitted from connection export under empirical release comparison; not a published pair edge
720575940606928561,12,12,0,autapse_only,Observed point rows omitted from connection export under empirical release comparison; not a published pair edge
720575940606930865,20,20,0,autapse_only,Observed point rows omitted from connection export under empirical release comparison; not a published pair edge
720575940607808130,4,4,0,autapse_only,Observed point rows omitted from connection export under empirical release comparison; not a published pair edge
720575940608619356,5,5,0,autapse_only,Observed point rows omitted from connection export under empirical release comparison; not a published pair edge
720575940608903260,1,1,0,autapse_only,Observed point rows omitted from connection export under empirical release comparison; not a published pair edge
720575940609220873,13,13,0,autapse_only,Observed point rows omitted from connection export under empirical release comparison; not a published pair edge
720575940609782027,13,13,0,autapse_only,Observed point rows omitted from connection export under empirical release comparison; not a published pair edge
720575940609782283,11,11,0,autapse_only,Observed point rows omitted from connection export under empirical release comparison; not a published pair edge
720575940610761300,5,5,0,autapse_only,Observed point rows omitted from connection export under empirical release comparison; not a published pair edge
720575940613465366,14,14,0,autapse_only,Observed point rows omitted from connection export under empirical release comparison; not a published pair edge
720575940613468389,12,12,0,autapse_only,Observed point rows omitted from connection export under empirical release comparison; not a published pair edge
720575940613476581,15,15,0,autapse_only,Observed point rows omitted from connection export under empirical release comparison; not a published pair edge
720575940613823090,7,7,0,autapse_only,Observed point rows omitted from connection export under empirical release comparison; not a published pair edge
720575940618071481,1,1,0,autapse_only,Observed point rows omitted from connection export under empirical release comparison; not a published pair edge
720575940618423441,8,8,0,autapse_only,Observed point rows omitted from connection export under empirical release comparison; not a published pair edge
720575940618464925,1,1,0,autapse_only,Observed point rows omitted from connection export under empirical release comparison; not a published pair edge
720575940618530594,24,24,0,autapse_only,Observed point rows omitted from connection export under empirical release comparison; not a published pair edge
720575940618600020,9,9,0,autapse_only,Observed point rows omitted from connection export under empirical release comparison; not a published pair edge
720575940618725147,1,1,0,autapse_only,Observed point rows omitted from connection export under empirical release comparison; not a published pair edge
720575940618728475,1,1,0,autapse_only,Observed point rows omitted from connection export under empirical release comparison; not a published pair edge
720575940620488784,1,1,0,autapse_only,Observed point rows omitted from connection export under empirical release comparison; not a published pair edge
720575940620797131,11,11,0,autapse_only,Observed point rows omitted from connection export under empirical release comparison; not a published pair edge
720575940620885157,1,1,0,autapse_only,Observed point rows omitted from connection export under empirical release comparison; not a published pair edge
720575940621144198,8,8,0,autapse_only,Observed point rows omitted from connection export under empirical release comparison; not a published pair edge
720575940621605286,9,9,0,autapse_only,Observed point rows omitted from connection export under empirical release comparison; not a published pair edge
720575940621855920,1,1,0,autapse_only,Observed point rows omitted from connection export under empirical release comparison; not a published pair edge
720575940622064048,10,10,0,autapse_only,Observed point rows omitted from connection export under empirical release comparison; not a published pair edge
720575940622208688,11,11,0,autapse_only,Observed point rows omitted from connection export under empirical release comparison; not a published pair edge
720575940622339967,2,2,0,autapse_only,Observed point rows omitted from connection export under empirical release comparison; not a published pair edge
720575940622406896,1,1,0,autapse_only,Observed point rows omitted from connection export under empirical release comparison; not a published pair edge
720575940622549342,1,1,0,autapse_only,Observed point rows omitted from connection export under empirical release comparison; not a published pair edge
720575940622611917,2,2,0,autapse_only,Observed point rows omitted from connection export under empirical release comparison; not a published pair edge
720575940623027550,11,11,0,autapse_only,Observed point rows omitted from connection export under empirical release comparison; not a published pair edge
720575940623342716,12,12,0,autapse_only,Observed point rows omitted from connection export under empirical release comparison; not a published pair edge
720575940623940963,215,2,215,R7_nonself_exception,Observed point rows omitted from connection export under empirical release comparison; not a published pair edge
720575940625037509,12,12,0,autapse_only,Observed point rows omitted from connection export under empirical release comparison; not a published pair edge
720575940625237923,7,7,0,autapse_only,Observed point rows omitted from connection export under empirical release comparison; not a published pair edge
720575940625733095,16,16,0,autapse_only,Observed point rows omitted from connection export under empirical release comparison; not a published pair edge
720575940626322992,1,1,0,autapse_only,Observed point rows omitted from connection export under empirical release comparison; not a published pair edge
720575940627715102,13,13,0,autapse_only,Observed point rows omitted from connection export under empirical release comparison; not a published pair edge
720575940627853693,11,11,0,autapse_only,Observed point rows omitted from connection export under empirical release comparison; not a published pair edge
720575940627938200,11,11,0,autapse_only,Observed point rows omitted from connection export under empirical release comparison; not a published pair edge
720575940628307077,32,32,0,autapse_only,Observed point rows omitted from connection export under empirical release comparison; not a published pair edge
720575940628492264,6,6,0,autapse_only,Observed point rows omitted from connection export under empirical release comparison; not a published pair edge
720575940628564712,1,1,0,autapse_only,Observed point rows omitted from connection export under empirical release comparison; not a published pair edge
720575940628877308,21,21,0,autapse_only,Observed point rows omitted from connection export under empirical release comparison; not a published pair edge
720575940629634921,8,8,0,autapse_only,Observed point rows omitted from connection export under empirical release comparison; not a published pair edge
720575940630060135,17,17,0,autapse_only,Observed point rows omitted from connection export under empirical release comparison; not a published pair edge
720575940630161152,1,1,0,autapse_only,Observed point rows omitted from connection export under empirical release comparison; not a published pair edge
720575940630581564,14,14,0,autapse_only,Observed point rows omitted from connection export under empirical release comparison; not a published pair edge
720575940630660034,33,33,0,autapse_only,Observed point rows omitted from connection export under empirical release comparison; not a published pair edge
720575940630712442,11,11,0,autapse_only,Observed point rows omitted from connection export under empirical release comparison; not a published pair edge
720575940630714562,10,10,0,autapse_only,Observed point rows omitted from connection export under empirical release comparison; not a published pair edge
720575940630982495,1,1,0,autapse_only,Observed point rows omitted from connection export under empirical release comparison; not a published pair edge
720575940631143020,9,9,0,autapse_only,Observed point rows omitted from connection export under empirical release comparison; not a published pair edge
720575940631292892,8,8,0,autapse_only,Observed point rows omitted from connection export under empirical release comparison; not a published pair edge
720575940632346666,24,24,0,autapse_only,Observed point rows omitted from connection export under empirical release comparison; not a published pair edge
720575940632884792,1,1,0,autapse_only,Observed point rows omitted from connection export under empirical release comparison; not a published pair edge
720575940633457709,19,19,0,autapse_only,Observed point rows omitted from connection export under empirical release comparison; not a published pair edge
720575940633517260,8,8,0,autapse_only,Observed point rows omitted from connection export under empirical release comparison; not a published pair edge
720575940633592996,9,9,0,autapse_only,Observed point rows omitted from connection export under empirical release comparison; not a published pair edge
720575940635516058,1,1,0,autapse_only,Observed point rows omitted from connection export under empirical release comparison; not a published pair edge
720575940636156596,1,1,0,autapse_only,Observed point rows omitted from connection export under empirical release comparison; not a published pair edge
720575940636169464,15,15,0,autapse_only,Observed point rows omitted from connection export under empirical release comparison; not a published pair edge
720575940638004080,8,8,0,autapse_only,Observed point rows omitted from connection export under empirical release comparison; not a published pair edge
720575940638523994,7,7,0,autapse_only,Observed point rows omitted from connection export under empirical release comparison; not a published pair edge
720575940638759999,10,10,0,autapse_only,Observed point rows omitted from connection export under empirical release comparison; not a published pair edge
720575940640372277,5,5,0,autapse_only,Observed point rows omitted from connection export under empirical release comparison; not a published pair edge
720575940641249232,14,14,0,autapse_only,Observed point rows omitted from connection export under empirical release comparison; not a published pair edge
720575940646803747,2,2,0,autapse_only,Observed point rows omitted from connection export under empirical release comparison; not a published pair edge
720575940647077411,12,12,0,autapse_only,Observed point rows omitted from connection export under empirical release comparison; not a published pair edge
720575940650447993,1,1,0,autapse_only,Observed point rows omitted from connection export under empirical release comparison; not a published pair edge
