pre_root_id,post_root_id,neuropil,Buhmann_raw_A_points,Princeton_filtered_synapse_count,Princeton_unfiltered_synapse_count,filtered_same_pair_region,unfiltered_same_pair_region,interpretation
720575940620065147,720575940623940963,ME_R,1,0,0,no,no,Same directed pair and neuropil only; no point-level equivalence or combined weight implied
720575940623101978,720575940623940963,ME_R,1,0,0,no,no,Same directed pair and neuropil only; no point-level equivalence or combined weight implied
720575940623940963,720575940615374954,ME_R,2,0,0,no,no,Same directed pair and neuropil only; no point-level equivalence or combined weight implied
720575940623940963,720575940615692230,ME_R,2,0,0,no,no,Same directed pair and neuropil only; no point-level equivalence or combined weight implied
720575940623940963,720575940620875373,ME_R,4,0,0,no,no,Same directed pair and neuropil only; no point-level equivalence or combined weight implied
720575940623940963,720575940621729775,ME_R,1,0,0,no,no,Same directed pair and neuropil only; no point-level equivalence or combined weight implied
720575940623940963,720575940625217294,ME_R,2,0,0,no,no,Same directed pair and neuropil only; no point-level equivalence or combined weight implied
720575940623940963,720575940628794884,ME_R,1,0,0,no,no,Same directed pair and neuropil only; no point-level equivalence or combined weight implied
720575940623940963,720575940629825027,ME_R,3,0,0,no,no,Same directed pair and neuropil only; no point-level equivalence or combined weight implied
720575940623940963,720575940632782756,ME_R,2,0,0,no,no,Same directed pair and neuropil only; no point-level equivalence or combined weight implied
720575940623940963,720575940633131731,ME_R,1,0,0,no,no,Same directed pair and neuropil only; no point-level equivalence or combined weight implied
720575940623940963,720575940635029273,ME_R,1,0,0,no,no,Same directed pair and neuropil only; no point-level equivalence or combined weight implied
720575940623940963,720575940635270044,ME_R,1,0,0,no,no,Same directed pair and neuropil only; no point-level equivalence or combined weight implied
720575940623940963,720575940636747639,ME_R,1,0,0,no,no,Same directed pair and neuropil only; no point-level equivalence or combined weight implied
720575940623940963,720575940637663710,ME_R,1,0,0,no,no,Same directed pair and neuropil only; no point-level equivalence or combined weight implied
720575940623940963,720575940638036336,ME_R,1,0,0,no,no,Same directed pair and neuropil only; no point-level equivalence or combined weight implied
720575940623940963,720575940640120142,ME_R,1,0,0,no,no,Same directed pair and neuropil only; no point-level equivalence or combined weight implied
720575940623940963,720575940642650331,ME_R,6,0,0,no,no,Same directed pair and neuropil only; no point-level equivalence or combined weight implied
720575940623940963,720575940643144589,ME_R,1,0,0,no,no,Same directed pair and neuropil only; no point-level equivalence or combined weight implied
720575940638036336,720575940623940963,ME_R,1,0,0,no,no,Same directed pair and neuropil only; no point-level equivalence or combined weight implied
720575940642650331,720575940623940963,ME_R,14,0,0,no,no,Same directed pair and neuropil only; no point-level equivalence or combined weight implied
