review_rank,evidence_tier,selected_root_id,selected_cell_type,selected_side,pre_root_id,post_root_id,neuropil,synapse_count,repeated_support,synapse_ids,cleft_score_min,cleft_score_mean,connection_score_mean,side_relation,root_dominant_neuropil,matches_root_dominant_neuropil,photoreceptor_output_gap_flag,pre_centroid_x_nm,pre_centroid_y_nm,pre_centroid_z_nm,post_centroid_x_nm,post_centroid_y_nm,post_centroid_z_nm,review_action,interpretation
1,A_raw_exception,720575940623940963,R7,right,720575940642650331,720575940623940963,ME_R,14,yes,33053793;33053842;33056890;34225999;91308816;116364299;202767277;207984966;207989555;215521204;215521226;215521234;215521240;226787818,54.0,120.785714,101.309078,same_named_side,ME_R,yes,no,757394.286,360618.286,133645.714,757429.429,360610.286,133651.429,Inspect exact released points and why the published pair table omitted this key,Released automated calls between two proofread roots; not a physiologically validated connection
2,A_raw_exception,720575940623940963,R7,right,720575940623940963,720575940642650331,ME_R,6,yes,91308751;94592059;95677333;116364350;202767171;202767266,61.0,94.000000,151.637153,same_named_side,ME_R,yes,yes,757096.000,360530.000,133240.000,757076.667,360447.333,133220.000,Inspect exact released points and why the published pair table omitted this key,Released automated calls between two proofread roots; not a physiologically validated connection
3,A_raw_exception,720575940623940963,R7,right,720575940623940963,720575940620875373,ME_R,4,yes,91308769;94592078;207984879;226787829,62.0,110.500000,275.128204,same_named_side,ME_R,yes,yes,756562.000,359535.000,134140.000,756487.000,359448.000,134120.000,Inspect exact released points and why the published pair table omitted this key,Released automated calls between two proofread roots; not a physiologically validated connection
4,A_raw_exception,720575940623940963,R7,right,720575940623940963,720575940629825027,ME_R,3,yes,6359493;188251620;188251632,52.0,69.666667,234.414556,same_named_side,ME_R,yes,yes,746194.667,351493.333,146560.000,746176.000,351550.667,146573.333,Inspect exact released points and why the published pair table omitted this key,Released automated calls between two proofread roots; not a physiologically validated connection
5,A_raw_exception,720575940623940963,R7,right,720575940623940963,720575940632782756,ME_R,2,yes,188251605;188251631,147.0,163.000000,67.326027,same_named_side,ME_R,yes,yes,746114.000,351372.000,146880.000,746082.000,351242.000,146880.000,Inspect exact released points and why the published pair table omitted this key,Released automated calls between two proofread roots; not a physiologically validated connection
6,A_raw_exception,720575940623940963,R7,right,720575940623940963,720575940615374954,ME_R,2,yes,188251569;188251597,123.0,134.500000,153.626373,same_named_side,ME_R,yes,yes,746646.000,351228.000,146680.000,746740.000,351162.000,146680.000,Inspect exact released points and why the published pair table omitted this key,Released automated calls between two proofread roots; not a physiologically validated connection
7,A_raw_exception,720575940623940963,R7,right,720575940623940963,720575940625217294,ME_R,2,yes,91308745;91311413,114.0,122.000000,361.133297,same_named_side,ME_R,yes,yes,766748.000,364366.000,126980.000,766808.000,364294.000,127020.000,Inspect exact released points and why the published pair table omitted this key,Released automated calls between two proofread roots; not a physiologically validated connection
8,A_raw_exception,720575940623940963,R7,right,720575940623940963,720575940615692230,ME_R,2,yes,188251592;188251633,85.0,119.500000,205.635647,same_named_side,ME_R,yes,yes,746656.000,351570.000,146860.000,746720.000,351658.000,146860.000,Inspect exact released points and why the published pair table omitted this key,Released automated calls between two proofread roots; not a physiologically validated connection
9,A_raw_exception,720575940623940963,R7,right,720575940620065147,720575940623940963,ME_R,1,no,188251642,162.0,162.000000,39.716724,same_named_side,ME_R,yes,no,746968.000,351216.000,147000.000,747044.000,351340.000,146960.000,Inspect exact released points and why the published pair table omitted this key,Released automated calls between two proofread roots; not a physiologically validated connection
10,A_raw_exception,720575940623940963,R7,right,720575940623940963,720575940638036336,ME_R,1,no,188251691,156.0,156.000000,415.478943,same_named_side,ME_R,yes,yes,746200.000,352272.000,147240.000,746084.000,352232.000,147240.000,Inspect exact released points and why the published pair table omitted this key,Released automated calls between two proofread roots; not a physiologically validated connection
11,A_raw_exception,720575940623940963,R7,right,720575940623940963,720575940635270044,ME_R,1,no,188251598,148.0,148.000000,297.449707,same_named_side,ME_R,yes,yes,747208.000,351644.000,146800.000,747276.000,351752.000,146800.000,Inspect exact released points and why the published pair table omitted this key,Released automated calls between two proofread roots; not a physiologically validated connection
12,A_raw_exception,720575940623940963,R7,right,720575940623940963,720575940628794884,ME_R,1,no,188251606,145.0,145.000000,217.719360,same_named_side,ME_R,yes,yes,746216.000,351396.000,146840.000,746360.000,351436.000,146840.000,Inspect exact released points and why the published pair table omitted this key,Released automated calls between two proofread roots; not a physiologically validated connection
13,A_raw_exception,720575940623940963,R7,right,720575940623940963,720575940633131731,ME_R,1,no,207984877,138.0,138.000000,18.284258,same_named_side,ME_R,yes,yes,753052.000,356436.000,138360.000,752952.000,356324.000,138400.000,Inspect exact released points and why the published pair table omitted this key,Released automated calls between two proofread roots; not a physiologically validated connection
14,A_raw_exception,720575940623940963,R7,right,720575940638036336,720575940623940963,ME_R,1,no,188251677,135.0,135.000000,219.534760,same_named_side,ME_R,yes,no,746984.000,351356.000,147200.000,747076.000,351452.000,147200.000,Inspect exact released points and why the published pair table omitted this key,Released automated calls between two proofread roots; not a physiologically validated connection
15,A_raw_exception,720575940623940963,R7,right,720575940623940963,720575940636747639,ME_R,1,no,116364362,120.0,120.000000,28.839415,same_named_side,ME_R,yes,yes,752376.000,355188.000,141520.000,752408.000,355320.000,141480.000,Inspect exact released points and why the published pair table omitted this key,Released automated calls between two proofread roots; not a physiologically validated connection
16,A_raw_exception,720575940623940963,R7,right,720575940623940963,720575940637663710,ME_R,1,no,226787830,116.0,116.000000,22.184191,same_named_side,ME_R,yes,yes,753788.000,357116.000,137080.000,753720.000,357024.000,137040.000,Inspect exact released points and why the published pair table omitted this key,Released automated calls between two proofread roots; not a physiologically validated connection
17,A_raw_exception,720575940623940963,R7,right,720575940623940963,720575940640120142,ME_R,1,no,207984878,110.0,110.000000,206.078186,same_named_side,ME_R,yes,yes,753008.000,356464.000,138440.000,752892.000,356440.000,138480.000,Inspect exact released points and why the published pair table omitted this key,Released automated calls between two proofread roots; not a physiologically validated connection
18,A_raw_exception,720575940623940963,R7,right,720575940623940963,720575940621729775,ME_R,1,no,115049224,106.0,106.000000,158.254089,same_named_side,ME_R,yes,yes,748504.000,352736.000,142600.000,748432.000,352616.000,142600.000,Inspect exact released points and why the published pair table omitted this key,Released automated calls between two proofread roots; not a physiologically validated connection
19,A_raw_exception,720575940623940963,R7,right,720575940623940963,720575940635029273,ME_R,1,no,188251585,88.0,88.000000,254.461151,same_named_side,ME_R,yes,yes,747176.000,351576.000,146760.000,747216.000,351644.000,146720.000,Inspect exact released points and why the published pair table omitted this key,Released automated calls between two proofread roots; not a physiologically validated connection
20,A_raw_exception,720575940623940963,R7,right,720575940623940963,720575940643144589,ME_R,1,no,6359509,69.0,69.000000,36.746899,same_named_side,ME_R,yes,yes,747488.000,351804.000,146160.000,747536.000,351672.000,146120.000,Inspect exact released points and why the published pair table omitted this key,Released automated calls between two proofread roots; not a physiologically validated connection
21,A_raw_exception,720575940623940963,R7,right,720575940623101978,720575940623940963,ME_R,1,no,33053681,55.0,55.000000,212.503006,same_named_side,ME_R,yes,no,754660.000,358952.000,134880.000,754744.000,359024.000,134880.000,Inspect exact released points and why the published pair table omitted this key,Released automated calls between two proofread roots; not a physiologically validated connection
