distribution_tail_flags,root_id,flow,super_class,cell_class,cell_type,side,in_schema_metadata,is_R7_priority,is_Princeton_only_195,Princeton_individual_points,skeleton_nodes,skeleton_root_nodes,radius_min_nm,radius_mean_nm,radius_max_nm,radius_zero_rows,radius_negative_rows,nonfinite_coordinate_cells,x_min_nm,x_max_nm,x_span_um,y_min_nm,y_max_nm,y_span_um,z_min_nm,z_max_nm,z_span_um,bounding_box_diagonal_um
bottom_1pct_node_count;bottom_1pct_bbox_diagonal,720575940608078345,afferent,sensory,visual,R1-6,right,True,False,False,0,15,1,0,245.733,591,3,0,0,833976.125,836864.0,2.888,235622.656,237355.203,1.733,83352.992,84826.781,1.474,3.676
top_1pct_node_count;top_1pct_bbox_diagonal,720575940609622281,afferent,sensory,visual,R8,left,True,False,True,78,633,1,0,274.445,1306,35,0,0,151135.844,313012.5,161.877,154219.109,198590.797,44.372,175495.656,195177.234,19.682,168.998
bottom_1pct_node_count;bottom_1pct_bbox_diagonal,720575940613878459,afferent,ascending,AN,,right,True,False,False,9,57,1,0,195.281,520,4,0,0,541610.438,549536.0,7.926,320442.844,325736.0,5.293,225180.438,232515.953,7.336,12.027
bottom_1pct_bbox_diagonal,720575940615556498,afferent,sensory,visual,R1-6,left,True,False,True,4,78,1,0,352.115,1861,11,0,0,181832.094,186688.0,4.856,253499.719,258213.891,4.714,152084.969,161503.781,9.419,11.598
top_1pct_node_count,720575940620236593,afferent,sensory,visual,R1-6,left,True,False,False,14,531,1,0,416.938,2192,56,0,0,144510.344,188220.0,43.71,228759.641,240984.484,12.225,185280.516,193040.0,7.759,46.046
top_1pct_bbox_diagonal,720575940621544175,afferent,sensory,visual,R8,left,True,False,False,127,403,1,0,280.278,863,25,0,0,154144.188,296881.188,142.737,167364.656,208549.547,41.185,167699.531,191361.766,23.662,150.433
bottom_1pct_node_count;bottom_1pct_bbox_diagonal,720575940621914209,intrinsic,optic,LA>ME,L1-3,left,True,False,False,0,63,1,0,389.095,1486,9,0,0,116566.695,124128.0,7.561,414627.594,418076.719,3.449,168462.016,171975.062,3.513,9.023
top_1pct_node_count,720575940625721118,efferent,endocrine,,ITP,left,True,False,True,65,979,1,0,286.436,4729,138,0,0,446622.344,535714.5,89.092,173156.266,263977.75,90.821,196521.906,272403.719,75.882,148.135
bottom_1pct_node_count,720575940626286432,afferent,sensory,mechanosensory,JO-B,right,True,False,False,0,48,1,0,342.729,1110,6,0,0,603943.562,605224.312,1.281,288385.906,290933.781,2.548,67437.641,79626.891,12.189,12.518
top_1pct_bbox_diagonal,720575940629636713,afferent,sensory,visual,R8,left,True,False,False,83,389,1,0,361.488,1079,15,0,0,189347.984,252186.469,62.838,236863.938,271109.438,34.245,119198.141,256720.75,137.523,155.029
top_1pct_node_count;top_1pct_bbox_diagonal,720575940629808911,efferent,endocrine,,ITP,right,True,False,True,180,1086,1,0,246.1,5336,135,0,0,548386.562,604680.812,56.294,114408.422,255346.641,140.938,148069.703,198173.562,50.104,159.822
bottom_1pct_node_count;bottom_1pct_bbox_diagonal,720575940629888515,afferent,sensory,visual,R1-6,left,True,False,True,9,13,1,0,302.846,650,2,0,0,134219.5,136692.297,2.473,282576.0,283870.75,1.295,173220.0,174421.922,1.202,3.039
top_1pct_node_count,720575940629924091,efferent,endocrine,,ITP,left,True,False,True,59,1353,1,0,238.117,4611,184,0,0,441533.75,513074.156,71.54,182833.547,266957.812,84.124,196491.031,215659.078,19.168,112.082
top_1pct_bbox_diagonal,720575940630098075,afferent,sensory,visual,R7,left,True,False,False,166,406,1,0,289.552,1014,14,0,0,147643.25,299567.031,151.924,178644.891,218864.625,40.22,158780.188,190105.125,31.325,160.249
bottom_1pct_node_count,720575940630161152,afferent,sensory,mechanosensory,JO-B,right,True,False,False,1,62,1,0,244.145,670,3,0,0,603356.438,607994.812,4.638,288890.531,295725.562,6.835,65514.781,78586.586,13.072,15.463
top_1pct_node_count,720575940631592017,efferent,endocrine,,ITP,left,True,False,True,60,1169,1,0,239.157,4862,155,0,0,451002.219,504359.25,53.357,177754.891,264167.219,86.412,198122.719,215719.922,17.597,103.071
top_1pct_bbox_diagonal,720575940632280338,afferent,sensory,visual,R8,left,True,False,False,46,386,1,0,256.604,1001,17,0,0,120885.203,284904.812,164.02,216280.125,256658.781,40.379,144408.281,185439.766,41.031,173.829
bottom_1pct_node_count;bottom_1pct_bbox_diagonal,720575940632884792,intrinsic,optic,ME>LA,Lawf1,left,True,False,False,1,18,1,0,296.889,638,1,0,0,186049.891,190109.531,4.06,405648.5,406896.031,1.248,124201.07,126723.656,2.523,4.94
top_1pct_node_count,720575940633816986,afferent,sensory,unknown_sensory,DNx02,left,True,False,True,91,655,1,0,389.063,1211,41,0,0,456203.625,522954.938,66.751,311605.094,336835.594,25.23,182519.797,251588.438,69.069,99.312
bottom_1pct_bbox_diagonal,720575940635516058,afferent,sensory,visual,R1-6,right,True,False,False,1,78,1,0,324.897,1187,7,0,0,845319.0,854455.938,9.137,300615.344,303896.875,3.282,133999.75,137142.844,3.143,10.204
top_1pct_bbox_diagonal,720575940637390181,afferent,sensory,visual,R7,left,True,False,False,163,414,1,0,278.367,1138,22,0,0,152673.766,300175.906,147.502,167780.297,208000.891,40.221,168094.875,192120.25,24.025,154.764
