root_id,source,source_row,role,x_nm,y_nm,z_nm,partner_proofreading_class,nearest_node_nm,nearest_segment_nm
720575940609016668,Princeton_2025_unfiltered_point,77717,pre,836208.0,356944.0,128040.0,both_officially_proofread,802.104,761.077
720575940609016668,Princeton_2025_unfiltered_point,234216,post,833568.0,356704.0,128800.0,both_officially_proofread,347.074,206.681
720575940609016668,Princeton_2025_unfiltered_point,469797,pre,865088.0,353808.0,122280.0,both_officially_proofread,543.633,516.368
720575940609016668,Princeton_2025_unfiltered_point,1332329,pre,849424.0,357328.0,127360.0,both_officially_proofread,399.438,358.147
720575940609016668,Princeton_2025_unfiltered_point,1802834,pre,849152.0,357536.0,127400.0,both_officially_proofread,467.264,442.142
720575940609016668,Princeton_2025_unfiltered_point,2037358,pre,838656.0,357104.0,128160.0,both_officially_proofread,523.538,523.538
720575940609016668,Princeton_2025_unfiltered_point,2271905,pre,834192.0,356240.0,129640.0,both_officially_proofread,627.07,614.59
720575940609016668,Princeton_2025_unfiltered_point,2428917,pre,829488.0,356080.0,130200.0,both_officially_proofread,355.066,256.727
720575940609016668,Princeton_2025_unfiltered_point,2743050,pre,855328.0,356672.0,125360.0,both_officially_proofread,919.575,794.32
720575940609016668,Princeton_2025_unfiltered_point,3213515,pre,845376.0,357424.0,127160.0,both_officially_proofread,379.273,173.389
720575940609016668,Princeton_2025_unfiltered_point,4071591,pre,829344.0,356208.0,130320.0,both_officially_proofread,327.474,317.09
720575940609016668,Princeton_2025_unfiltered_point,4071591,post,829344.0,356208.0,130320.0,both_officially_proofread,327.474,317.09
720575940609016668,Princeton_2025_unfiltered_point,5480354,post,859760.0,355024.0,123800.0,both_officially_proofread,468.481,413.638
720575940609016668,Princeton_2025_unfiltered_point,5950154,pre,835424.0,357152.0,129040.0,both_officially_proofread,379.887,379.887
720575940609016668,Princeton_2025_unfiltered_point,6342087,pre,859840.0,355040.0,123800.0,both_officially_proofread,460.003,369.488
720575940609016668,Princeton_2025_unfiltered_point,6576389,pre,861264.0,354624.0,123240.0,both_officially_proofread,415.875,386.681
720575940609016668,Princeton_2025_unfiltered_point,6733369,pre,864112.0,353728.0,122920.0,both_officially_proofread,369.619,306.205
720575940609016668,Princeton_2025_unfiltered_point,6811448,pre,840448.0,357344.0,128120.0,both_officially_proofread,306.859,306.859
720575940609016668,Princeton_2025_unfiltered_point,6811448,post,840448.0,357344.0,128120.0,both_officially_proofread,306.859,306.859
720575940609016668,Princeton_2025_unfiltered_point,6811687,pre,849408.0,357488.0,127560.0,both_officially_proofread,388.985,365.091
720575940609016668,Princeton_2025_unfiltered_point,7516866,pre,830608.0,355952.0,130520.0,both_officially_proofread,410.295,317.452
720575940609016668,Princeton_2025_unfiltered_point,7673513,pre,845856.0,357680.0,127560.0,both_officially_proofread,468.618,462.79
720575940609016668,Princeton_2025_unfiltered_point,9006350,pre,846016.0,357504.0,128000.0,both_officially_proofread,417.814,329.378
720575940609016668,Princeton_2025_unfiltered_point,9711182,pre,833728.0,356352.0,129520.0,both_officially_proofread,518.934,511.21
720575940609016668,Princeton_2025_unfiltered_point,9789580,pre,842608.0,357584.0,128040.0,both_officially_proofread,127.514,72.796
720575940609016668,Princeton_2025_unfiltered_point,9789941,pre,864352.0,353968.0,122200.0,both_officially_proofread,983.068,983.068
720575940609016668,Princeton_2025_unfiltered_point,10182060,pre,852528.0,356960.0,126120.0,both_officially_proofread,432.29,426.854
720575940609016668,Princeton_2025_unfiltered_point,10182062,pre,855440.0,356592.0,125240.0,both_officially_proofread,779.741,779.741
720575940609016668,Princeton_2025_unfiltered_point,10261122,pre,856128.0,356448.0,125640.0,both_officially_proofread,867.462,844.376
720575940609016668,Princeton_2025_unfiltered_point,10889080,pre,856640.0,356304.0,125320.0,both_officially_proofread,794.27,794.27
720575940609016668,Princeton_2025_unfiltered_point,11123518,pre,849344.0,357408.0,127680.0,both_officially_proofread,274.72,263.102
720575940609016668,Princeton_2025_unfiltered_point,11984135,pre,862752.0,354608.0,122840.0,both_officially_proofread,312.838,312.838
720575940609016668,Princeton_2025_unfiltered_point,13001892,pre,839264.0,357360.0,128880.0,both_officially_proofread,382.413,382.413
720575940609016668,Princeton_2025_unfiltered_point,13158451,pre,857232.0,355760.0,125320.0,both_officially_proofread,392.274,370.176
720575940609016668,Princeton_2025_unfiltered_point,13393965,pre,861808.0,354288.0,123720.0,both_officially_proofread,429.31,416.587
720575940609016668,Princeton_2025_unfiltered_point,14255296,pre,859728.0,355312.0,123880.0,both_officially_proofread,302.853,302.592
720575940609016668,Princeton_2025_unfiltered_point,14333257,pre,849344.0,357056.0,127360.0,both_officially_proofread,341.713,313.849
720575940609016668,Princeton_2025_unfiltered_point,15507930,pre,836464.0,356912.0,128200.0,both_officially_proofread,620.781,505.971
720575940609016668,Princeton_2025_unfiltered_point,15821611,pre,845904.0,357728.0,127640.0,both_officially_proofread,500.42,490.151
720575940609016668,Princeton_2025_unfiltered_point,15978045,pre,863728.0,354432.0,123160.0,both_officially_proofread,153.552,151.133
720575940609016668,Princeton_2025_unfiltered_point,16290599,pre,831280.0,356160.0,129600.0,both_officially_proofread,403.677,395.279
720575940609016668,Princeton_2025_unfiltered_point,16291110,pre,847776.0,356912.0,127640.0,both_officially_proofread,519.144,519.144
720575940609016668,Princeton_2025_unfiltered_point,16995642,pre,829536.0,355936.0,130200.0,both_officially_proofread,339.226,306.832
720575940609016668,Princeton_2025_unfiltered_point,17310426,pre,838512.0,357280.0,128600.0,both_officially_proofread,262.985,253.418
720575940609016668,Princeton_2025_unfiltered_point,18562809,pre,857392.0,355648.0,125400.0,both_officially_proofread,361.67,349.984
720575940609016668,Princeton_2025_unfiltered_point,18875913,post,832336.0,356272.0,128720.0,both_officially_proofread,558.117,472.145
720575940609016668,Princeton_2025_unfiltered_point,19032240,pre,845440.0,357296.0,127280.0,both_officially_proofread,325.124,221.952
720575940609016668,Princeton_2025_unfiltered_point,19659140,pre,834576.0,356928.0,129160.0,both_officially_proofread,415.756,393.499
720575940609016668,Princeton_2025_unfiltered_point,20051393,pre,840592.0,357312.0,128080.0,both_officially_proofread,288.189,288.189
720575940609016668,Princeton_2025_unfiltered_point,20364311,pre,834464.0,356832.0,129240.0,both_officially_proofread,335.866,334.182
720575940609016668,Princeton_2025_unfiltered_point,20911815,pre,861376.0,355216.0,123840.0,both_officially_proofread,391.558,107.293
720575940609016668,Princeton_2025_unfiltered_point,21068566,pre,860480.0,354560.0,123760.0,both_officially_proofread,250.14,196.709
720575940609016668,Princeton_2025_unfiltered_point,21538058,pre,847888.0,357920.0,127680.0,both_officially_proofread,246.635,209.63
720575940609016668,Princeton_2025_unfiltered_point,21694467,pre,859216.0,353680.0,124160.0,both_officially_proofread,271.653,271.085
720575940609016668,Princeton_2025_unfiltered_point,22006847,pre,863920.0,353072.0,123240.0,both_officially_proofread,311.022,117.424
720575940609016668,Princeton_2025_unfiltered_point,22084489,pre,839472.0,357456.0,128800.0,both_officially_proofread,444.942,441.402
720575940609016668,Princeton_2025_unfiltered_point,22319603,pre,835584.0,356896.0,129160.0,both_officially_proofread,270.866,270.719
720575940609016668,Princeton_2025_unfiltered_point,22555843,pre,850688.0,357344.0,126840.0,both_officially_proofread,341.109,341.109
720575940609016668,Princeton_2025_unfiltered_point,22946516,pre,862032.0,355280.0,123640.0,both_officially_proofread,654.147,636.359
720575940609016668,Princeton_2025_unfiltered_point,23024326,pre,845232.0,357696.0,127800.0,both_officially_proofread,460.109,446.632
720575940609016668,Princeton_2025_unfiltered_point,23259470,pre,852704.0,356800.0,126040.0,both_officially_proofread,408.435,391.314
720575940609016668,Princeton_2025_unfiltered_point,23416551,pre,862288.0,355056.0,123120.0,both_officially_proofread,337.251,329.978
720575940609016668,Princeton_2025_unfiltered_point,24198662,pre,833264.0,356400.0,128760.0,both_officially_proofread,311.352,140.451
720575940609016668,Princeton_2025_unfiltered_point,24277176,pre,835888.0,356928.0,128040.0,both_officially_proofread,660.664,660.664
720575940609016668,Princeton_2025_unfiltered_point,24355783,pre,849520.0,357312.0,127320.0,both_officially_proofread,409.682,389.044
720575940609016668,Princeton_2025_unfiltered_point,24590261,pre,844112.0,357360.0,127600.0,both_officially_proofread,325.896,251.673
720575940609016668,Princeton_2025_unfiltered_point,25451757,pre,852208.0,356896.0,126920.0,both_officially_proofread,298.942,250.608
720575940609016668,Princeton_2025_unfiltered_point,25608501,post,860864.0,355584.0,123960.0,both_officially_proofread,637.404,612.587
720575940609016668,Princeton_2025_unfiltered_point,25844380,pre,862000.0,355248.0,123640.0,both_officially_proofread,644.17,615.127
720575940609016668,Princeton_2025_unfiltered_point,26470625,pre,864096.0,353536.0,123000.0,both_officially_proofread,208.635,203.998
720575940609016668,Princeton_2025_unfiltered_point,27097264,pre,842528.0,357632.0,128080.0,both_officially_proofread,183.922,42.201
720575940609016668,Princeton_2025_unfiltered_point,28115254,pre,830272.0,355664.0,129960.0,both_officially_proofread,372.418,351.458
720575940609016668,Princeton_2025_unfiltered_point,28115254,post,830272.0,355664.0,129960.0,both_officially_proofread,372.418,351.458
720575940609016668,Princeton_2025_unfiltered_point,28115497,pre,844720.0,357440.0,127640.0,both_officially_proofread,368.1,368.1
720575940609016668,Princeton_2025_unfiltered_point,28429027,pre,845808.0,357696.0,127600.0,both_officially_proofread,469.854,464.017
720575940609016668,Princeton_2025_unfiltered_point,28507362,pre,830528.0,355904.0,130560.0,both_officially_proofread,391.113,257.801
720575940609016668,Princeton_2025_unfiltered_point,28507363,post,830816.0,356128.0,129200.0,both_officially_proofread,630.294,606.325
720575940609016668,Princeton_2025_unfiltered_point,29056082,pre,836976.0,357232.0,128720.0,both_officially_proofread,428.451,354.971
720575940609016668,Princeton_2025_unfiltered_point,29056336,pre,838576.0,357136.0,128120.0,both_officially_proofread,573.665,573.665
720575940609016668,Princeton_2025_unfiltered_point,29291400,pre,865440.0,353584.0,122120.0,both_officially_proofread,184.329,176.373
720575940609016668,Princeton_2025_unfiltered_point,29995944,pre,849136.0,357024.0,127520.0,both_officially_proofread,218.807,216.613
720575940609016668,Princeton_2025_unfiltered_point,31873343,pre,843488.0,357360.0,127640.0,both_officially_proofread,428.668,343.372
720575940609016668,Princeton_2025_unfiltered_point,32030079,pre,852640.0,356816.0,126120.0,both_officially_proofread,400.706,343.591
720575940609016668,Princeton_2025_unfiltered_point,32108420,pre,856480.0,356064.0,125200.0,both_officially_proofread,625.017,545.18
720575940609016668,Princeton_2025_unfiltered_point,32108423,pre,862656.0,354880.0,123600.0,both_officially_proofread,547.46,502.729
720575940609016668,Princeton_2025_unfiltered_point,32578435,pre,853856.0,356720.0,125640.0,both_officially_proofread,222.322,222.322
720575940609016668,Princeton_2025_unfiltered_point,32969083,pre,862640.0,354880.0,123600.0,both_officially_proofread,544.172,496.122
720575940609016668,Princeton_2025_unfiltered_point,33125531,pre,829184.0,356160.0,130440.0,both_officially_proofread,382.871,320.912
720575940609016668,Princeton_2025_unfiltered_point,33204314,pre,862528.0,354896.0,123640.0,both_officially_proofread,575.539,501.281
720575940609016668,Princeton_2025_unfiltered_point,33282266,pre,851568.0,357232.0,126440.0,both_officially_proofread,548.102,524.24
720575940609016668,Princeton_2025_unfiltered_point,33595659,pre,861440.0,355136.0,123840.0,both_officially_proofread,370.944,158.962
720575940609016668,Princeton_2025_unfiltered_point,33987491,pre,862080.0,355344.0,123640.0,both_officially_proofread,668.469,663.995
720575940609016668,Princeton_2025_unfiltered_point,34143279,pre,832992.0,356544.0,129440.0,both_officially_proofread,396.358,394.497
720575940609016668,Princeton_2025_unfiltered_point,34772457,pre,865104.0,353808.0,122080.0,both_officially_proofread,432.037,418.468
720575940609016668,Princeton_2025_unfiltered_point,35085425,pre,862560.0,354864.0,122800.0,both_officially_proofread,270.786,106.535
720575940609016668,Princeton_2025_unfiltered_point,35948522,pre,845712.0,357648.0,127600.0,both_officially_proofread,406.805,404.402
720575940609016668,Princeton_2025_unfiltered_point,37514489,pre,830752.0,356096.0,130360.0,both_officially_proofread,350.323,350.323
720575940609016668,Princeton_2025_unfiltered_point,37671596,pre,853632.0,356704.0,125880.0,both_officially_proofread,230.064,227.895
720575940609016668,Princeton_2025_unfiltered_point,37749161,pre,836896.0,357184.0,128680.0,both_officially_proofread,357.435,314.248
720575940609016668,Princeton_2025_unfiltered_point,37905816,pre,833760.0,356352.0,129560.0,both_officially_proofread,565.626,560.558
720575940609016668,Princeton_2025_unfiltered_point,39005125,pre,847728.0,357472.0,127560.0,both_officially_proofread,309.528,247.247
720575940609016668,Princeton_2025_unfiltered_point,39083559,pre,859648.0,355152.0,123840.0,both_officially_proofread,395.719,392.6
720575940609016668,Princeton_2025_unfiltered_point,39865428,pre,829920.0,356352.0,130640.0,both_officially_proofread,422.648,380.514
720575940609016668,Princeton_2025_unfiltered_point,41433484,pre,865104.0,353792.0,122040.0,both_officially_proofread,412.176,397.696
720575940609016668,Princeton_2025_unfiltered_point,41746429,pre,829616.0,356432.0,129880.0,both_officially_proofread,168.292,94.355
720575940609016668,Princeton_2025_unfiltered_point,41981762,pre,840416.0,357360.0,128160.0,both_officially_proofread,261.447,261.447
720575940609016668,Princeton_2025_unfiltered_point,42374480,pre,849376.0,357472.0,127640.0,both_officially_proofread,346.73,331.123
720575940609016668,Princeton_2025_unfiltered_point,42844057,pre,854336.0,356368.0,126440.0,both_officially_proofread,447.092,447.092
720575940609016668,Princeton_2025_unfiltered_point,42922752,pre,839216.0,357392.0,128840.0,both_officially_proofread,371.087,371.087
720575940609016668,Princeton_2025_unfiltered_point,43392120,pre,834576.0,356624.0,128480.0,both_officially_proofread,366.46,297.478
720575940609016668,Princeton_2025_unfiltered_point,43470817,pre,840400.0,357312.0,128160.0,both_officially_proofread,245.67,245.67
720575940609016668,Princeton_2025_unfiltered_point,43863055,pre,863728.0,354464.0,123200.0,both_officially_proofread,191.939,191.939
720575940609016668,Princeton_2025_unfiltered_point,44488640,pre,847728.0,357920.0,127760.0,both_officially_proofread,281.876,188.38
720575940609016668,Princeton_2025_unfiltered_point,44645145,pre,837136.0,357152.0,129080.0,both_officially_proofread,388.929,388.722
720575940609016668,Princeton_2025_unfiltered_point,45036988,pre,854432.0,356448.0,126400.0,both_officially_proofread,421.43,421.347
720575940609016668,Princeton_2025_unfiltered_point,45115521,pre,862512.0,354896.0,123640.0,both_officially_proofread,575.978,497.871
720575940609016668,Princeton_2025_unfiltered_point,46369556,pre,835120.0,356928.0,128920.0,both_officially_proofread,329.319,328.037
720575940609016668,Princeton_2025_unfiltered_point,46370040,pre,852912.0,356960.0,126720.0,both_officially_proofread,432.292,397.851
720575940609016668,Princeton_2025_unfiltered_point,46447899,pre,833680.0,356320.0,129600.0,both_officially_proofread,518.999,518.999
720575940609016668,Princeton_2025_unfiltered_point,46447899,post,833680.0,356320.0,129600.0,both_officially_proofread,518.999,518.999
720575940609016668,Princeton_2025_unfiltered_point,46448143,pre,839584.0,357488.0,128640.0,both_officially_proofread,399.733,373.904
720575940609016668,Princeton_2025_unfiltered_point,46683989,pre,838688.0,357072.0,128240.0,both_officially_proofread,443.618,443.146
720575940609016668,Princeton_2025_unfiltered_point,47074908,pre,829232.0,356064.0,130360.0,both_officially_proofread,395.354,384.697
720575940609016668,Princeton_2025_unfiltered_point,47074908,post,829232.0,356064.0,130360.0,both_officially_proofread,395.354,384.697
720575940609016668,Princeton_2025_unfiltered_point,47779657,pre,846096.0,357536.0,128000.0,both_officially_proofread,448.129,412.172
720575940609016668,Princeton_2025_unfiltered_point,47779869,pre,852928.0,357072.0,126760.0,both_officially_proofread,516.822,498.446
720575940609016668,Princeton_2025_unfiltered_point,48093350,pre,865088.0,353824.0,122120.0,both_officially_proofread,467.256,452.336
720575940609016668,Princeton_2025_unfiltered_point,48719416,pre,850272.0,356768.0,126960.0,both_officially_proofread,476.793,424.852
720575940609016668,Princeton_2025_unfiltered_point,49189497,pre,849264.0,357536.0,127520.0,both_officially_proofread,405.488,401.067
720575940609016668,Princeton_2025_unfiltered_point,49424092,pre,856560.0,356208.0,125200.0,both_officially_proofread,726.83,708.194
720575940609016668,Princeton_2025_unfiltered_point,49502428,pre,851568.0,357360.0,126520.0,both_officially_proofread,555.501,537.412
720575940609016668,Princeton_2025_unfiltered_point,49580788,pre,844896.0,357744.0,127920.0,both_officially_proofread,594.668,550.531
720575940609016668,Princeton_2025_unfiltered_point,49816226,pre,836896.0,357248.0,128760.0,both_officially_proofread,412.884,397.56
720575940609016668,Princeton_2025_unfiltered_point,50050832,pre,852096.0,357024.0,126880.0,both_officially_proofread,249.057,145.465
720575940609016668,Princeton_2025_unfiltered_point,50677422,pre,861168.0,354848.0,123080.0,both_officially_proofread,575.646,548.121
720575940609016668,Princeton_2025_unfiltered_point,50833719,pre,851568.0,357360.0,126520.0,both_officially_proofread,555.501,537.412
720575940609016668,Princeton_2025_unfiltered_point,50833719,post,851568.0,357360.0,126520.0,both_officially_proofread,555.501,537.412
720575940609016668,Princeton_2025_unfiltered_point,51303118,pre,838496.0,357424.0,128920.0,both_officially_proofread,445.552,423.436
720575940609016668,Princeton_2025_unfiltered_point,51538696,pre,848800.0,357376.0,127520.0,both_officially_proofread,175.618,174.954
720575940609016668,Princeton_2025_unfiltered_point,52635535,pre,856448.0,356448.0,125520.0,both_officially_proofread,992.576,900.626
720575940609016668,Princeton_2025_unfiltered_point,52949735,pre,865360.0,353616.0,122160.0,both_officially_proofread,241.873,222.736
720575940609016668,Princeton_2025_unfiltered_point,55142997,pre,834752.0,356752.0,128440.0,both_officially_proofread,421.679,397.684
720575940609016668,Princeton_2025_unfiltered_point,55770289,pre,866528.0,351504.0,120760.0,both_officially_proofread,124.047,115.88
720575940609016668,Princeton_2025_unfiltered_point,55770289,post,866528.0,351504.0,120760.0,both_officially_proofread,124.047,115.88
720575940609016668,Princeton_2025_unfiltered_point,56161287,pre,839584.0,357472.0,128560.0,both_officially_proofread,370.426,349.172
720575940609016668,Princeton_2025_unfiltered_point,56161679,pre,859760.0,355632.0,124080.0,both_officially_proofread,196.237,140.105
720575940609016668,Princeton_2025_unfiltered_point,57804109,pre,830896.0,356096.0,129040.0,both_officially_proofread,641.712,636.513
720575940609016668,Princeton_2025_unfiltered_point,57804109,post,830896.0,356096.0,129040.0,both_officially_proofread,641.712,636.513
720575940609016668,Princeton_2025_unfiltered_point,58039006,pre,835568.0,357056.0,128920.0,both_officially_proofread,229.05,228.192
720575940609016668,Princeton_2025_unfiltered_point,58117904,pre,834672.0,356752.0,128480.0,both_officially_proofread,351.921,312.135
720575940609016668,Princeton_2025_unfiltered_point,58353117,pre,836048.0,356880.0,128080.0,both_officially_proofread,695.978,689.967
720575940609016668,Princeton_2025_unfiltered_point,58353117,post,836048.0,356880.0,128080.0,both_officially_proofread,695.978,689.967
720575940609016668,Princeton_2025_unfiltered_point,58510394,pre,853056.0,357024.0,126320.0,both_officially_proofread,370.927,370.927
720575940609016668,Princeton_2025_unfiltered_point,59687076,pre,863792.0,354304.0,122800.0,both_officially_proofread,266.595,223.263
720575940609016668,Princeton_2025_unfiltered_point,61723795,pre,850928.0,357120.0,126720.0,both_officially_proofread,386.741,386.741
720575940609016668,Princeton_2025_unfiltered_point,62429199,pre,851536.0,357312.0,126480.0,both_officially_proofread,571.541,543.37
720575940609016668,Princeton_2025_unfiltered_point,62742506,pre,836256.0,356928.0,128080.0,both_officially_proofread,762.295,721.476
720575940609016668,Princeton_2025_unfiltered_point,62821495,pre,864240.0,353648.0,122960.0,both_officially_proofread,391.324,381.857
720575940609016668,Princeton_2025_unfiltered_point,62977657,pre,854624.0,356544.0,126200.0,both_officially_proofread,383.06,286.067
720575940609016668,Princeton_2025_unfiltered_point,63682559,pre,856464.0,356144.0,125160.0,both_officially_proofread,709.827,606.741
720575940609016668,Princeton_2025_unfiltered_point,63682559,post,856464.0,356144.0,125160.0,both_officially_proofread,709.827,606.741
720575940609016668,Princeton_2025_unfiltered_point,63839438,pre,857328.0,355840.0,125320.0,both_officially_proofread,478.267,474.311
720575940609016668,Princeton_2025_unfiltered_point,63995799,pre,846016.0,357600.0,127960.0,both_officially_proofread,463.417,384.756
720575940609016668,Princeton_2025_unfiltered_point,64308722,pre,830768.0,356160.0,129320.0,both_officially_proofread,661.304,612.286
720575940609016668,Princeton_2025_unfiltered_point,64387510,pre,832448.0,356272.0,129760.0,both_officially_proofread,570.332,569.221
720575940609016668,Princeton_2025_unfiltered_point,64857719,pre,829216.0,356080.0,130400.0,both_officially_proofread,383.341,362.394
720575940609016668,Princeton_2025_unfiltered_point,65327743,pre,854464.0,356528.0,126280.0,both_officially_proofread,344.356,344.2
720575940609016668,Princeton_2025_unfiltered_point,65327743,post,854464.0,356528.0,126280.0,both_officially_proofread,344.356,344.2
720575940609016668,Princeton_2025_unfiltered_point,65406277,pre,862192.0,355088.0,123320.0,both_officially_proofread,496.625,484.32
720575940609016668,Princeton_2025_unfiltered_point,65719219,pre,864080.0,353648.0,123000.0,both_officially_proofread,279.295,234.009
720575940609016668,Princeton_2025_unfiltered_point,66579325,pre,830384.0,355984.0,130560.0,both_officially_proofread,388.303,132.65
720575940609016668,Princeton_2025_unfiltered_point,66579326,pre,830784.0,356144.0,129280.0,both_officially_proofread,642.823,603.421
720575940609016668,Princeton_2025_unfiltered_point,67128667,pre,862672.0,354624.0,122840.0,both_officially_proofread,335.421,311.826
720575940609016668,Princeton_2025_unfiltered_point,67285260,pre,837568.0,357168.0,129120.0,both_officially_proofread,438.283,414.648
720575940609016668,Princeton_2025_unfiltered_point,68698972,pre,843856.0,357360.0,127560.0,both_officially_proofread,397.015,191.325
720575940609016668,Princeton_2025_unfiltered_point,68699184,pre,854384.0,356432.0,126360.0,both_officially_proofread,372.713,372.713
720575940609016668,Princeton_2025_unfiltered_point,69012585,pre,829568.0,356448.0,129840.0,both_officially_proofread,107.058,71.432
720575940609016668,Princeton_2025_unfiltered_point,69012858,pre,838512.0,357136.0,128120.0,both_officially_proofread,588.377,588.377
720575940609016668,Princeton_2025_unfiltered_point,69169801,pre,842176.0,357472.0,128320.0,both_officially_proofread,138.427,116.521
720575940609016668,Princeton_2025_unfiltered_point,69954469,post,837216.0,357328.0,128200.0,both_officially_proofread,91.759,90.908
720575940609016668,Princeton_2025_unfiltered_point,69954925,pre,851536.0,357296.0,126440.0,both_officially_proofread,591.595,564.979
720575940609016668,Princeton_2025_unfiltered_point,70112188,pre,859696.0,355216.0,123840.0,both_officially_proofread,360.03,356.363
720575940609016668,Princeton_2025_unfiltered_point,70190192,pre,855360.0,356688.0,125320.0,both_officially_proofread,914.495,847.943
720575940609016668,Princeton_2025_unfiltered_point,70190192,post,855360.0,356688.0,125320.0,both_officially_proofread,914.495,847.943
720575940609016668,Princeton_2025_unfiltered_point,70895418,pre,861088.0,354848.0,123080.0,both_officially_proofread,590.998,580.274
720575940609016668,Princeton_2025_unfiltered_point,71365332,pre,838560.0,357376.0,129120.0,both_officially_proofread,533.604,510.648
720575940609016668,Princeton_2025_unfiltered_point,71365332,post,838560.0,357376.0,129120.0,both_officially_proofread,533.604,510.648
720575940609016668,Princeton_2025_unfiltered_point,71678502,pre,852608.0,356944.0,126040.0,both_officially_proofread,500.282,468.899
720575940609016668,Princeton_2025_unfiltered_point,71835071,pre,857376.0,355744.0,125400.0,both_officially_proofread,431.211,427.573
720575940609016668,Princeton_2025_unfiltered_point,72619253,pre,861376.0,355008.0,123840.0,both_officially_proofread,262.784,174.076
720575940609016668,Princeton_2025_unfiltered_point,72696998,pre,846112.0,357744.0,127560.0,both_officially_proofread,572.132,541.994
720575940609016668,Princeton_2025_unfiltered_point,72775357,pre,845488.0,357648.0,127680.0,both_officially_proofread,394.548,374.93
720575940609016668,Princeton_2025_unfiltered_point,72775759,pre,856352.0,356480.0,125600.0,both_officially_proofread,984.784,920.613
720575940609016668,Princeton_2025_unfiltered_point,73480792,pre,852736.0,356752.0,126120.0,both_officially_proofread,315.925,297.17
720575940609016668,Princeton_2025_unfiltered_point,73558733,pre,829200.0,356160.0,130360.0,both_officially_proofread,405.479,367.125
720575940609016668,Princeton_2025_unfiltered_point,73716098,pre,863760.0,354416.0,122880.0,both_officially_proofread,139.232,134.517
720575940609016668,Princeton_2025_unfiltered_point,74265130,pre,850512.0,357248.0,126840.0,both_officially_proofread,298.753,298.753
720575940609016668,Princeton_2025_unfiltered_point,74265132,pre,855248.0,356560.0,125840.0,both_officially_proofread,584.763,415.326
720575940609016668,Princeton_2025_unfiltered_point,74343003,pre,833600.0,356256.0,129680.0,both_officially_proofread,514.917,514.917
720575940609016668,Princeton_2025_unfiltered_point,74343004,pre,833680.0,356256.0,129680.0,both_officially_proofread,566.321,566.321
720575940609016668,Princeton_2025_unfiltered_point,74343485,pre,846784.0,357712.0,127560.0,both_officially_proofread,378.907,319.828
720575940609016668,Princeton_2025_unfiltered_point,74655954,pre,832688.0,356304.0,129720.0,both_officially_proofread,496.053,489.621
720575940609016668,Princeton_2025_unfiltered_point,75047766,post,849952.0,356896.0,127120.0,both_officially_proofread,457.7,419.965
720575940609016668,Princeton_2025_unfiltered_point,75360198,pre,848992.0,357392.0,127400.0,both_officially_proofread,300.423,300.423
720575940609016668,Princeton_2025_unfiltered_point,75829943,pre,860208.0,353952.0,123720.0,both_officially_proofread,310.723,310.723
720575940609016668,Princeton_2025_unfiltered_point,75830026,pre,865152.0,353744.0,122280.0,both_officially_proofread,479.155,446.916
720575940609016668,Princeton_2025_unfiltered_point,75908269,pre,855408.0,356736.0,125320.0,both_officially_proofread,938.519,891.662
720575940609016668,Princeton_2025_unfiltered_point,75987270,pre,865488.0,353472.0,122040.0,both_officially_proofread,160.54,132.037
720575940609016668,Princeton_2025_unfiltered_point,76222538,pre,862768.0,354576.0,122800.0,both_officially_proofread,350.837,350.837
720575940609016668,Princeton_2025_unfiltered_point,76378100,pre,832960.0,356528.0,128920.0,both_officially_proofread,526.815,496.386
720575940609016668,Princeton_2025_unfiltered_point,77004541,pre,850432.0,357280.0,126880.0,both_officially_proofread,351.982,345.987
720575940609016668,Princeton_2025_unfiltered_point,78257339,pre,835616.0,357088.0,128960.0,both_officially_proofread,272.325,272.325
720575940609016668,Princeton_2025_unfiltered_point,79039565,pre,834064.0,356320.0,129600.0,both_officially_proofread,574.236,572.914
720575940609016668,Princeton_2025_unfiltered_point,79431886,pre,849344.0,357200.0,127360.0,both_officially_proofread,328.431,307.527
720575940609016668,Princeton_2025_unfiltered_point,79588348,pre,830784.0,356144.0,129200.0,both_officially_proofread,649.847,629.119
720575940609016668,Princeton_2025_unfiltered_point,79823803,pre,832528.0,356384.0,129680.0,both_officially_proofread,534.435,534.435
720575940609016668,Princeton_2025_unfiltered_point,79823805,pre,835696.0,357040.0,129040.0,both_officially_proofread,287.371,287.371
720575940609016668,Princeton_2025_unfiltered_point,79902866,post,862176.0,355040.0,122840.0,both_officially_proofread,398.556,305.908
720575940609016668,Princeton_2025_unfiltered_point,80137253,pre,838576.0,357440.0,129040.0,both_officially_proofread,507.926,498.495
720575940623940963,Princeton_2025_unfiltered_point,69866,post,756528.0,360912.0,133200.0,both_officially_proofread,202.735,193.164
720575940623940963,Princeton_2025_unfiltered_point,224759,pre,750384.0,354336.0,141480.0,both_officially_proofread,383.748,330.857
720575940623940963,Princeton_2025_unfiltered_point,226416,post,759728.0,362992.0,129720.0,both_officially_proofread,92.408,66.199
720575940623940963,Princeton_2025_unfiltered_point,1792989,pre,747104.0,351552.0,146800.0,both_officially_proofread,889.154,889.154
720575940623940963,Princeton_2025_unfiltered_point,2028635,pre,763296.0,364336.0,127360.0,both_officially_proofread,493.367,493.244
720575940623940963,Princeton_2025_unfiltered_point,2499487,pre,755808.0,359840.0,134120.0,both_officially_proofread,320.141,289.024
720575940623940963,Princeton_2025_unfiltered_point,3284782,post,764128.0,365312.0,126600.0,both_officially_proofread,584.397,521.616
720575940623940963,Princeton_2025_unfiltered_point,3672040,pre,748048.0,352032.0,144160.0,both_officially_proofread,244.42,142.166
720575940623940963,Princeton_2025_unfiltered_point,3910421,post,772944.0,364864.0,126880.0,both_officially_proofread,126.146,116.035
720575940623940963,Princeton_2025_unfiltered_point,4219617,post,756048.0,359792.0,135240.0,both_officially_proofread,607.87,578.204
720575940623940963,Princeton_2025_unfiltered_point,4297869,pre,756960.0,360864.0,132800.0,both_officially_proofread,132.936,99.115
720575940623940963,Princeton_2025_unfiltered_point,4844931,post,755968.0,359888.0,135480.0,both_officially_proofread,671.745,662.581
720575940623940963,Princeton_2025_unfiltered_point,5235196,pre,753792.0,357088.0,137120.0,both_officially_proofread,363.468,331.461
720575940623940963,Princeton_2025_unfiltered_point,6645816,pre,762048.0,364416.0,127760.0,both_officially_proofread,462.208,431.22
720575940623940963,Princeton_2025_unfiltered_point,8055817,pre,747152.0,351392.0,146480.0,both_officially_proofread,838.519,800.2
720575940623940963,Princeton_2025_unfiltered_point,8291537,post,746944.0,352912.0,146720.0,both_officially_proofread,804.855,804.855
720575940623940963,Princeton_2025_unfiltered_point,8369881,pre,749792.0,353776.0,141840.0,both_officially_proofread,205.72,142.825
720575940623940963,Princeton_2025_unfiltered_point,8526627,pre,746048.0,351424.0,146880.0,both_officially_proofread,662.487,662.487
720575940623940963,Princeton_2025_unfiltered_point,8605069,pre,745872.0,351808.0,146960.0,both_officially_proofread,334.511,334.511
720575940623940963,Princeton_2025_unfiltered_point,8838584,pre,744688.0,352144.0,146160.0,both_officially_proofread,576.336,542.976
720575940623940963,Princeton_2025_unfiltered_point,9389842,pre,758112.0,362304.0,131280.0,both_officially_proofread,306.683,280.131
720575940623940963,Princeton_2025_unfiltered_point,9544988,pre,745424.0,351344.0,145800.0,both_officially_proofread,880.157,870.217
720575940623940963,Princeton_2025_unfiltered_point,9701867,pre,747280.0,352288.0,147000.0,both_officially_proofread,816.534,816.534
720575940623940963,Princeton_2025_unfiltered_point,9858736,pre,747024.0,351616.0,146800.0,both_officially_proofread,789.808,789.808
720575940623940963,Princeton_2025_unfiltered_point,10094009,pre,746896.0,351072.0,146440.0,both_officially_proofread,1049.599,812.736
720575940623940963,Princeton_2025_unfiltered_point,10095336,post,754496.0,357744.0,138040.0,both_officially_proofread,447.685,447.637
720575940623940963,Princeton_2025_unfiltered_point,10329551,pre,745440.0,351504.0,145360.0,both_officially_proofread,1173.107,1124.761
720575940623940963,Princeton_2025_unfiltered_point,10486150,pre,745424.0,351552.0,145400.0,both_officially_proofread,1129.043,1123.467
720575940623940963,Princeton_2025_unfiltered_point,10565114,pre,747696.0,351504.0,144680.0,both_officially_proofread,445.929,443.254
720575940623940963,Princeton_2025_unfiltered_point,10722437,pre,753024.0,356464.0,138480.0,both_officially_proofread,567.99,566.983
720575940623940963,Princeton_2025_unfiltered_point,10957061,pre,746592.0,351216.0,144520.0,both_officially_proofread,774.669,774.669
720575940623940963,Princeton_2025_unfiltered_point,11428408,pre,755824.0,359600.0,135400.0,both_officially_proofread,360.301,358.736
720575940623940963,Princeton_2025_unfiltered_point,11820883,pre,764128.0,365296.0,126480.0,both_officially_proofread,474.082,430.496
720575940623940963,Princeton_2025_unfiltered_point,12365191,pre,748544.0,352688.0,142640.0,both_officially_proofread,303.682,282.666
720575940623940963,Princeton_2025_unfiltered_point,12445383,post,761872.0,363856.0,128320.0,both_officially_proofread,120.854,120.269
720575940623940963,Princeton_2025_unfiltered_point,12522185,post,752272.0,355120.0,141400.0,both_officially_proofread,749.926,749.926
720575940623940963,Princeton_2025_unfiltered_point,13306623,post,756656.0,360800.0,133040.0,both_officially_proofread,237.915,108.912
720575940623940963,Princeton_2025_unfiltered_point,13541045,pre,747552.0,351840.0,146200.0,both_officially_proofread,610.116,610.116
720575940623940963,Princeton_2025_unfiltered_point,13933564,pre,756928.0,361168.0,131960.0,both_officially_proofread,479.761,442.317
720575940623940963,Princeton_2025_unfiltered_point,14088349,pre,745440.0,351536.0,145760.0,both_officially_proofread,815.826,805.301
720575940623940963,Princeton_2025_unfiltered_point,15107759,pre,761952.0,364528.0,127760.0,both_officially_proofread,455.464,442.941
720575940623940963,Princeton_2025_unfiltered_point,15419966,pre,747440.0,351264.0,146160.0,both_officially_proofread,875.455,793.115
720575940623940963,Princeton_2025_unfiltered_point,15498392,pre,746944.0,353216.0,147200.0,both_officially_proofread,814.829,795.582
720575940623940963,Princeton_2025_unfiltered_point,15576614,post,752864.0,356336.0,139960.0,both_officially_proofread,656.36,598.545
720575940623940963,Princeton_2025_unfiltered_point,15656810,pre,757104.0,361264.0,131800.0,both_officially_proofread,409.772,409.457
720575940623940963,Princeton_2025_unfiltered_point,16202466,post,752272.0,355856.0,138960.0,both_officially_proofread,678.901,678.901
720575940623940963,Princeton_2025_unfiltered_point,16596072,pre,757520.0,362544.0,131240.0,both_officially_proofread,388.047,343.562
720575940623940963,Princeton_2025_unfiltered_point,17459804,post,768592.0,364448.0,126640.0,both_officially_proofread,453.847,445.867
720575940623940963,Princeton_2025_unfiltered_point,17848288,pre,752960.0,356432.0,138560.0,both_officially_proofread,499.573,499.573
720575940623940963,Princeton_2025_unfiltered_point,18083779,post,760928.0,363536.0,128880.0,both_officially_proofread,111.671,40.17
720575940623940963,Princeton_2025_unfiltered_point,18711565,post,757808.0,362704.0,131520.0,both_officially_proofread,327.802,284.81
720575940623940963,Princeton_2025_unfiltered_point,18788099,pre,746800.0,351008.0,146360.0,both_officially_proofread,1018.633,731.236
720575940623940963,Princeton_2025_unfiltered_point,19494521,post,758336.0,362912.0,130640.0,both_officially_proofread,401.797,370.066
720575940623940963,Princeton_2025_unfiltered_point,21449816,pre,752976.0,355552.0,139240.0,both_officially_proofread,445.815,445.201
720575940623940963,Princeton_2025_unfiltered_point,21528139,post,753056.0,357056.0,138200.0,both_officially_proofread,101.11,82.006
720575940623940963,Princeton_2025_unfiltered_point,21688529,pre,776672.0,365168.0,126720.0,both_officially_proofread,330.276,141.569
720575940623940963,Princeton_2025_unfiltered_point,21762696,pre,746800.0,351264.0,144360.0,both_officially_proofread,648.65,648.65
720575940623940963,Princeton_2025_unfiltered_point,22312842,pre,763792.0,364544.0,126440.0,both_officially_proofread,637.016,575.66
720575940623940963,Princeton_2025_unfiltered_point,22312842,post,763792.0,364544.0,126440.0,both_officially_proofread,637.016,575.66
720575940623940963,Princeton_2025_unfiltered_point,23093515,pre,753040.0,356432.0,138400.0,both_officially_proofread,643.45,642.07
720575940623940963,Princeton_2025_unfiltered_point,23171585,pre,746064.0,351152.0,146760.0,both_officially_proofread,808.968,808.968
720575940623940963,Princeton_2025_unfiltered_point,23955066,post,762048.0,364528.0,128280.0,both_officially_proofread,114.551,44.007
720575940623940963,Princeton_2025_unfiltered_point,23955067,pre,763072.0,364960.0,127600.0,both_officially_proofread,275.066,241.31
720575940623940963,Princeton_2025_unfiltered_point,24579108,pre,744784.0,352208.0,146120.0,both_officially_proofread,616.728,559.029
720575940623940963,Princeton_2025_unfiltered_point,24657151,pre,744784.0,352240.0,146160.0,both_officially_proofread,586.189,513.184
720575940623940963,Princeton_2025_unfiltered_point,24814691,pre,745424.0,351504.0,145480.0,both_officially_proofread,1071.22,1069.645
720575940623940963,Princeton_2025_unfiltered_point,25363501,pre,752864.0,355776.0,139000.0,both_officially_proofread,433.847,433.847
720575940623940963,Princeton_2025_unfiltered_point,25991979,pre,755728.0,359840.0,134200.0,both_officially_proofread,233.908,228.275
720575940623940963,Princeton_2025_unfiltered_point,26460417,pre,752384.0,355424.0,141200.0,both_officially_proofread,553.717,553.717
720575940623940963,Princeton_2025_unfiltered_point,26538863,pre,746400.0,352512.0,147240.0,both_officially_proofread,477.636,477.636
720575940623940963,Princeton_2025_unfiltered_point,27951213,post,757696.0,362608.0,131640.0,both_officially_proofread,273.748,119.204
720575940623940963,Princeton_2025_unfiltered_point,28028717,pre,761952.0,364544.0,127720.0,both_officially_proofread,484.932,465.528
720575940623940963,Princeton_2025_unfiltered_point,28108172,pre,766016.0,364192.0,127280.0,both_officially_proofread,264.215,246.859
720575940623940963,Princeton_2025_unfiltered_point,28340865,pre,753776.0,357040.0,137200.0,both_officially_proofread,394.432,316.433
720575940623940963,Princeton_2025_unfiltered_point,29046458,pre,753008.0,355744.0,139040.0,both_officially_proofread,460.211,460.09
720575940623940963,Princeton_2025_unfiltered_point,29125904,post,755936.0,360496.0,134480.0,both_officially_proofread,433.165,402.832
720575940623940963,Princeton_2025_unfiltered_point,30380478,pre,770256.0,364576.0,126880.0,both_officially_proofread,322.253,263.354
720575940623940963,Princeton_2025_unfiltered_point,30770220,pre,757072.0,361280.0,131960.0,both_officially_proofread,313.397,305.294
720575940623940963,Princeton_2025_unfiltered_point,31159795,pre,747760.0,351536.0,144440.0,both_officially_proofread,360.01,359.901
720575940623940963,Princeton_2025_unfiltered_point,31237814,post,752336.0,355376.0,140480.0,both_officially_proofread,177.757,176.176
720575940623940963,Princeton_2025_unfiltered_point,31785088,pre,747680.0,351504.0,144760.0,both_officially_proofread,494.616,483.972
720575940623940963,Princeton_2025_unfiltered_point,31786424,post,755504.0,360176.0,135080.0,both_officially_proofread,591.153,576.379
720575940623940963,Princeton_2025_unfiltered_point,32176183,pre,748448.0,352672.0,142680.0,both_officially_proofread,386.144,335.785
720575940623940963,Princeton_2025_unfiltered_point,32176352,pre,746656.0,351120.0,144560.0,both_officially_proofread,797.232,797.232
720575940623940963,Princeton_2025_unfiltered_point,32489941,pre,754048.0,357136.0,137120.0,both_officially_proofread,244.511,244.511
720575940623940963,Princeton_2025_unfiltered_point,33117540,pre,756752.0,360672.0,133080.0,both_officially_proofread,243.398,144.573
720575940623940963,Princeton_2025_unfiltered_point,33272350,pre,753760.0,357056.0,137200.0,both_officially_proofread,392.211,311.77
720575940623940963,Princeton_2025_unfiltered_point,33350918,post,747376.0,351744.0,147320.0,both_officially_proofread,1162.307,1162.307
720575940623940963,Princeton_2025_unfiltered_point,35625185,pre,747216.0,352272.0,147040.0,both_officially_proofread,774.865,774.865
720575940623940963,Princeton_2025_unfiltered_point,35783478,post,757248.0,361376.0,131640.0,both_officially_proofread,482.371,414.058
720575940623940963,Princeton_2025_unfiltered_point,35940215,pre,756064.0,360096.0,133600.0,both_officially_proofread,438.418,385.777
720575940623940963,Princeton_2025_unfiltered_point,36878567,pre,747136.0,351616.0,146840.0,both_officially_proofread,870.524,870.524
720575940623940963,Princeton_2025_unfiltered_point,36958252,pre,763152.0,364304.0,127240.0,both_officially_proofread,484.6,472.28
720575940623940963,Princeton_2025_unfiltered_point,37739405,pre,749024.0,352752.0,142560.0,both_officially_proofread,311.177,261.182
720575940623940963,Princeton_2025_unfiltered_point,37896187,pre,748592.0,352304.0,143120.0,both_officially_proofread,359.638,280.6
720575940623940963,Princeton_2025_unfiltered_point,37897860,pre,756080.0,360176.0,133560.0,both_officially_proofread,370.644,337.196
720575940623940963,Princeton_2025_unfiltered_point,38446771,pre,755712.0,359696.0,134200.0,both_officially_proofread,317.299,317.299
720575940623940963,Princeton_2025_unfiltered_point,39388160,pre,763072.0,364288.0,127120.0,both_officially_proofread,498.729,435.972
720575940623940963,Princeton_2025_unfiltered_point,39777670,pre,747088.0,352736.0,147120.0,both_officially_proofread,876.072,876.072
720575940623940963,Princeton_2025_unfiltered_point,40482813,pre,748960.0,352672.0,142680.0,both_officially_proofread,278.257,277.43
720575940623940963,Princeton_2025_unfiltered_point,40561261,pre,749024.0,352832.0,142440.0,both_officially_proofread,333.645,233.936
720575940623940963,Princeton_2025_unfiltered_point,40718083,pre,746784.0,353232.0,147240.0,both_officially_proofread,765.646,730.456
720575940623940963,Princeton_2025_unfiltered_point,41266595,pre,746112.0,351328.0,146800.0,both_officially_proofread,706.226,706.226
720575940623940963,Princeton_2025_unfiltered_point,41658600,pre,746832.0,351504.0,144160.0,both_officially_proofread,611.266,611.266
720575940623940963,Princeton_2025_unfiltered_point,41661269,pre,763920.0,365136.0,127840.0,both_officially_proofread,389.902,389.902
720575940623940963,Princeton_2025_unfiltered_point,42129405,pre,745408.0,351536.0,145520.0,both_officially_proofread,1032.312,1028.646
720575940623940963,Princeton_2025_unfiltered_point,42286232,pre,745344.0,351952.0,145640.0,both_officially_proofread,896.678,893.049
720575940623940963,Princeton_2025_unfiltered_point,42444087,post,763424.0,364304.0,127520.0,both_officially_proofread,574.847,574.847
720575940623940963,Princeton_2025_unfiltered_point,42604906,post,789072.0,365856.0,123680.0,both_officially_proofread,168.87,143.669
720575940623940963,Princeton_2025_unfiltered_point,42756070,pre,745392.0,351664.0,145520.0,both_officially_proofread,1008.515,1002.788
720575940623940963,Princeton_2025_unfiltered_point,43854270,pre,757568.0,361552.0,132000.0,both_officially_proofread,339.633,253.946
720575940623940963,Princeton_2025_unfiltered_point,44637174,pre,756016.0,360128.0,133640.0,both_officially_proofread,456.536,375.327
720575940623940963,Princeton_2025_unfiltered_point,44712384,pre,744640.0,352096.0,146120.0,both_officially_proofread,596.817,582.946
720575940623940963,Princeton_2025_unfiltered_point,45108154,pre,770160.0,364560.0,126960.0,both_officially_proofread,329.044,310.718
720575940623940963,Princeton_2025_unfiltered_point,45183743,pre,746752.0,353152.0,147320.0,both_officially_proofread,832.235,800.951
720575940623940963,Princeton_2025_unfiltered_point,46124522,pre,752464.0,355520.0,141200.0,both_officially_proofread,605.88,605.88
720575940623940963,Princeton_2025_unfiltered_point,46597096,post,754832.0,359008.0,134920.0,both_officially_proofread,679.135,679.135
720575940623940963,Princeton_2025_unfiltered_point,46910582,pre,757008.0,360880.0,132800.0,both_officially_proofread,103.257,88.417
720575940623940963,Princeton_2025_unfiltered_point,47378292,pre,746128.0,352208.0,147120.0,both_officially_proofread,343.118,343.118
720575940623940963,Princeton_2025_unfiltered_point,48711117,post,761760.0,363152.0,128320.0,both_officially_proofread,738.175,718.619
720575940623940963,Princeton_2025_unfiltered_point,49257670,pre,746208.0,352112.0,147080.0,both_officially_proofread,323.103,323.103
720575940623940963,Princeton_2025_unfiltered_point,49257677,pre,747056.0,350992.0,146400.0,both_officially_proofread,1105.594,887.797
720575940623940963,Princeton_2025_unfiltered_point,49415398,post,760784.0,363472.0,128920.0,both_officially_proofread,274.212,97.408
720575940623940963,Princeton_2025_unfiltered_point,49728135,post,752112.0,355440.0,139280.0,both_officially_proofread,835.052,678.418
720575940623940963,Princeton_2025_unfiltered_point,50354105,pre,747056.0,351104.0,146480.0,both_officially_proofread,1047.027,904.685
720575940623940963,Princeton_2025_unfiltered_point,50823676,pre,748288.0,352720.0,142760.0,both_officially_proofread,423.025,410.799
720575940623940963,Princeton_2025_unfiltered_point,51292124,pre,744832.0,352304.0,146200.0,both_officially_proofread,585.098,468.949
720575940623940963,Princeton_2025_unfiltered_point,51374757,pre,770032.0,364464.0,126760.0,both_officially_proofread,374.781,372.023
720575940623940963,Princeton_2025_unfiltered_point,52235662,pre,755664.0,359184.0,135800.0,both_officially_proofread,341.333,333.515
720575940623940963,Princeton_2025_unfiltered_point,52390334,pre,745280.0,352640.0,145640.0,both_officially_proofread,1178.62,1091.917
720575940623940963,Princeton_2025_unfiltered_point,52782372,pre,752928.0,356432.0,138600.0,both_officially_proofread,471.474,471.474
720575940623940963,Princeton_2025_unfiltered_point,52860967,post,747008.0,351504.0,147120.0,both_officially_proofread,967.436,967.436
720575940623940963,Princeton_2025_unfiltered_point,53018994,pre,756016.0,360016.0,133920.0,both_officially_proofread,371.268,341.575
720575940623940963,Princeton_2025_unfiltered_point,53645398,post,754800.0,358544.0,135880.0,both_officially_proofread,479.274,479.274
720575940623940963,Princeton_2025_unfiltered_point,54192357,pre,747408.0,351232.0,145680.0,both_officially_proofread,751.694,627.488
720575940623940963,Princeton_2025_unfiltered_point,54740846,pre,746112.0,351488.0,146880.0,both_officially_proofread,653.571,653.571
720575940623940963,Princeton_2025_unfiltered_point,54820945,pre,757536.0,361696.0,132320.0,both_officially_proofread,364.543,348.882
720575940623940963,Princeton_2025_unfiltered_point,54899394,post,756896.0,360960.0,132760.0,both_officially_proofread,129.299,111.839
720575940623940963,Princeton_2025_unfiltered_point,55055185,pre,747392.0,351184.0,145520.0,both_officially_proofread,750.193,629.798
720575940623940963,Princeton_2025_unfiltered_point,55134923,pre,755920.0,359840.0,134080.0,both_officially_proofread,398.309,329.363
720575940623940963,Princeton_2025_unfiltered_point,55524531,post,746912.0,351552.0,143920.0,both_officially_proofread,726.364,726.364
720575940623940963,Princeton_2025_unfiltered_point,55995970,post,762176.0,365024.0,128400.0,both_officially_proofread,455.978,455.978
720575940623940963,Princeton_2025_unfiltered_point,56545264,pre,765840.0,364192.0,127280.0,both_officially_proofread,361.015,260.171
720575940623940963,Princeton_2025_unfiltered_point,56933290,pre,747008.0,351648.0,146920.0,both_officially_proofread,783.463,783.463
720575940623940963,Princeton_2025_unfiltered_point,57089941,pre,748656.0,352704.0,142600.0,both_officially_proofread,231.194,229.885
720575940623940963,Princeton_2025_unfiltered_point,57090120,pre,747648.0,351504.0,144840.0,both_officially_proofread,547.553,520.82
720575940623940963,Princeton_2025_unfiltered_point,58499007,pre,744784.0,351808.0,146560.0,both_officially_proofread,675.982,675.982
720575940623940963,Princeton_2025_unfiltered_point,59050532,pre,745408.0,351552.0,145480.0,both_officially_proofread,1063.011,1060.346
720575940623940963,Princeton_2025_unfiltered_point,59207148,pre,749008.0,352672.0,142680.0,both_officially_proofread,312.389,307.787
720575940623940963,Princeton_2025_unfiltered_point,59678548,pre,758624.0,362576.0,130720.0,both_officially_proofread,174.213,106.32
720575940623940963,Princeton_2025_unfiltered_point,59989182,pre,750528.0,354416.0,141360.0,both_officially_proofread,353.982,353.982
720575940623940963,Princeton_2025_unfiltered_point,59989369,pre,745488.0,351472.0,145320.0,both_officially_proofread,1205.211,1098.852
720575940623940963,Princeton_2025_unfiltered_point,59990806,pre,756912.0,361168.0,131960.0,both_officially_proofread,490.735,451.764
720575940623940963,Princeton_2025_unfiltered_point,61008152,pre,748400.0,352720.0,142680.0,both_officially_proofread,406.447,356.239
720575940623940963,Princeton_2025_unfiltered_point,61246700,pre,770144.0,364672.0,127040.0,both_officially_proofread,300.174,279.297
720575940623940963,Princeton_2025_unfiltered_point,61324791,post,763680.0,364560.0,127680.0,both_officially_proofread,464.115,403.317
720575940623940963,Princeton_2025_unfiltered_point,61402029,pre,757024.0,361200.0,131840.0,both_officially_proofread,455.809,453.731
720575940623940963,Princeton_2025_unfiltered_point,61793578,post,754768.0,358128.0,137400.0,both_officially_proofread,416.009,388.652
720575940623940963,Princeton_2025_unfiltered_point,61870386,pre,752992.0,356400.0,138520.0,both_officially_proofread,530.501,530.501
720575940623940963,Princeton_2025_unfiltered_point,62576205,pre,746800.0,351504.0,144160.0,both_officially_proofread,628.658,628.658
720575940623940963,Princeton_2025_unfiltered_point,62654297,pre,753712.0,357360.0,137280.0,both_officially_proofread,308.324,233.868
720575940623940963,Princeton_2025_unfiltered_point,62654297,post,753712.0,357360.0,137280.0,both_officially_proofread,308.324,233.868
720575940623940963,Princeton_2025_unfiltered_point,62811395,pre,745552.0,352448.0,147040.0,both_officially_proofread,296.676,245.637
720575940623940963,Princeton_2025_unfiltered_point,63672582,pre,745504.0,351488.0,145280.0,both_officially_proofread,1233.246,1105.641
720575940623940963,Princeton_2025_unfiltered_point,64220927,post,748032.0,352592.0,143040.0,both_officially_proofread,572.769,503.943
720575940623940963,Princeton_2025_unfiltered_point,64299314,post,747376.0,352800.0,146880.0,both_officially_proofread,1042.587,1042.587
720575940623940963,Princeton_2025_unfiltered_point,65630925,post,751568.0,354944.0,140480.0,both_officially_proofread,669.026,375.543
720575940623940963,Princeton_2025_unfiltered_point,65951549,pre,809440.0,367312.0,127640.0,both_officially_proofread,90.033,87.942
720575940623940963,Princeton_2025_unfiltered_point,66023524,post,763104.0,365184.0,128200.0,both_officially_proofread,893.27,873.488
720575940623940963,Princeton_2025_unfiltered_point,66024018,post,758160.0,362624.0,131000.0,both_officially_proofread,367.465,88.418
720575940623940963,Princeton_2025_unfiltered_point,66099206,pre,744880.0,352144.0,146040.0,both_officially_proofread,753.669,692.612
720575940623940963,Princeton_2025_unfiltered_point,66806910,pre,757088.0,361248.0,131760.0,both_officially_proofread,454.63,453.792
720575940623940963,Princeton_2025_unfiltered_point,66882437,pre,744768.0,352112.0,146080.0,both_officially_proofread,677.918,641.649
720575940623940963,Princeton_2025_unfiltered_point,67195327,pre,744848.0,351744.0,146480.0,both_officially_proofread,657.022,657.022
720575940623940963,Princeton_2025_unfiltered_point,67667598,pre,746768.0,351104.0,146440.0,both_officially_proofread,1036.523,735.612
720575940623940963,Princeton_2025_unfiltered_point,67747276,pre,763072.0,364288.0,127000.0,both_officially_proofread,550.891,448.495
720575940623940963,Princeton_2025_unfiltered_point,67910884,pre,812112.0,367296.0,127960.0,both_officially_proofread,424.062,220.542
720575940623940963,Princeton_2025_unfiltered_point,68061848,pre,758176.0,362256.0,131200.0,both_officially_proofread,388.791,322.656
720575940623940963,Princeton_2025_unfiltered_point,68611776,pre,762144.0,364352.0,127640.0,both_officially_proofread,496.811,486.115
720575940623940963,Princeton_2025_unfiltered_point,68767293,pre,748960.0,352624.0,142760.0,both_officially_proofread,321.656,316.554
720575940623940963,Princeton_2025_unfiltered_point,69081742,pre,752544.0,355488.0,140880.0,both_officially_proofread,383.552,383.552
720575940623940963,Princeton_2025_unfiltered_point,69394651,pre,748512.0,352320.0,143120.0,both_officially_proofread,320.51,244.427
720575940623940963,Princeton_2025_unfiltered_point,69553944,post,759968.0,362960.0,129480.0,both_officially_proofread,289.61,138.003
720575940623940963,Princeton_2025_unfiltered_point,69555196,pre,763840.0,365040.0,127800.0,both_officially_proofread,337.544,337.544
720575940623940963,Princeton_2025_unfiltered_point,69630740,pre,746976.0,352736.0,147200.0,both_officially_proofread,855.747,855.747
720575940623940963,Princeton_2025_unfiltered_point,70181157,pre,763168.0,364272.0,127000.0,both_officially_proofread,592.714,528.145
720575940623940963,Princeton_2025_unfiltered_point,70258368,pre,745776.0,351280.0,146760.0,both_officially_proofread,654.829,645.568
720575940623940963,Princeton_2025_unfiltered_point,70573115,pre,758176.0,362240.0,131080.0,both_officially_proofread,434.565,330.227
720575940623940963,Princeton_2025_unfiltered_point,71672822,pre,776736.0,365056.0,126760.0,both_officially_proofread,332.807,107.123
720575940623940963,Princeton_2025_unfiltered_point,71903644,pre,746896.0,352704.0,147280.0,both_officially_proofread,850.069,846.614
720575940623940963,Princeton_2025_unfiltered_point,72295904,pre,753104.0,356896.0,138240.0,both_officially_proofread,271.818,224.009
720575940623940963,Princeton_2025_unfiltered_point,72530899,pre,747216.0,351232.0,144800.0,both_officially_proofread,541.604,532.46
720575940623940963,Princeton_2025_unfiltered_point,73002085,pre,754720.0,358304.0,136560.0,both_officially_proofread,249.167,216.398
720575940623940963,Princeton_2025_unfiltered_point,73549204,pre,745424.0,351504.0,145400.0,both_officially_proofread,1142.249,1121.16
720575940623940963,Princeton_2025_unfiltered_point,73549218,pre,747136.0,351104.0,146440.0,both_officially_proofread,1037.588,894.561
720575940623940963,Princeton_2025_unfiltered_point,73783065,pre,744512.0,352000.0,146200.0,both_officially_proofread,598.341,596.167
720575940623940963,Princeton_2025_unfiltered_point,74568527,pre,745920.0,351264.0,146800.0,both_officially_proofread,698.377,698.377
720575940623940963,Princeton_2025_unfiltered_point,74724890,post,753328.0,356432.0,139600.0,both_officially_proofread,392.115,184.01
720575940623940963,Princeton_2025_unfiltered_point,75116096,pre,747760.0,351568.0,144680.0,both_officially_proofread,434.01,434.01
720575940623940963,Princeton_2025_unfiltered_point,75195822,pre,757280.0,361824.0,132200.0,both_officially_proofread,349.094,308.909
720575940623940963,Princeton_2025_unfiltered_point,75272285,pre,745424.0,351328.0,145760.0,both_officially_proofread,920.568,910.259
720575940623940963,Princeton_2025_unfiltered_point,75428119,post,752384.0,355360.0,141200.0,both_officially_proofread,545.536,545.536
720575940623940963,Princeton_2025_unfiltered_point,75583439,pre,744560.0,351968.0,146240.0,both_officially_proofread,636.754,627.202
720575940623940963,Princeton_2025_unfiltered_point,75583442,pre,744912.0,351856.0,146640.0,both_officially_proofread,528.318,528.318
720575940623940963,Princeton_2025_unfiltered_point,76132254,pre,744848.0,351872.0,146640.0,both_officially_proofread,588.817,588.817
720575940623940963,Princeton_2025_unfiltered_point,76133727,pre,746400.0,352432.0,145800.0,both_officially_proofread,719.802,683.627
720575940623940963,Princeton_2025_unfiltered_point,76210745,pre,744960.0,351744.0,146360.0,both_officially_proofread,606.351,606.196
720575940623940963,Princeton_2025_unfiltered_point,76760062,pre,746048.0,351920.0,147000.0,both_officially_proofread,472.95,472.95
720575940623940963,Princeton_2025_unfiltered_point,76994538,post,751936.0,355104.0,139920.0,both_officially_proofread,495.281,466.19
720575940623940963,Princeton_2025_unfiltered_point,77620678,pre,747376.0,351232.0,145520.0,both_officially_proofread,700.524,605.938
720575940623940963,Princeton_2025_unfiltered_point,77777856,pre,753840.0,357104.0,137120.0,both_officially_proofread,323.582,302.086
720575940623940963,Princeton_2025_unfiltered_point,78246349,pre,744592.0,352064.0,146120.0,both_officially_proofread,598.101,592.148
720575940623940963,Princeton_2025_unfiltered_point,78326231,pre,746176.0,351408.0,146800.0,both_officially_proofread,682.974,682.974
720575940623940963,Princeton_2025_unfiltered_point,78482335,pre,753744.0,357200.0,137200.0,both_officially_proofread,313.143,249.587
720575940623940963,Princeton_2025_unfiltered_point,78638787,pre,753088.0,356496.0,138320.0,both_officially_proofread,670.734,618.082
720575940623940963,Princeton_2025_unfiltered_point,80049206,post,753024.0,355728.0,141080.0,both_officially_proofread,819.393,819.393
720575940623940963,Princeton_2025_unfiltered_point,80205635,pre,746832.0,351536.0,144160.0,both_officially_proofread,599.63,599.63
720575940623940963,Buhmann_v783_raw_point,33056890,post,754800.0,358564.0,135800.0,both_proofread,526.152,525.9
720575940623940963,Buhmann_v783_raw_point,188251585,pre,747176.0,351576.0,146760.0,both_proofread,915.737,915.737
720575940623940963,Buhmann_v783_raw_point,202767171,pre,757256.0,361288.0,131720.0,both_proofread,437.567,414.855
720575940623940963,Buhmann_v783_raw_point,33053842,post,755992.0,359920.0,135520.0,both_proofread,721.277,715.32
720575940623940963,Buhmann_v783_raw_point,188251631,pre,746036.0,351448.0,146920.0,both_proofread,646.426,646.426
720575940623940963,Buhmann_v783_raw_point,226787830,pre,753788.0,357116.0,137080.0,both_proofread,361.299,343.808
720575940623940963,Buhmann_v783_raw_point,215521234,post,762200.0,365160.0,128520.0,both_proofread,637.009,637.009
720575940623940963,Buhmann_v783_raw_point,202767168,pre,757872.0,362776.0,131640.0,at_least_one_unproofread,452.113,356.264
720575940623940963,Buhmann_v783_raw_point,188251605,pre,746192.0,351296.0,146840.0,both_proofread,787.245,787.245
720575940623940963,Buhmann_v783_raw_point,91311419,pre,770164.0,364516.0,126960.0,at_least_one_unproofread,367.332,349.878
720575940623940963,Buhmann_v783_raw_point,6359478,pre,745344.0,351644.0,145560.0,at_least_one_unproofread,991.365,984.341
720575940623940963,Buhmann_v783_raw_point,215521189,post,764480.0,365212.0,128000.0,at_least_one_unproofread,781.035,781.035
720575940623940963,Buhmann_v783_raw_point,95677333,pre,756544.0,360788.0,133040.0,both_proofread,237.095,192.457
720575940623940963,Buhmann_v783_raw_point,188251590,pre,746280.0,351492.0,146760.0,at_least_one_unproofread,678.295,667.955
720575940623940963,Buhmann_v783_raw_point,215521158,pre,763892.0,364972.0,127760.0,at_least_one_unproofread,361.969,361.969
720575940623940963,Buhmann_v783_raw_point,215521240,post,762204.0,365220.0,128560.0,both_proofread,709.079,709.079
720575940623940963,Buhmann_v783_raw_point,188251632,pre,746132.0,351388.0,146880.0,both_proofread,721.311,721.311
720575940623940963,Buhmann_v783_raw_point,207989555,post,752272.0,355912.0,138880.0,both_proofread,730.599,730.599
720575940623940963,Buhmann_v783_raw_point,91308764,pre,763120.0,364312.0,127280.0,at_least_one_unproofread,462.181,451.583
720575940623940963,Buhmann_v783_raw_point,188251591,pre,747036.0,351600.0,146760.0,at_least_one_unproofread,804.597,804.597
720575940623940963,Buhmann_v783_raw_point,91311412,pre,770252.0,364520.0,126880.0,at_least_one_unproofread,366.712,318.695
720575940623940963,Buhmann_v783_raw_point,91308751,pre,763128.0,364248.0,127200.0,both_proofread,532.083,502.529
720575940623940963,Buhmann_v783_raw_point,188251630,pre,746160.0,351320.0,146880.0,at_least_one_unproofread,778.136,778.136
720575940623940963,Buhmann_v783_raw_point,91308816,post,763512.0,364276.0,127640.0,both_proofread,616.396,588.91
720575940623940963,Buhmann_v783_raw_point,215521226,post,763372.0,365228.0,128440.0,both_proofread,983.531,983.531
720575940623940963,Buhmann_v783_raw_point,34225999,post,756040.0,360632.0,134480.0,both_proofread,481.289,481.177
720575940623940963,Buhmann_v783_raw_point,94592059,pre,756064.0,360136.0,133560.0,both_proofread,409.048,373.494
720575940623940963,Buhmann_v783_raw_point,91311408,pre,769940.0,364452.0,126720.0,at_least_one_unproofread,414.237,391.143
720575940623940963,Buhmann_v783_raw_point,188251606,pre,746216.0,351396.0,146840.0,both_proofread,734.834,734.834
720575940623940963,Buhmann_v783_raw_point,188251691,pre,746200.0,352272.0,147240.0,both_proofread,421.065,421.065
720575940623940963,Buhmann_v783_raw_point,115049224,pre,748504.0,352736.0,142600.0,both_proofread,319.829,309.991
720575940623940963,Buhmann_v783_raw_point,188251677,post,747076.0,351452.0,147200.0,both_proofread,1076.812,1076.812
720575940623940963,Buhmann_v783_raw_point,207984877,pre,753052.0,356436.0,138360.0,both_proofread,682.62,680.044
720575940623940963,Buhmann_v783_raw_point,188251633,pre,746188.0,351508.0,146920.0,both_proofread,709.48,709.48
720575940623940963,Buhmann_v783_raw_point,116364299,post,752356.0,355392.0,141320.0,both_proofread,657.595,657.595
720575940623940963,Buhmann_v783_raw_point,202767266,pre,757320.0,361492.0,132480.0,both_proofread,85.636,85.636
720575940623940963,Buhmann_v783_raw_point,33053793,post,756108.0,359912.0,135280.0,both_proofread,716.827,698.432
720575940623940963,Buhmann_v783_raw_point,91308782,pre,763176.0,364336.0,127320.0,at_least_one_unproofread,465.822,459.266
720575940623940963,Buhmann_v783_raw_point,226787818,post,754060.0,357336.0,136920.0,both_proofread,315.416,315.416
720575940623940963,Buhmann_v783_raw_point,91309066,pre,765048.0,363944.0,127320.0,at_least_one_unproofread,1073.935,654.581
720575940623940963,Buhmann_v783_raw_point,188251592,pre,747124.0,351632.0,146800.0,both_proofread,844.454,844.454
720575940623940963,Buhmann_v783_raw_point,207984966,post,752352.0,355900.0,138960.0,both_proofread,617.762,617.762
720575940623940963,Buhmann_v783_raw_point,94592078,pre,756016.0,360152.0,133680.0,both_proofread,450.363,343.003
720575940623940963,Buhmann_v783_raw_point,33053681,post,754744.0,359024.0,134880.0,both_proofread,765.921,765.921
720575940623940963,Buhmann_v783_raw_point,91308772,pre,763252.0,364276.0,127280.0,at_least_one_unproofread,543.769,537.139
720575940623940963,Buhmann_v783_raw_point,91311415,pre,770104.0,364476.0,126960.0,at_least_one_unproofread,394.661,391.099
720575940623940963,Buhmann_v783_raw_point,226787829,pre,753928.0,357136.0,137120.0,both_proofread,258.09,252.357
720575940623940963,Buhmann_v783_raw_point,188251621,pre,747148.0,351708.0,146920.0,at_least_one_unproofread,837.545,837.545
720575940623940963,Buhmann_v783_raw_point,188251598,pre,747208.0,351644.0,146800.0,both_proofread,897.571,897.571
720575940623940963,Buhmann_v783_raw_point,188251620,pre,747056.0,351700.0,146920.0,both_proofread,777.723,777.723
720575940623940963,Buhmann_v783_raw_point,188251597,pre,746204.0,351332.0,146840.0,both_proofread,768.937,768.937
720575940623940963,Buhmann_v783_raw_point,188251569,pre,747088.0,351124.0,146520.0,both_proofread,1056.316,937.868
720575940623940963,Buhmann_v783_raw_point,6359482,pre,745432.0,351420.0,145720.0,at_least_one_unproofread,900.103,891.91
720575940623940963,Buhmann_v783_raw_point,215521204,post,761872.0,363880.0,128200.0,both_proofread,216.064,216.064
720575940623940963,Buhmann_v783_raw_point,188251642,post,747044.0,351340.0,146960.0,both_proofread,1057.633,1057.633
720575940623940963,Buhmann_v783_raw_point,116364350,pre,752264.0,355228.0,141440.0,both_proofread,767.511,767.511
720575940623940963,Buhmann_v783_raw_point,202767277,post,756872.0,361212.0,132600.0,both_proofread,287.653,208.08
720575940623940963,Buhmann_v783_raw_point,91311413,pre,770288.0,364544.0,126920.0,both_proofread,376.726,302.087
720575940623940963,Buhmann_v783_raw_point,207984879,pre,753076.0,356568.0,138480.0,both_proofread,584.025,569.725
720575940623940963,Buhmann_v783_raw_point,94592065,pre,756056.0,360184.0,133640.0,at_least_one_unproofread,391.561,313.833
720575940623940963,Buhmann_v783_raw_point,188251599,pre,746988.0,351620.0,146840.0,at_least_one_unproofread,772.04,772.04
720575940623940963,Buhmann_v783_raw_point,215521145,pre,762000.0,364456.0,127760.0,at_least_one_unproofread,459.544,439.147
720575940623940963,Buhmann_v783_raw_point,91308747,pre,763148.0,364212.0,127080.0,at_least_one_unproofread,602.537,544.968
720575940623940963,Buhmann_v783_raw_point,6359509,pre,747488.0,351804.0,146160.0,both_proofread,549.613,549.613
720575940623940963,Buhmann_v783_raw_point,116364362,pre,752376.0,355188.0,141520.0,both_proofread,864.469,864.469
720575940623940963,Buhmann_v783_raw_point,91308745,pre,763208.0,364188.0,127040.0,both_proofread,639.311,607.081
720575940623940963,Buhmann_v783_raw_point,91308769,pre,763228.0,364284.0,127280.0,both_proofread,535.995,521.744
720575940623940963,Buhmann_v783_raw_point,207984878,pre,753008.0,356464.0,138440.0,both_proofread,609.546,609.049
720575940623940963,Buhmann_v783_raw_point,6359493,pre,745396.0,351392.0,145880.0,both_proofread,792.589,788.678
720575940631647173,Princeton_2025_unfiltered_point,312395,pre,837520.0,234192.0,127720.0,both_officially_proofread,353.758,345.811
720575940631647173,Princeton_2025_unfiltered_point,312395,post,837520.0,234192.0,127720.0,both_officially_proofread,353.758,345.811
720575940631647173,Princeton_2025_unfiltered_point,469457,pre,849648.0,229008.0,113880.0,both_officially_proofread,416.527,416.526
720575940631647173,Princeton_2025_unfiltered_point,547923,pre,837840.0,233136.0,127400.0,both_officially_proofread,865.441,860.457
720575940631647173,Princeton_2025_unfiltered_point,1880987,pre,844544.0,230592.0,120560.0,both_officially_proofread,644.905,619.734
720575940631647173,Princeton_2025_unfiltered_point,1880988,pre,844736.0,230032.0,117960.0,both_officially_proofread,119.846,43.39
720575940631647173,Princeton_2025_unfiltered_point,1958940,pre,838096.0,233952.0,127960.0,both_officially_proofread,427.229,345.193
720575940631647173,Princeton_2025_unfiltered_point,2115400,pre,840176.0,232960.0,125600.0,both_officially_proofread,357.734,357.734
720575940631647173,Princeton_2025_unfiltered_point,2429016,pre,838144.0,233424.0,126920.0,both_officially_proofread,536.056,490.376
720575940631647173,Princeton_2025_unfiltered_point,3056878,pre,839296.0,233840.0,124680.0,both_officially_proofread,931.766,931.766
720575940631647173,Princeton_2025_unfiltered_point,3213347,post,844960.0,230928.0,119440.0,both_officially_proofread,463.327,444.171
720575940631647173,Princeton_2025_unfiltered_point,3368799,pre,834912.0,235216.0,130920.0,both_officially_proofread,388.728,388.728
720575940631647173,Princeton_2025_unfiltered_point,3447250,pre,844928.0,230656.0,120560.0,both_officially_proofread,422.169,422.169
720575940631647173,Princeton_2025_unfiltered_point,3916119,pre,850736.0,229248.0,113560.0,both_officially_proofread,162.678,130.801
720575940631647173,Princeton_2025_unfiltered_point,4462161,pre,834496.0,235232.0,130080.0,both_officially_proofread,638.104,638.104
720575940631647173,Princeton_2025_unfiltered_point,5166159,pre,834992.0,235472.0,130600.0,both_officially_proofread,421.874,421.874
720575940631647173,Princeton_2025_unfiltered_point,5166617,pre,841776.0,232048.0,123920.0,both_officially_proofread,442.815,390.326
720575940631647173,Princeton_2025_unfiltered_point,5166617,post,841776.0,232048.0,123920.0,both_officially_proofread,442.815,390.326
720575940631647173,Princeton_2025_unfiltered_point,5322957,pre,844608.0,230544.0,120560.0,both_officially_proofread,602.471,602.471
720575940631647173,Princeton_2025_unfiltered_point,5479847,pre,838496.0,233024.0,126120.0,both_officially_proofread,673.702,577.498
720575940631647173,Princeton_2025_unfiltered_point,7124990,pre,849808.0,228720.0,114040.0,both_officially_proofread,351.99,351.99
720575940631647173,Princeton_2025_unfiltered_point,8144245,pre,845008.0,231408.0,119640.0,both_officially_proofread,710.417,692.076
720575940631647173,Princeton_2025_unfiltered_point,8692343,pre,836352.0,235280.0,129160.0,both_officially_proofread,238.012,177.841
720575940631647173,Princeton_2025_unfiltered_point,8692771,pre,842592.0,231936.0,123200.0,both_officially_proofread,265.268,252.035
720575940631647173,Princeton_2025_unfiltered_point,8692794,pre,840816.0,232080.0,123720.0,both_officially_proofread,367.369,189.007
720575940631647173,Princeton_2025_unfiltered_point,9398305,pre,849312.0,228880.0,114200.0,both_officially_proofread,502.315,489.806
720575940631647173,Princeton_2025_unfiltered_point,9476299,pre,841600.0,232048.0,124080.0,both_officially_proofread,300.409,300.409
720575940631647173,Princeton_2025_unfiltered_point,9789426,pre,846304.0,229344.0,117400.0,both_officially_proofread,569.888,569.888
720575940631647173,Princeton_2025_unfiltered_point,10260576,pre,840688.0,232144.0,123840.0,both_officially_proofread,451.21,195.452
720575940631647173,Princeton_2025_unfiltered_point,10496124,pre,849216.0,228720.0,114240.0,both_officially_proofread,457.994,445.993
720575940631647173,Princeton_2025_unfiltered_point,10731922,pre,844416.0,231184.0,121480.0,both_officially_proofread,411.417,190.88
720575940631647173,Princeton_2025_unfiltered_point,10809736,pre,835808.0,234848.0,129120.0,both_officially_proofread,396.127,396.127
720575940631647173,Princeton_2025_unfiltered_point,10888566,pre,841680.0,232032.0,124000.0,both_officially_proofread,364.411,364.411
720575940631647173,Princeton_2025_unfiltered_point,11044415,pre,833728.0,236096.0,131120.0,both_officially_proofread,433.951,408.717
720575940631647173,Princeton_2025_unfiltered_point,11592730,pre,837424.0,233424.0,128640.0,both_officially_proofread,19.886,17.234
720575940631647173,Princeton_2025_unfiltered_point,11827631,post,842032.0,232656.0,123000.0,both_officially_proofread,531.314,527.403
720575940631647173,Princeton_2025_unfiltered_point,11827632,pre,844832.0,230016.0,118040.0,both_officially_proofread,32.245,17.844
720575940631647173,Princeton_2025_unfiltered_point,12453408,pre,844416.0,231344.0,121560.0,both_officially_proofread,293.305,209.798
720575940631647173,Princeton_2025_unfiltered_point,13471769,post,840544.0,232016.0,123360.0,both_officially_proofread,225.985,88.534
720575940631647173,Princeton_2025_unfiltered_point,13550612,pre,844928.0,231296.0,119720.0,both_officially_proofread,573.716,557.524
720575940631647173,Princeton_2025_unfiltered_point,13941385,pre,839040.0,233824.0,126440.0,both_officially_proofread,226.574,225.544
720575940631647173,Princeton_2025_unfiltered_point,14176210,pre,843984.0,230576.0,120160.0,both_officially_proofread,377.275,345.645
720575940631647173,Princeton_2025_unfiltered_point,14332850,pre,842176.0,232128.0,122800.0,both_officially_proofread,273.374,259.555
720575940631647173,Princeton_2025_unfiltered_point,14411436,pre,846352.0,229792.0,116400.0,both_officially_proofread,283.192,282.836
720575940631647173,Princeton_2025_unfiltered_point,14411436,post,846352.0,229792.0,116400.0,both_officially_proofread,283.192,282.836
720575940631647173,Princeton_2025_unfiltered_point,14411467,pre,839088.0,232672.0,125600.0,both_officially_proofread,523.662,492.786
720575940631647173,Princeton_2025_unfiltered_point,14803125,pre,849664.0,229824.0,114240.0,both_officially_proofread,420.362,394.7
720575940631647173,Princeton_2025_unfiltered_point,14881400,pre,845888.0,230080.0,116880.0,both_officially_proofread,291.96,291.96
720575940631647173,Princeton_2025_unfiltered_point,15194093,pre,843552.0,231664.0,121200.0,both_officially_proofread,466.457,281.729
720575940631647173,Princeton_2025_unfiltered_point,15351034,post,843664.0,231344.0,122840.0,both_officially_proofread,687.926,687.926
720575940631647173,Princeton_2025_unfiltered_point,16212062,pre,844672.0,230128.0,118480.0,both_officially_proofread,481.195,352.759
720575940631647173,Princeton_2025_unfiltered_point,16760776,pre,839728.0,233152.0,126000.0,both_officially_proofread,371.471,186.804
720575940631647173,Princeton_2025_unfiltered_point,17388418,pre,842816.0,231984.0,122280.0,both_officially_proofread,375.443,262.086
720575940631647173,Princeton_2025_unfiltered_point,17388418,post,842816.0,231984.0,122280.0,both_officially_proofread,375.443,262.086
720575940631647173,Princeton_2025_unfiltered_point,17544764,pre,849360.0,228704.0,114160.0,both_officially_proofread,602.2,600.454
720575940631647173,Princeton_2025_unfiltered_point,17623021,pre,844512.0,231040.0,121320.0,both_officially_proofread,504.235,330.116
720575940631647173,Princeton_2025_unfiltered_point,18248933,pre,847744.0,229040.0,114960.0,both_officially_proofread,553.351,549.002
720575940631647173,Princeton_2025_unfiltered_point,18641004,pre,849600.0,229616.0,114280.0,both_officially_proofread,298.624,295.405
720575940631647173,Princeton_2025_unfiltered_point,18641004,post,849600.0,229616.0,114280.0,both_officially_proofread,298.624,295.405
720575940631647173,Princeton_2025_unfiltered_point,18797633,pre,843296.0,231872.0,121800.0,both_officially_proofread,317.268,317.268
720575940631647173,Princeton_2025_unfiltered_point,19110408,pre,836864.0,234560.0,128280.0,both_officially_proofread,273.385,159.928
720575940631647173,Princeton_2025_unfiltered_point,19267553,pre,846192.0,229904.0,118520.0,both_officially_proofread,326.246,210.485
720575940631647173,Princeton_2025_unfiltered_point,19267567,pre,838320.0,233456.0,126800.0,both_officially_proofread,322.952,292.817
720575940631647173,Princeton_2025_unfiltered_point,19581482,pre,846816.0,229456.0,116080.0,both_officially_proofread,517.127,500.39
720575940631647173,Princeton_2025_unfiltered_point,19816470,pre,843728.0,231488.0,122600.0,both_officially_proofread,564.314,553.896
720575940631647173,Princeton_2025_unfiltered_point,19972944,pre,839344.0,233488.0,126920.0,both_officially_proofread,595.916,595.916
720575940631647173,Princeton_2025_unfiltered_point,20286266,pre,842928.0,231968.0,123200.0,both_officially_proofread,472.359,438.71
720575940631647173,Princeton_2025_unfiltered_point,20520619,pre,842480.0,231984.0,123240.0,both_officially_proofread,309.251,278.716
720575940631647173,Princeton_2025_unfiltered_point,20910853,pre,834880.0,235520.0,129400.0,both_officially_proofread,361.775,284.866
720575940631647173,Princeton_2025_unfiltered_point,21067975,pre,846384.0,229616.0,116440.0,both_officially_proofread,332.594,332.594
720575940631647173,Princeton_2025_unfiltered_point,23963940,pre,849648.0,229024.0,113960.0,both_officially_proofread,407.197,403.936
720575940631647173,Princeton_2025_unfiltered_point,24981665,pre,843744.0,231312.0,121000.0,both_officially_proofread,714.196,692.769
720575940631647173,Princeton_2025_unfiltered_point,25059214,post,834496.0,235232.0,130080.0,both_officially_proofread,638.104,638.104
720575940631647173,Princeton_2025_unfiltered_point,25059702,pre,838352.0,233072.0,126120.0,both_officially_proofread,682.905,472.213
720575940631647173,Princeton_2025_unfiltered_point,25372962,post,839200.0,232624.0,125000.0,both_officially_proofread,590.357,589.903
720575940631647173,Princeton_2025_unfiltered_point,25529799,pre,843456.0,231552.0,121240.0,both_officially_proofread,435.983,292.018
720575940631647173,Princeton_2025_unfiltered_point,26783356,pre,839136.0,232656.0,125520.0,both_officially_proofread,516.872,485.452
720575940631647173,Princeton_2025_unfiltered_point,26862113,pre,837600.0,233856.0,127800.0,both_officially_proofread,468.968,449.912
720575940631647173,Princeton_2025_unfiltered_point,26862113,post,837600.0,233856.0,127800.0,both_officially_proofread,468.968,449.912
720575940631647173,Princeton_2025_unfiltered_point,27959083,pre,842352.0,231856.0,122520.0,both_officially_proofread,333.018,117.351
720575940631647173,Princeton_2025_unfiltered_point,28271843,pre,840368.0,232464.0,124880.0,both_officially_proofread,571.758,571.758
720575940631647173,Princeton_2025_unfiltered_point,28742669,pre,846272.0,229856.0,118320.0,both_officially_proofread,174.257,161.569
720575940631647173,Princeton_2025_unfiltered_point,28742669,post,846272.0,229856.0,118320.0,both_officially_proofread,174.257,161.569
720575940631647173,Princeton_2025_unfiltered_point,28742699,pre,839088.0,232784.0,125600.0,both_officially_proofread,467.835,404.786
720575940631647173,Princeton_2025_unfiltered_point,28977735,pre,841936.0,232016.0,123640.0,both_officially_proofread,386.759,323.396
720575940631647173,Princeton_2025_unfiltered_point,28978028,pre,848752.0,228368.0,114680.0,both_officially_proofread,434.955,355.096
720575940631647173,Princeton_2025_unfiltered_point,29212152,pre,837680.0,234128.0,127600.0,both_officially_proofread,300.057,241.417
720575940631647173,Princeton_2025_unfiltered_point,29525137,pre,833776.0,236128.0,131160.0,both_officially_proofread,445.087,421.731
720575940631647173,Princeton_2025_unfiltered_point,29525919,post,847904.0,229296.0,116280.0,both_officially_proofread,853.646,853.646
720575940631647173,Princeton_2025_unfiltered_point,30229655,pre,836976.0,234432.0,128120.0,both_officially_proofread,301.828,72.948
720575940631647173,Princeton_2025_unfiltered_point,30308196,pre,834208.0,236144.0,130400.0,both_officially_proofread,371.947,349.646
720575940631647173,Princeton_2025_unfiltered_point,31169426,pre,846336.0,229776.0,116440.0,both_officially_proofread,268.369,264.539
720575940631647173,Princeton_2025_unfiltered_point,31716827,pre,847120.0,229824.0,115400.0,both_officially_proofread,753.703,745.789
720575940631647173,Princeton_2025_unfiltered_point,32029699,pre,846368.0,229664.0,116400.0,both_officially_proofread,331.309,331.309
720575940631647173,Princeton_2025_unfiltered_point,32029994,pre,849568.0,228992.0,114000.0,both_officially_proofread,483.962,482.04
720575940631647173,Princeton_2025_unfiltered_point,32499520,pre,844880.0,229984.0,117960.0,both_officially_proofread,104.925,98.604
720575940631647173,Princeton_2025_unfiltered_point,32499520,post,844880.0,229984.0,117960.0,both_officially_proofread,104.925,98.604
720575940631647173,Princeton_2025_unfiltered_point,32890656,pre,846432.0,229568.0,116480.0,both_officially_proofread,336.962,336.962
720575940631647173,Princeton_2025_unfiltered_point,32890954,pre,848464.0,228544.0,114520.0,both_officially_proofread,223.537,188.438
720575940631647173,Princeton_2025_unfiltered_point,32890954,post,848464.0,228544.0,114520.0,both_officially_proofread,223.537,188.438
720575940631647173,Princeton_2025_unfiltered_point,33047177,pre,845136.0,230976.0,120400.0,both_officially_proofread,393.484,266.252
720575940631647173,Princeton_2025_unfiltered_point,33203277,pre,833824.0,235808.0,130440.0,both_officially_proofread,376.143,192.898
720575940631647173,Princeton_2025_unfiltered_point,33517124,pre,840736.0,231952.0,123720.0,both_officially_proofread,349.64,277.193
720575940631647173,Princeton_2025_unfiltered_point,33517124,post,840736.0,231952.0,123720.0,both_officially_proofread,349.64,277.193
720575940631647173,Princeton_2025_unfiltered_point,33595090,pre,842928.0,231968.0,123200.0,both_officially_proofread,472.359,438.71
720575940631647173,Princeton_2025_unfiltered_point,34457987,pre,838800.0,233056.0,126000.0,both_officially_proofread,581.257,515.775
720575940631647173,Princeton_2025_unfiltered_point,34536781,pre,843920.0,230640.0,120160.0,both_officially_proofread,367.927,327.532
720575940631647173,Princeton_2025_unfiltered_point,35084870,pre,837968.0,233808.0,126960.0,both_officially_proofread,479.671,264.255
720575940631647173,Princeton_2025_unfiltered_point,35398808,pre,842480.0,231872.0,122440.0,both_officially_proofread,361.362,211.273
720575940631647173,Princeton_2025_unfiltered_point,35634781,pre,837584.0,233872.0,127760.0,both_officially_proofread,457.337,439.786
720575940631647173,Princeton_2025_unfiltered_point,36027035,pre,849392.0,228848.0,114120.0,both_officially_proofread,617.578,605.008
720575940631647173,Princeton_2025_unfiltered_point,36104649,pre,835840.0,235712.0,129760.0,both_officially_proofread,330.541,330.541
720575940631647173,Princeton_2025_unfiltered_point,36652830,pre,839520.0,232544.0,125200.0,both_officially_proofread,812.704,774.49
720575940631647173,Princeton_2025_unfiltered_point,37045229,pre,839872.0,232448.0,124040.0,both_officially_proofread,830.762,830.762
720575940631647173,Princeton_2025_unfiltered_point,37279568,post,832480.0,236112.0,131000.0,both_officially_proofread,61.31,25.245
720575940631647173,Princeton_2025_unfiltered_point,38847870,pre,842032.0,232128.0,122960.0,both_officially_proofread,308.958,287.924
720575940631647173,Princeton_2025_unfiltered_point,39083317,pre,847152.0,229376.0,116720.0,both_officially_proofread,313.284,313.284
720575940631647173,Princeton_2025_unfiltered_point,39161635,pre,849536.0,228944.0,114000.0,both_officially_proofread,515.809,515.808
720575940631647173,Princeton_2025_unfiltered_point,39239332,pre,834144.0,235968.0,130320.0,both_officially_proofread,248.866,231.066
720575940631647173,Princeton_2025_unfiltered_point,40021921,pre,837984.0,234192.0,128000.0,both_officially_proofread,278.768,278.755
720575940631647173,Princeton_2025_unfiltered_point,40492741,pre,845984.0,230240.0,116760.0,both_officially_proofread,351.131,342.19
720575940631647173,Princeton_2025_unfiltered_point,40727649,pre,840784.0,233104.0,124920.0,both_officially_proofread,370.026,348.421
720575940631647173,Princeton_2025_unfiltered_point,40727649,post,840784.0,233104.0,124920.0,both_officially_proofread,370.026,348.421
720575940631647173,Princeton_2025_unfiltered_point,40884303,pre,845024.0,231008.0,120760.0,both_officially_proofread,449.043,423.006
720575940631647173,Princeton_2025_unfiltered_point,40962859,pre,839792.0,233488.0,126120.0,both_officially_proofread,463.626,325.734
720575940631647173,Princeton_2025_unfiltered_point,41432898,pre,844864.0,230016.0,117880.0,both_officially_proofread,145.239,141.313
720575940631647173,Princeton_2025_unfiltered_point,41511295,pre,841072.0,232752.0,125080.0,both_officially_proofread,603.564,603.564
720575940631647173,Princeton_2025_unfiltered_point,41746066,pre,834608.0,235328.0,129640.0,both_officially_proofread,637.598,631.252
720575940631647173,Princeton_2025_unfiltered_point,42060480,pre,839984.0,233088.0,125840.0,both_officially_proofread,344.177,193.409
720575940631647173,Princeton_2025_unfiltered_point,42139033,pre,843888.0,230640.0,120200.0,both_officially_proofread,396.637,369.459
720575940631647173,Princeton_2025_unfiltered_point,42452168,pre,836960.0,234480.0,128160.0,both_officially_proofread,258.141,27.652
720575940631647173,Princeton_2025_unfiltered_point,42452168,post,836960.0,234480.0,128160.0,both_officially_proofread,258.141,27.652
720575940631647173,Princeton_2025_unfiltered_point,42687415,pre,840544.0,232672.0,125360.0,both_officially_proofread,562.405,562.405
720575940631647173,Princeton_2025_unfiltered_point,43000551,post,836880.0,233440.0,126240.0,both_officially_proofread,164.103,52.538
720575940631647173,Princeton_2025_unfiltered_point,43392202,pre,842784.0,231552.0,122160.0,both_officially_proofread,519.591,519.591
720575940631647173,Princeton_2025_unfiltered_point,43627477,pre,849072.0,228976.0,114520.0,both_officially_proofread,116.643,82.713
720575940631647173,Princeton_2025_unfiltered_point,43862515,pre,838080.0,234224.0,127920.0,both_officially_proofread,277.907,275.02
720575940631647173,Princeton_2025_unfiltered_point,44331448,pre,835904.0,235728.0,129680.0,both_officially_proofread,287.95,287.95
720575940631647173,Princeton_2025_unfiltered_point,45427912,pre,835040.0,235536.0,130720.0,both_officially_proofread,424.824,424.824
720575940631647173,Princeton_2025_unfiltered_point,45585821,pre,837584.0,233920.0,127760.0,both_officially_proofread,443.998,413.682
720575940631647173,Princeton_2025_unfiltered_point,46290691,post,833696.0,235296.0,130960.0,both_officially_proofread,512.006,376.947
720575940631647173,Princeton_2025_unfiltered_point,46290692,pre,834928.0,235216.0,130800.0,both_officially_proofread,388.728,388.728
720575940631647173,Princeton_2025_unfiltered_point,46683811,pre,842128.0,232048.0,122840.0,both_officially_proofread,297.504,273.585
720575940631647173,Princeton_2025_unfiltered_point,46762148,pre,843744.0,231280.0,122360.0,both_officially_proofread,704.007,677.314
720575940631647173,Princeton_2025_unfiltered_point,47543617,pre,835824.0,234848.0,129120.0,both_officially_proofread,399.318,399.318
720575940631647173,Princeton_2025_unfiltered_point,48327212,pre,836880.0,234544.0,128280.0,both_officially_proofread,266.267,147.085
720575940631647173,Princeton_2025_unfiltered_point,48327709,pre,839120.0,232624.0,125560.0,both_officially_proofread,547.537,522.699
720575940631647173,Princeton_2025_unfiltered_point,48953944,pre,844448.0,230992.0,121320.0,both_officially_proofread,563.8,276.914
720575940631647173,Princeton_2025_unfiltered_point,49110522,pre,836320.0,235200.0,129240.0,both_officially_proofread,313.425,282.392
720575940631647173,Princeton_2025_unfiltered_point,49737278,pre,834896.0,235584.0,129360.0,both_officially_proofread,357.931,273.183
720575940631647173,Princeton_2025_unfiltered_point,50050419,pre,844688.0,230128.0,118440.0,both_officially_proofread,440.228,314.349
720575940631647173,Princeton_2025_unfiltered_point,50050419,post,844688.0,230128.0,118440.0,both_officially_proofread,440.228,314.349
720575940631647173,Princeton_2025_unfiltered_point,50050444,pre,839168.0,233664.0,127080.0,both_officially_proofread,562.01,562.01
720575940631647173,Princeton_2025_unfiltered_point,50363671,pre,838736.0,233920.0,126800.0,both_officially_proofread,346.643,329.763
720575940631647173,Princeton_2025_unfiltered_point,50363671,post,838736.0,233920.0,126800.0,both_officially_proofread,346.643,329.763
720575940631647173,Princeton_2025_unfiltered_point,50520469,pre,849584.0,228976.0,113960.0,both_officially_proofread,467.236,467.125
720575940631647173,Princeton_2025_unfiltered_point,50755176,pre,845936.0,230048.0,117040.0,both_officially_proofread,268.321,268.321
720575940631647173,Princeton_2025_unfiltered_point,50990139,pre,839216.0,233456.0,126920.0,both_officially_proofread,532.162,532.162
720575940631647173,Princeton_2025_unfiltered_point,50990140,pre,839056.0,234032.0,126720.0,both_officially_proofread,555.472,553.437
720575940631647173,Princeton_2025_unfiltered_point,50990140,post,839056.0,234032.0,126720.0,both_officially_proofread,555.472,553.437
720575940631647173,Princeton_2025_unfiltered_point,51303237,pre,847024.0,229408.0,115960.0,both_officially_proofread,652.14,624.595
720575940631647173,Princeton_2025_unfiltered_point,51616621,pre,834624.0,235552.0,129520.0,both_officially_proofread,549.589,484.093
720575940631647173,Princeton_2025_unfiltered_point,51616623,post,833856.0,234944.0,130920.0,both_officially_proofread,460.703,429.001
720575940631647173,Princeton_2025_unfiltered_point,52556943,pre,850048.0,229376.0,114640.0,both_officially_proofread,329.265,318.312
720575940631647173,Princeton_2025_unfiltered_point,52791510,pre,836656.0,234560.0,128400.0,both_officially_proofread,486.613,381.925
720575940631647173,Princeton_2025_unfiltered_point,53027114,pre,842000.0,232112.0,122960.0,both_officially_proofread,319.891,302.4
720575940631647173,Princeton_2025_unfiltered_point,53575374,post,844080.0,230736.0,119800.0,both_officially_proofread,82.91,63.709
720575940631647173,Princeton_2025_unfiltered_point,54045131,pre,844816.0,230336.0,117880.0,both_officially_proofread,253.015,251.493
720575940631647173,Princeton_2025_unfiltered_point,54358441,pre,835664.0,234912.0,129120.0,both_officially_proofread,335.962,335.962
720575940631647173,Princeton_2025_unfiltered_point,54829080,pre,839984.0,232400.0,124000.0,both_officially_proofread,755.57,755.57
720575940631647173,Princeton_2025_unfiltered_point,55064705,pre,841648.0,232016.0,124000.0,both_officially_proofread,354.785,354.785
720575940631647173,Princeton_2025_unfiltered_point,55064997,pre,848304.0,229680.0,114920.0,both_officially_proofread,297.348,258.017
720575940631647173,Princeton_2025_unfiltered_point,55534210,pre,843664.0,231424.0,122720.0,both_officially_proofread,586.64,586.64
720575940631647173,Princeton_2025_unfiltered_point,56004554,pre,844672.0,230160.0,118480.0,both_officially_proofread,491.408,341.714
720575940631647173,Princeton_2025_unfiltered_point,56239333,post,845296.0,230176.0,120200.0,both_officially_proofread,529.827,529.827
720575940631647173,Princeton_2025_unfiltered_point,56630394,pre,844928.0,231536.0,119760.0,both_officially_proofread,719.229,678.037
720575940631647173,Princeton_2025_unfiltered_point,56786803,pre,838256.0,233920.0,127840.0,both_officially_proofread,288.417,143.727
720575940631647173,Princeton_2025_unfiltered_point,57099250,pre,837136.0,234400.0,128040.0,both_officially_proofread,264.123,235.811
720575940631647173,Princeton_2025_unfiltered_point,57256989,post,837760.0,233200.0,127280.0,both_officially_proofread,853.552,797.218
720575940631647173,Princeton_2025_unfiltered_point,57413356,pre,837536.0,234064.0,128280.0,both_officially_proofread,385.415,182.868
720575940631647173,Princeton_2025_unfiltered_point,57413356,post,837536.0,234064.0,128280.0,both_officially_proofread,385.415,182.868
720575940631647173,Princeton_2025_unfiltered_point,57413357,pre,841072.0,232752.0,125000.0,both_officially_proofread,536.424,536.424
720575940631647173,Princeton_2025_unfiltered_point,57569211,pre,841744.0,232096.0,123920.0,both_officially_proofread,392.211,369.688
720575940631647173,Princeton_2025_unfiltered_point,58588281,pre,838720.0,233712.0,126680.0,both_officially_proofread,250.036,200.172
720575940631647173,Princeton_2025_unfiltered_point,58823461,pre,843008.0,231808.0,122080.0,both_officially_proofread,516.012,508.925
720575940631647173,Princeton_2025_unfiltered_point,58823461,post,843008.0,231808.0,122080.0,both_officially_proofread,516.012,508.925
720575940631647173,Princeton_2025_unfiltered_point,59060057,pre,838400.0,233040.0,126160.0,both_officially_proofread,684.05,501.868
720575940631647173,Princeton_2025_unfiltered_point,61566125,pre,844880.0,230448.0,117960.0,both_officially_proofread,346.52,294.773
720575940631647173,Princeton_2025_unfiltered_point,61958411,pre,844832.0,230400.0,117960.0,both_officially_proofread,294.484,255.529
720575940631647173,Princeton_2025_unfiltered_point,62036769,pre,851152.0,229216.0,113920.0,both_officially_proofread,300.046,92.681
720575940631647173,Princeton_2025_unfiltered_point,62428829,post,837536.0,234144.0,128280.0,both_officially_proofread,321.368,178.808
720575940631647173,Princeton_2025_unfiltered_point,62899621,pre,849328.0,228896.0,114160.0,both_officially_proofread,542.535,526.89
720575940631647173,Princeton_2025_unfiltered_point,63055429,pre,846144.0,229984.0,118600.0,both_officially_proofread,419.044,200.791
720575940631647173,Princeton_2025_unfiltered_point,63446470,pre,846944.0,229248.0,116720.0,both_officially_proofread,253.884,230.187
720575940631647173,Princeton_2025_unfiltered_point,63602763,post,836288.0,234608.0,128480.0,both_officially_proofread,675.264,675.172
720575940631647173,Princeton_2025_unfiltered_point,63681582,pre,833888.0,235984.0,130480.0,both_officially_proofread,363.488,234.894
720575940631647173,Princeton_2025_unfiltered_point,63682050,pre,843008.0,231888.0,123080.0,both_officially_proofread,387.93,383.847
720575940631647173,Princeton_2025_unfiltered_point,64152143,pre,834928.0,235232.0,130920.0,both_officially_proofread,390.474,390.474
720575940631647173,Princeton_2025_unfiltered_point,64309125,pre,847136.0,229328.0,116680.0,both_officially_proofread,302.067,302.067
720575940631647173,Princeton_2025_unfiltered_point,64623346,pre,845136.0,229984.0,117480.0,both_officially_proofread,593.631,369.604
720575940631647173,Princeton_2025_unfiltered_point,64779455,pre,839072.0,232688.0,125600.0,both_officially_proofread,506.177,475.734
720575940631647173,Princeton_2025_unfiltered_point,64779455,post,839072.0,232688.0,125600.0,both_officially_proofread,506.177,475.734
720575940631647173,Princeton_2025_unfiltered_point,64857835,pre,839072.0,232768.0,125720.0,both_officially_proofread,556.197,493.141
720575940631647173,Princeton_2025_unfiltered_point,65405705,pre,844976.0,230400.0,117800.0,both_officially_proofread,354.613,170.68
720575940631647173,Princeton_2025_unfiltered_point,66110196,pre,842832.0,231952.0,122280.0,both_officially_proofread,358.81,280.994
720575940631647173,Princeton_2025_unfiltered_point,66110227,pre,839888.0,232464.0,124080.0,both_officially_proofread,865.376,865.376
720575940631647173,Princeton_2025_unfiltered_point,66500897,pre,834368.0,235472.0,129840.0,both_officially_proofread,571.114,571.114
720575940631647173,Princeton_2025_unfiltered_point,66579726,pre,848672.0,228432.0,114560.0,both_officially_proofread,287.143,207.037
720575940631647173,Princeton_2025_unfiltered_point,66658086,pre,839248.0,233232.0,125520.0,both_officially_proofread,417.988,53.267
720575940631647173,Princeton_2025_unfiltered_point,67363368,pre,839104.0,234032.0,126680.0,both_officially_proofread,546.288,538.201
720575940631647173,Princeton_2025_unfiltered_point,67519784,pre,833632.0,236080.0,131200.0,both_officially_proofread,445.391,428.271
720575940631647173,Princeton_2025_unfiltered_point,68227263,pre,849776.0,228672.0,114040.0,both_officially_proofread,408.031,408.031
720575940631647173,Princeton_2025_unfiltered_point,68384255,pre,838944.0,233744.0,126440.0,both_officially_proofread,192.432,170.423
720575940631647173,Princeton_2025_unfiltered_point,68542054,pre,838304.0,233488.0,126800.0,both_officially_proofread,328.003,294.809
720575940631647173,Princeton_2025_unfiltered_point,69013000,pre,847776.0,229008.0,114960.0,both_officially_proofread,590.697,583.949
720575940631647173,Princeton_2025_unfiltered_point,69091431,pre,838176.0,233456.0,126880.0,both_officially_proofread,481.487,439.263
720575940631647173,Princeton_2025_unfiltered_point,69091431,post,838176.0,233456.0,126880.0,both_officially_proofread,481.487,439.263
720575940631647173,Princeton_2025_unfiltered_point,69562347,pre,849568.0,229520.0,114320.0,both_officially_proofread,274.623,274.431
720575940631647173,Princeton_2025_unfiltered_point,69796942,pre,835808.0,235408.0,129600.0,both_officially_proofread,238.932,228.272
720575940631647173,Princeton_2025_unfiltered_point,69876291,pre,845664.0,230000.0,119600.0,both_officially_proofread,884.753,809.563
720575940631647173,Princeton_2025_unfiltered_point,71286554,pre,837680.0,234080.0,127600.0,both_officially_proofread,295.343,250.595
720575940631647173,Princeton_2025_unfiltered_point,71834825,pre,849728.0,229760.0,114320.0,both_officially_proofread,309.153,285.994
720575940631647173,Princeton_2025_unfiltered_point,72148631,pre,844496.0,231216.0,121440.0,both_officially_proofread,427.143,280.145
720575940631647173,Princeton_2025_unfiltered_point,72461926,post,836000.0,234608.0,129240.0,both_officially_proofread,621.619,567.708
720575940631647173,Princeton_2025_unfiltered_point,73088818,pre,843712.0,231472.0,121080.0,both_officially_proofread,648.672,540.716
720575940631647173,Princeton_2025_unfiltered_point,73715008,pre,836416.0,235168.0,129200.0,both_officially_proofread,311.103,296.225
720575940631647173,Princeton_2025_unfiltered_point,74264720,pre,844880.0,230688.0,120600.0,both_officially_proofread,477.214,477.214
720575940631647173,Princeton_2025_unfiltered_point,75281780,pre,843632.0,231520.0,121120.0,both_officially_proofread,605.123,451.161
720575940631647173,Princeton_2025_unfiltered_point,76221500,pre,836704.0,234432.0,128360.0,both_officially_proofread,389.14,301.5
720575940631647173,Princeton_2025_unfiltered_point,76300109,pre,844448.0,230480.0,120520.0,both_officially_proofread,716.356,650.092
720575940631647173,Princeton_2025_unfiltered_point,76534874,pre,848224.0,228944.0,114960.0,both_officially_proofread,825.209,747.257
720575940631647173,Princeton_2025_unfiltered_point,76690957,pre,839936.0,232976.0,125800.0,both_officially_proofread,401.942,289.378
720575940631647173,Princeton_2025_unfiltered_point,76691252,post,847120.0,230368.0,117920.0,both_officially_proofread,177.181,135.999
720575940631647173,Princeton_2025_unfiltered_point,76925439,pre,842592.0,231920.0,122400.0,both_officially_proofread,413.446,125.237
720575940631647173,Princeton_2025_unfiltered_point,77160426,pre,844464.0,230992.0,121280.0,both_officially_proofread,545.162,316.433
720575940631647173,Princeton_2025_unfiltered_point,77473635,pre,848560.0,228496.0,114560.0,both_officially_proofread,245.999,181.197
720575940631647173,Princeton_2025_unfiltered_point,78022014,pre,836240.0,234624.0,128480.0,both_officially_proofread,705.901,704.569
720575940631647173,Princeton_2025_unfiltered_point,79117874,pre,838848.0,234384.0,127000.0,both_officially_proofread,749.957,736.282
720575940631647173,Princeton_2025_unfiltered_point,79431499,pre,843664.0,231280.0,122560.0,both_officially_proofread,680.741,678.24
720575940631647173,Princeton_2025_unfiltered_point,79745552,pre,838336.0,233968.0,127800.0,both_officially_proofread,248.871,74.042
720575940631647173,Princeton_2025_unfiltered_point,79745552,post,838336.0,233968.0,127800.0,both_officially_proofread,248.871,74.042
720575940631647173,Princeton_2025_unfiltered_point,79902618,pre,846976.0,229456.0,115920.0,both_officially_proofread,680.671,641.472
